"country","iso2c","iso3c","year","status","lastupdated","pop","lifeExp","region","capital","longitude","latitude","income","lending"
"Afghanistan","AF","AFG",2011,"","2026-01-28",29347708,61.25,"South Asia","Kabul","69.1761","34.5228","Low income","IDA"
"Afghanistan","AF","AFG",2006,"","2026-01-28",25424094,58.553,"South Asia","Kabul","69.1761","34.5228","Low income","IDA"
"Afghanistan","AF","AFG",2007,"","2026-01-28",25909852,58.956,"South Asia","Kabul","69.1761","34.5228","Low income","IDA"
"Afghanistan","AF","AFG",2019,"","2026-01-28",37856121,62.941,"South Asia","Kabul","69.1761","34.5228","Low income","IDA"
"Afghanistan","AF","AFG",2021,"","2026-01-28",40000412,60.417,"South Asia","Kabul","69.1761","34.5228","Low income","IDA"
"Afghanistan","AF","AFG",2024,"","2026-01-28",42647492,NA,"South Asia","Kabul","69.1761","34.5228","Low income","IDA"
"Afghanistan","AF","AFG",2003,"","2026-01-28",22733049,57.171,"South Asia","Kabul","69.1761","34.5228","Low income","IDA"
"Afghanistan","AF","AFG",2004,"","2026-01-28",23560654,57.81,"South Asia","Kabul","69.1761","34.5228","Low income","IDA"
"Afghanistan","AF","AFG",2010,"","2026-01-28",28284089,60.702,"South Asia","Kabul","69.1761","34.5228","Low income","IDA"
"Afghanistan","AF","AFG",2012,"","2026-01-28",30560034,61.735,"South Asia","Kabul","69.1761","34.5228","Low income","IDA"
"Afghanistan","AF","AFG",2013,"","2026-01-28",31622704,62.188,"South Asia","Kabul","69.1761","34.5228","Low income","IDA"
"Afghanistan","AF","AFG",2014,"","2026-01-28",32792523,62.26,"South Asia","Kabul","69.1761","34.5228","Low income","IDA"
"Afghanistan","AF","AFG",2008,"","2026-01-28",26482622,59.708,"South Asia","Kabul","69.1761","34.5228","Low income","IDA"
"Afghanistan","AF","AFG",2017,"","2026-01-28",35688935,62.406,"South Asia","Kabul","69.1761","34.5228","Low income","IDA"
"Afghanistan","AF","AFG",2018,"","2026-01-28",36743039,62.443,"South Asia","Kabul","69.1761","34.5228","Low income","IDA"
"Afghanistan","AF","AFG",2009,"","2026-01-28",27466101,60.248,"South Asia","Kabul","69.1761","34.5228","Low income","IDA"
"Afghanistan","AF","AFG",2016,"","2026-01-28",34700612,62.646,"South Asia","Kabul","69.1761","34.5228","Low income","IDA"
"Afghanistan","AF","AFG",2023,"","2026-01-28",41454761,66.035,"South Asia","Kabul","69.1761","34.5228","Low income","IDA"
"Afghanistan","AF","AFG",2002,"","2026-01-28",21378117,56.225,"South Asia","Kabul","69.1761","34.5228","Low income","IDA"
"Afghanistan","AF","AFG",2000,"","2026-01-28",20130327,55.005,"South Asia","Kabul","69.1761","34.5228","Low income","IDA"
"Afghanistan","AF","AFG",2005,"","2026-01-28",24404567,58.247,"South Asia","Kabul","69.1761","34.5228","Low income","IDA"
"Afghanistan","AF","AFG",2001,"","2026-01-28",20284307,55.511,"South Asia","Kabul","69.1761","34.5228","Low income","IDA"
"Afghanistan","AF","AFG",2015,"","2026-01-28",33831764,62.27,"South Asia","Kabul","69.1761","34.5228","Low income","IDA"
"Afghanistan","AF","AFG",2020,"","2026-01-28",39068979,61.454,"South Asia","Kabul","69.1761","34.5228","Low income","IDA"
"Afghanistan","AF","AFG",2022,"","2026-01-28",40578842,65.617,"South Asia","Kabul","69.1761","34.5228","Low income","IDA"
"Africa Eastern and Southern","ZH","AFE",2001,"","2026-01-28",416807868,52.8755360536287,"Aggregates","","","","Aggregates","Aggregates"
"Africa Eastern and Southern","ZH","AFE",2009,"","2026-01-28",516003448,58.0955271436463,"Aggregates","","","","Aggregates","Aggregates"
"Africa Eastern and Southern","ZH","AFE",2006,"","2026-01-28",475606210,55.6935152578453,"Aggregates","","","","Aggregates","Aggregates"
"Africa Eastern and Southern","ZH","AFE",2000,"","2026-01-28",406156661,52.5573418626777,"Aggregates","","","","Aggregates","Aggregates"
"Africa Eastern and Southern","ZH","AFE",2020,"","2026-01-28",694446100,63.7664840026943,"Aggregates","","","","Aggregates","Aggregates"
"Africa Eastern and Southern","ZH","AFE",2003,"","2026-01-28",439173286,53.6783047685822,"Aggregates","","","","Aggregates","Aggregates"
"Africa Eastern and Southern","ZH","AFE",2008,"","2026-01-28",502070763,57.2401063228798,"Aggregates","","","","Aggregates","Aggregates"
"Africa Eastern and Southern","ZH","AFE",2011,"","2026-01-28",544737983,59.2000040300701,"Aggregates","","","","Aggregates","Aggregates"
"Africa Eastern and Southern","ZH","AFE",2012,"","2026-01-28",559609961,60.2495123598467,"Aggregates","","","","Aggregates","Aggregates"
"Africa Eastern and Southern","ZH","AFE",2007,"","2026-01-28",488580707,56.4843531784534,"Aggregates","","","","Aggregates","Aggregates"
"Africa Eastern and Southern","ZH","AFE",2002,"","2026-01-28",427820358,53.2067443343026,"Aggregates","","","","Aggregates","Aggregates"
"Africa Eastern and Southern","ZH","AFE",2005,"","2026-01-28",463076637,54.8076807136336,"Aggregates","","","","Aggregates","Aggregates"
"Africa Eastern and Southern","ZH","AFE",2014,"","2026-01-28",590968990,61.2514360156709,"Aggregates","","","","Aggregates","Aggregates"
"Africa Eastern and Southern","ZH","AFE",2013,"","2026-01-28",575202699,60.895739752772,"Aggregates","","","","Aggregates","Aggregates"
"Africa Eastern and Southern","ZH","AFE",2018,"","2026-01-28",657801085,63.3306913582336,"Aggregates","","","","Aggregates","Aggregates"
"Africa Eastern and Southern","ZH","AFE",2019,"","2026-01-28",675950189,63.8572612837043,"Aggregates","","","","Aggregates","Aggregates"
"Africa Eastern and Southern","ZH","AFE",2017,"","2026-01-28",640058741,62.5912750961501,"Aggregates","","","","Aggregates","Aggregates"
"Africa Eastern and Southern","ZH","AFE",2015,"","2026-01-28",607123269,61.713030523495,"Aggregates","","","","Aggregates","Aggregates"
"Africa Eastern and Southern","ZH","AFE",2023,"","2026-01-28",750491370,65.1461543479959,"Aggregates","","","","Aggregates","Aggregates"
"Africa Eastern and Southern","ZH","AFE",2010,"","2026-01-28",530308387,58.8272792062821,"Aggregates","","","","Aggregates","Aggregates"
"Africa Eastern and Southern","ZH","AFE",2021,"","2026-01-28",713090928,62.9799991857494,"Aggregates","","","","Aggregates","Aggregates"
"Africa Eastern and Southern","ZH","AFE",2022,"","2026-01-28",731821393,64.4870195456608,"Aggregates","","","","Aggregates","Aggregates"
"Africa Eastern and Southern","ZH","AFE",2024,"","2026-01-28",769280888,NA,"Aggregates","","","","Aggregates","Aggregates"
"Africa Eastern and Southern","ZH","AFE",2004,"","2026-01-28",450928044,54.1929278660434,"Aggregates","","","","Aggregates","Aggregates"
"Africa Eastern and Southern","ZH","AFE",2016,"","2026-01-28",623369401,62.1679813169199,"Aggregates","","","","Aggregates","Aggregates"
"Africa Western and Central","ZI","AFW",2011,"","2026-01-28",374790143,54.9639734890226,"Aggregates","","","","Aggregates","Aggregates"
"Africa Western and Central","ZI","AFW",2021,"","2026-01-28",485920997,57.3625716910274,"Aggregates","","","","Aggregates","Aggregates"
"Africa Western and Central","ZI","AFW",2022,"","2026-01-28",497387180,57.9878133945189,"Aggregates","","","","Aggregates","Aggregates"
"Africa Western and Central","ZI","AFW",2019,"","2026-01-28",463365429,57.1498467555118,"Aggregates","","","","Aggregates","Aggregates"
"Africa Western and Central","ZI","AFW",2009,"","2026-01-28",354343844,53.852245462001,"Aggregates","","","","Aggregates","Aggregates"
"Africa Western and Central","ZI","AFW",2008,"","2026-01-28",344586109,53.9162616333208,"Aggregates","","","","Aggregates","Aggregates"
"Africa Western and Central","ZI","AFW",2010,"","2026-01-28",364358270,54.603353213388,"Aggregates","","","","Aggregates","Aggregates"
"Africa Western and Central","ZI","AFW",2012,"","2026-01-28",385360349,55.2927058217917,"Aggregates","","","","Aggregates","Aggregates"
"Africa Western and Central","ZI","AFW",2013,"","2026-01-28",396030207,55.5549074075857,"Aggregates","","","","Aggregates","Aggregates"
"Africa Western and Central","ZI","AFW",2014,"","2026-01-28",406992047,55.6954463398569,"Aggregates","","","","Aggregates","Aggregates"
"Africa Western and Central","ZI","AFW",2015,"","2026-01-28",418127845,56.0383356484355,"Aggregates","","","","Aggregates","Aggregates"
"Africa Western and Central","ZI","AFW",2000,"","2026-01-28",274968446,50.2979830815751,"Aggregates","","","","Aggregates","Aggregates"
"Africa Western and Central","ZI","AFW",2016,"","2026-01-28",429454743,56.3924518507367,"Aggregates","","","","Aggregates","Aggregates"
"Africa Western and Central","ZI","AFW",2017,"","2026-01-28",440882906,56.6264388112566,"Aggregates","","","","Aggregates","Aggregates"
"Africa Western and Central","ZI","AFW",2018,"","2026-01-28",452195915,57.036976441386,"Aggregates","","","","Aggregates","Aggregates"
"Africa Western and Central","ZI","AFW",2005,"","2026-01-28",316588476,52.5557531001128,"Aggregates","","","","Aggregates","Aggregates"
"Africa Western and Central","ZI","AFW",2023,"","2026-01-28",509398589,58.8557215483276,"Aggregates","","","","Aggregates","Aggregates"
"Africa Western and Central","ZI","AFW",2024,"","2026-01-28",521764076,NA,"Aggregates","","","","Aggregates","Aggregates"
"Africa Western and Central","ZI","AFW",2002,"","2026-01-28",290841795,51.1080235711343,"Aggregates","","","","Aggregates","Aggregates"
"Africa Western and Central","ZI","AFW",2003,"","2026-01-28",299142845,51.5781222446253,"Aggregates","","","","Aggregates","Aggregates"
"Africa Western and Central","ZI","AFW",2004,"","2026-01-28",307725100,52.1060830935761,"Aggregates","","","","Aggregates","Aggregates"
"Africa Western and Central","ZI","AFW",2006,"","2026-01-28",325663158,52.9787097061283,"Aggregates","","","","Aggregates","Aggregates"
"Africa Western and Central","ZI","AFW",2007,"","2026-01-28",334984176,53.482431405345,"Aggregates","","","","Aggregates","Aggregates"
"Africa Western and Central","ZI","AFW",2001,"","2026-01-28",282780717,50.6777904131384,"Aggregates","","","","Aggregates","Aggregates"
"Africa Western and Central","ZI","AFW",2020,"","2026-01-28",474569351,57.3644254011107,"Aggregates","","","","Aggregates","Aggregates"
"Albania","AL","ALB",2010,"","2026-01-28",2913021,78.414,"Europe & Central Asia","Tirane","19.8172","41.3317","Upper middle income","IBRD"
"Albania","AL","ALB",2002,"","2026-01-28",3051010,75.299,"Europe & Central Asia","Tirane","19.8172","41.3317","Upper middle income","IBRD"
"Albania","AL","ALB",2000,"","2026-01-28",3089027,74.826,"Europe & Central Asia","Tirane","19.8172","41.3317","Upper middle income","IBRD"
"Albania","AL","ALB",2005,"","2026-01-28",3011487,76.427,"Europe & Central Asia","Tirane","19.8172","41.3317","Upper middle income","IBRD"
"Albania","AL","ALB",2016,"","2026-01-28",2689469,78.643,"Europe & Central Asia","Tirane","19.8172","41.3317","Upper middle income","IBRD"
"Albania","AL","ALB",2003,"","2026-01-28",3039616,75.557,"Europe & Central Asia","Tirane","19.8172","41.3317","Upper middle income","IBRD"
"Albania","AL","ALB",2001,"","2026-01-28",3060173,75.083,"Europe & Central Asia","Tirane","19.8172","41.3317","Upper middle income","IBRD"
"Albania","AL","ALB",2024,"","2026-01-28",2377128,NA,"Europe & Central Asia","Tirane","19.8172","41.3317","Upper middle income","IBRD"
"Albania","AL","ALB",2014,"","2026-01-28",2773767,78.029,"Europe & Central Asia","Tirane","19.8172","41.3317","Upper middle income","IBRD"
"Albania","AL","ALB",2011,"","2026-01-28",2905195,78.303,"Europe & Central Asia","Tirane","19.8172","41.3317","Upper middle income","IBRD"
"Albania","AL","ALB",2004,"","2026-01-28",3026939,75.951,"Europe & Central Asia","Tirane","19.8172","41.3317","Upper middle income","IBRD"
"Albania","AL","ALB",2013,"","2026-01-28",2816902,77.995,"Europe & Central Asia","Tirane","19.8172","41.3317","Upper middle income","IBRD"
"Albania","AL","ALB",2018,"","2026-01-28",2607733,79.238,"Europe & Central Asia","Tirane","19.8172","41.3317","Upper middle income","IBRD"
"Albania","AL","ALB",2015,"","2026-01-28",2731293,78.358,"Europe & Central Asia","Tirane","19.8172","41.3317","Upper middle income","IBRD"
"Albania","AL","ALB",2023,"","2026-01-28",2414095,79.602,"Europe & Central Asia","Tirane","19.8172","41.3317","Upper middle income","IBRD"
"Albania","AL","ALB",2017,"","2026-01-28",2648285,78.9,"Europe & Central Asia","Tirane","19.8172","41.3317","Upper middle income","IBRD"
"Albania","AL","ALB",2009,"","2026-01-28",2927519,78.509,"Europe & Central Asia","Tirane","19.8172","41.3317","Upper middle income","IBRD"
"Albania","AL","ALB",2021,"","2026-01-28",2489762,76.844,"Europe & Central Asia","Tirane","19.8172","41.3317","Upper middle income","IBRD"
"Albania","AL","ALB",2012,"","2026-01-28",2860708,78.084,"Europe & Central Asia","Tirane","19.8172","41.3317","Upper middle income","IBRD"
"Albania","AL","ALB",2008,"","2026-01-28",2947314,78.248,"Europe & Central Asia","Tirane","19.8172","41.3317","Upper middle income","IBRD"
"Albania","AL","ALB",2007,"","2026-01-28",2970017,77.691,"Europe & Central Asia","Tirane","19.8172","41.3317","Upper middle income","IBRD"
"Albania","AL","ALB",2006,"","2026-01-28",2992547,76.994,"Europe & Central Asia","Tirane","19.8172","41.3317","Upper middle income","IBRD"
"Albania","AL","ALB",2019,"","2026-01-28",2567801,79.467,"Europe & Central Asia","Tirane","19.8172","41.3317","Upper middle income","IBRD"
"Albania","AL","ALB",2022,"","2026-01-28",2451636,78.769,"Europe & Central Asia","Tirane","19.8172","41.3317","Upper middle income","IBRD"
"Albania","AL","ALB",2020,"","2026-01-28",2528480,77.824,"Europe & Central Asia","Tirane","19.8172","41.3317","Upper middle income","IBRD"
"Algeria","DZ","DZA",2013,"","2026-01-28",38414171,74.809,"Middle East & North Africa","Algiers","3.05097","36.7397","Upper middle income","IBRD"
"Algeria","DZ","DZA",2001,"","2026-01-28",31331221,71.025,"Middle East & North Africa","Algiers","3.05097","36.7397","Upper middle income","IBRD"
"Algeria","DZ","DZA",2002,"","2026-01-28",31750835,71.644,"Middle East & North Africa","Algiers","3.05097","36.7397","Upper middle income","IBRD"
"Algeria","DZ","DZA",2000,"","2026-01-28",30903893,70.576,"Middle East & North Africa","Algiers","3.05097","36.7397","Upper middle income","IBRD"
"Algeria","DZ","DZA",2004,"","2026-01-28",32628286,72.536,"Middle East & North Africa","Algiers","3.05097","36.7397","Upper middle income","IBRD"
"Algeria","DZ","DZA",2005,"","2026-01-28",33109249,72.836,"Middle East & North Africa","Algiers","3.05097","36.7397","Upper middle income","IBRD"
"Algeria","DZ","DZA",2007,"","2026-01-28",34189416,73.346,"Middle East & North Africa","Algiers","3.05097","36.7397","Upper middle income","IBRD"
"Algeria","DZ","DZA",2003,"","2026-01-28",32175818,71.906,"Middle East & North Africa","Algiers","3.05097","36.7397","Upper middle income","IBRD"
"Algeria","DZ","DZA",2012,"","2026-01-28",37646166,74.609,"Middle East & North Africa","Algiers","3.05097","36.7397","Upper middle income","IBRD"
"Algeria","DZ","DZA",2022,"","2026-01-28",45477389,76.129,"Middle East & North Africa","Algiers","3.05097","36.7397","Upper middle income","IBRD"
"Algeria","DZ","DZA",2023,"","2026-01-28",46164219,76.261,"Middle East & North Africa","Algiers","3.05097","36.7397","Upper middle income","IBRD"
"Algeria","DZ","DZA",2008,"","2026-01-28",34816961,73.618,"Middle East & North Africa","Algiers","3.05097","36.7397","Upper middle income","IBRD"
"Algeria","DZ","DZA",2015,"","2026-01-28",40019529,75.159,"Middle East & North Africa","Algiers","3.05097","36.7397","Upper middle income","IBRD"
"Algeria","DZ","DZA",2016,"","2026-01-28",40850721,75.31,"Middle East & North Africa","Algiers","3.05097","36.7397","Upper middle income","IBRD"
"Algeria","DZ","DZA",2017,"","2026-01-28",41689299,75.431,"Middle East & North Africa","Algiers","3.05097","36.7397","Upper middle income","IBRD"
"Algeria","DZ","DZA",2014,"","2026-01-28",39205031,74.992,"Middle East & North Africa","Algiers","3.05097","36.7397","Upper middle income","IBRD"
"Algeria","DZ","DZA",2006,"","2026-01-28",33623506,73.116,"Middle East & North Africa","Algiers","3.05097","36.7397","Upper middle income","IBRD"
"Algeria","DZ","DZA",2009,"","2026-01-28",35490445,73.871,"Middle East & North Africa","Algiers","3.05097","36.7397","Upper middle income","IBRD"
"Algeria","DZ","DZA",2010,"","2026-01-28",36188236,74.144,"Middle East & North Africa","Algiers","3.05097","36.7397","Upper middle income","IBRD"
"Algeria","DZ","DZA",2018,"","2026-01-28",42505035,75.555,"Middle East & North Africa","Algiers","3.05097","36.7397","Upper middle income","IBRD"
"Algeria","DZ","DZA",2011,"","2026-01-28",36903376,74.383,"Middle East & North Africa","Algiers","3.05097","36.7397","Upper middle income","IBRD"
"Algeria","DZ","DZA",2021,"","2026-01-28",44761099,75.208,"Middle East & North Africa","Algiers","3.05097","36.7397","Upper middle income","IBRD"
"Algeria","DZ","DZA",2020,"","2026-01-28",44042091,73.257,"Middle East & North Africa","Algiers","3.05097","36.7397","Upper middle income","IBRD"
"Algeria","DZ","DZA",2024,"","2026-01-28",46814308,NA,"Middle East & North Africa","Algiers","3.05097","36.7397","Upper middle income","IBRD"
"Algeria","DZ","DZA",2019,"","2026-01-28",43294546,75.682,"Middle East & North Africa","Algiers","3.05097","36.7397","Upper middle income","IBRD"
"American Samoa","AS","ASM",2023,"","2026-01-28",47521,72.852,"East Asia & Pacific","Pago Pago","-170.691","-14.2846","High income","Not classified"
"American Samoa","AS","ASM",2020,"","2026-01-28",49761,72.672,"East Asia & Pacific","Pago Pago","-170.691","-14.2846","High income","Not classified"
"American Samoa","AS","ASM",2016,"","2026-01-28",52245,72.64,"East Asia & Pacific","Pago Pago","-170.691","-14.2846","High income","Not classified"
"American Samoa","AS","ASM",2018,"","2026-01-28",50908,72.794,"East Asia & Pacific","Pago Pago","-170.691","-14.2846","High income","Not classified"
"American Samoa","AS","ASM",2007,"","2026-01-28",56113,72.365,"East Asia & Pacific","Pago Pago","-170.691","-14.2846","High income","Not classified"
"American Samoa","AS","ASM",2021,"","2026-01-28",49225,72.708,"East Asia & Pacific","Pago Pago","-170.691","-14.2846","High income","Not classified"
"American Samoa","AS","ASM",2022,"","2026-01-28",48342,72.752,"East Asia & Pacific","Pago Pago","-170.691","-14.2846","High income","Not classified"
"American Samoa","AS","ASM",2006,"","2026-01-28",56374,72.397,"East Asia & Pacific","Pago Pago","-170.691","-14.2846","High income","Not classified"
"American Samoa","AS","ASM",2013,"","2026-01-28",54006,72.769,"East Asia & Pacific","Pago Pago","-170.691","-14.2846","High income","Not classified"
"American Samoa","AS","ASM",2024,"","2026-01-28",46765,NA,"East Asia & Pacific","Pago Pago","-170.691","-14.2846","High income","Not classified"
"American Samoa","AS","ASM",2015,"","2026-01-28",52878,72.654,"East Asia & Pacific","Pago Pago","-170.691","-14.2846","High income","Not classified"
"American Samoa","AS","ASM",2003,"","2026-01-28",56971,71.698,"East Asia & Pacific","Pago Pago","-170.691","-14.2846","High income","Not classified"
"American Samoa","AS","ASM",2019,"","2026-01-28",50209,72.751,"East Asia & Pacific","Pago Pago","-170.691","-14.2846","High income","Not classified"
"American Samoa","AS","ASM",2001,"","2026-01-28",57053,71.573,"East Asia & Pacific","Pago Pago","-170.691","-14.2846","High income","Not classified"
"American Samoa","AS","ASM",2002,"","2026-01-28",57062,71.755,"East Asia & Pacific","Pago Pago","-170.691","-14.2846","High income","Not classified"
"American Samoa","AS","ASM",2010,"","2026-01-28",55228,72.587,"East Asia & Pacific","Pago Pago","-170.691","-14.2846","High income","Not classified"
"American Samoa","AS","ASM",2004,"","2026-01-28",56818,72.277,"East Asia & Pacific","Pago Pago","-170.691","-14.2846","High income","Not classified"
"American Samoa","AS","ASM",2005,"","2026-01-28",56617,72.382,"East Asia & Pacific","Pago Pago","-170.691","-14.2846","High income","Not classified"
"American Samoa","AS","ASM",2009,"","2026-01-28",55528,70.839,"East Asia & Pacific","Pago Pago","-170.691","-14.2846","High income","Not classified"
"American Samoa","AS","ASM",2000,"","2026-01-28",56855,71.443,"East Asia & Pacific","Pago Pago","-170.691","-14.2846","High income","Not classified"
"American Samoa","AS","ASM",2011,"","2026-01-28",54895,72.662,"East Asia & Pacific","Pago Pago","-170.691","-14.2846","High income","Not classified"
"American Samoa","AS","ASM",2012,"","2026-01-28",54489,72.709,"East Asia & Pacific","Pago Pago","-170.691","-14.2846","High income","Not classified"
"American Samoa","AS","ASM",2014,"","2026-01-28",53466,72.687,"East Asia & Pacific","Pago Pago","-170.691","-14.2846","High income","Not classified"
"American Samoa","AS","ASM",2008,"","2026-01-28",55828,72.43,"East Asia & Pacific","Pago Pago","-170.691","-14.2846","High income","Not classified"
"American Samoa","AS","ASM",2017,"","2026-01-28",51586,72.801,"East Asia & Pacific","Pago Pago","-170.691","-14.2846","High income","Not classified"
"Andorra","AD","AND",2006,"","2026-01-28",79585,83.374,"Europe & Central Asia","Andorra la Vella","1.5218","42.5075","High income","Not classified"
"Andorra","AD","AND",2017,"","2026-01-28",73763,84.359,"Europe & Central Asia","Andorra la Vella","1.5218","42.5075","High income","Not classified"
"Andorra","AD","AND",2005,"","2026-01-28",77421,83.086,"Europe & Central Asia","Andorra la Vella","1.5218","42.5075","High income","Not classified"
"Andorra","AD","AND",2015,"","2026-01-28",72174,84.532,"Europe & Central Asia","Andorra la Vella","1.5218","42.5075","High income","Not classified"
"Andorra","AD","AND",2008,"","2026-01-28",83495,83.855,"Europe & Central Asia","Andorra la Vella","1.5218","42.5075","High income","Not classified"
"Andorra","AD","AND",2009,"","2026-01-28",83888,84.1,"Europe & Central Asia","Andorra la Vella","1.5218","42.5075","High income","Not classified"
"Andorra","AD","AND",2000,"","2026-01-28",65685,81.863,"Europe & Central Asia","Andorra la Vella","1.5218","42.5075","High income","Not classified"
"Andorra","AD","AND",2007,"","2026-01-28",81877,83.632,"Europe & Central Asia","Andorra la Vella","1.5218","42.5075","High income","Not classified"
"Andorra","AD","AND",2002,"","2026-01-28",66506,82.448,"Europe & Central Asia","Andorra la Vella","1.5218","42.5075","High income","Not classified"
"Andorra","AD","AND",2003,"","2026-01-28",69486,82.718,"Europe & Central Asia","Andorra la Vella","1.5218","42.5075","High income","Not classified"
"Andorra","AD","AND",2004,"","2026-01-28",74325,82.815,"Europe & Central Asia","Andorra la Vella","1.5218","42.5075","High income","Not classified"
"Andorra","AD","AND",2014,"","2026-01-28",73737,84.485,"Europe & Central Asia","Andorra la Vella","1.5218","42.5075","High income","Not classified"
"Andorra","AD","AND",2013,"","2026-01-28",75194,84.406,"Europe & Central Asia","Andorra la Vella","1.5218","42.5075","High income","Not classified"
"Andorra","AD","AND",2016,"","2026-01-28",72181,84.489,"Europe & Central Asia","Andorra la Vella","1.5218","42.5075","High income","Not classified"
"Andorra","AD","AND",2020,"","2026-01-28",77380,79.418,"Europe & Central Asia","Andorra la Vella","1.5218","42.5075","High income","Not classified"
"Andorra","AD","AND",2022,"","2026-01-28",79705,84.016,"Europe & Central Asia","Andorra la Vella","1.5218","42.5075","High income","Not classified"
"Andorra","AD","AND",2018,"","2026-01-28",75162,84.242,"Europe & Central Asia","Andorra la Vella","1.5218","42.5075","High income","Not classified"
"Andorra","AD","AND",2019,"","2026-01-28",76474,84.098,"Europe & Central Asia","Andorra la Vella","1.5218","42.5075","High income","Not classified"
"Andorra","AD","AND",2011,"","2026-01-28",77783,84.296,"Europe & Central Asia","Andorra la Vella","1.5218","42.5075","High income","Not classified"
"Andorra","AD","AND",2023,"","2026-01-28",80856,84.041,"Europe & Central Asia","Andorra la Vella","1.5218","42.5075","High income","Not classified"
"Andorra","AD","AND",2001,"","2026-01-28",65852,82.162,"Europe & Central Asia","Andorra la Vella","1.5218","42.5075","High income","Not classified"
"Andorra","AD","AND",2024,"","2026-01-28",81938,NA,"Europe & Central Asia","Andorra la Vella","1.5218","42.5075","High income","Not classified"
"Andorra","AD","AND",2010,"","2026-01-28",80706,84.197,"Europe & Central Asia","Andorra la Vella","1.5218","42.5075","High income","Not classified"
"Andorra","AD","AND",2012,"","2026-01-28",76834,84.334,"Europe & Central Asia","Andorra la Vella","1.5218","42.5075","High income","Not classified"
"Andorra","AD","AND",2021,"","2026-01-28",78364,82.331,"Europe & Central Asia","Andorra la Vella","1.5218","42.5075","High income","Not classified"
"Angola","AO","AGO",2010,"","2026-01-28",23294825,57.242,"Sub-Saharan Africa","Luanda","13.242","-8.81155","Lower middle income","IBRD"
"Angola","AO","AGO",2007,"","2026-01-28",20778561,54.2,"Sub-Saharan Africa","Luanda","13.242","-8.81155","Lower middle income","IBRD"
"Angola","AO","AGO",2009,"","2026-01-28",22414773,56.225,"Sub-Saharan Africa","Luanda","13.242","-8.81155","Lower middle income","IBRD"
"Angola","AO","AGO",2017,"","2026-01-28",30234839,62.122,"Sub-Saharan Africa","Luanda","13.242","-8.81155","Lower middle income","IBRD"
"Angola","AO","AGO",2011,"","2026-01-28",24218352,58.093,"Sub-Saharan Africa","Luanda","13.242","-8.81155","Lower middle income","IBRD"
"Angola","AO","AGO",2021,"","2026-01-28",34532429,62.958,"Sub-Saharan Africa","Luanda","13.242","-8.81155","Lower middle income","IBRD"
"Angola","AO","AGO",2022,"","2026-01-28",35635029,64.246,"Sub-Saharan Africa","Luanda","13.242","-8.81155","Lower middle income","IBRD"
"Angola","AO","AGO",2023,"","2026-01-28",36749906,64.617,"Sub-Saharan Africa","Luanda","13.242","-8.81155","Lower middle income","IBRD"
"Angola","AO","AGO",2014,"","2026-01-28",27160769,60.396,"Sub-Saharan Africa","Luanda","13.242","-8.81155","Lower middle income","IBRD"
"Angola","AO","AGO",2012,"","2026-01-28",25177394,58.916,"Sub-Saharan Africa","Luanda","13.242","-8.81155","Lower middle income","IBRD"
"Angola","AO","AGO",2013,"","2026-01-28",26165620,59.705,"Sub-Saharan Africa","Luanda","13.242","-8.81155","Lower middle income","IBRD"
"Angola","AO","AGO",2002,"","2026-01-28",17327699,47.874,"Sub-Saharan Africa","Luanda","13.242","-8.81155","Lower middle income","IBRD"
"Angola","AO","AGO",2019,"","2026-01-28",32375632,63.051,"Sub-Saharan Africa","Luanda","13.242","-8.81155","Lower middle income","IBRD"
"Angola","AO","AGO",2020,"","2026-01-28",33451132,63.116,"Sub-Saharan Africa","Luanda","13.242","-8.81155","Lower middle income","IBRD"
"Angola","AO","AGO",2016,"","2026-01-28",29183070,61.619,"Sub-Saharan Africa","Luanda","13.242","-8.81155","Lower middle income","IBRD"
"Angola","AO","AGO",2008,"","2026-01-28",21578655,55.281,"Sub-Saharan Africa","Luanda","13.242","-8.81155","Lower middle income","IBRD"
"Angola","AO","AGO",2006,"","2026-01-28",20015279,52.965,"Sub-Saharan Africa","Luanda","13.242","-8.81155","Lower middle income","IBRD"
"Angola","AO","AGO",2003,"","2026-01-28",17943712,50.218,"Sub-Saharan Africa","Luanda","13.242","-8.81155","Lower middle income","IBRD"
"Angola","AO","AGO",2005,"","2026-01-28",19291161,52.13,"Sub-Saharan Africa","Luanda","13.242","-8.81155","Lower middle income","IBRD"
"Angola","AO","AGO",2000,"","2026-01-28",16194869,46.501,"Sub-Saharan Africa","Luanda","13.242","-8.81155","Lower middle income","IBRD"
"Angola","AO","AGO",2001,"","2026-01-28",16747208,47.032,"Sub-Saharan Africa","Luanda","13.242","-8.81155","Lower middle income","IBRD"
"Angola","AO","AGO",2024,"","2026-01-28",37885849,NA,"Sub-Saharan Africa","Luanda","13.242","-8.81155","Lower middle income","IBRD"
"Angola","AO","AGO",2015,"","2026-01-28",28157798,61.042,"Sub-Saharan Africa","Luanda","13.242","-8.81155","Lower middle income","IBRD"
"Angola","AO","AGO",2004,"","2026-01-28",18600423,51.123,"Sub-Saharan Africa","Luanda","13.242","-8.81155","Lower middle income","IBRD"
"Angola","AO","AGO",2018,"","2026-01-28",31297155,62.622,"Sub-Saharan Africa","Luanda","13.242","-8.81155","Lower middle income","IBRD"
"Antigua and Barbuda","AG","ATG",2020,"","2026-01-28",91846,77.161,"Latin America & Caribbean","Saint John's","-61.8456","17.1175","High income","IBRD"
"Antigua and Barbuda","AG","ATG",2023,"","2026-01-28",93316,77.598,"Latin America & Caribbean","Saint John's","-61.8456","17.1175","High income","IBRD"
"Antigua and Barbuda","AG","ATG",2024,"","2026-01-28",93772,NA,"Latin America & Caribbean","Saint John's","-61.8456","17.1175","High income","IBRD"
"Antigua and Barbuda","AG","ATG",2018,"","2026-01-28",90926,77.132,"Latin America & Caribbean","Saint John's","-61.8456","17.1175","High income","IBRD"
"Antigua and Barbuda","AG","ATG",2019,"","2026-01-28",91364,77.168,"Latin America & Caribbean","Saint John's","-61.8456","17.1175","High income","IBRD"
"Antigua and Barbuda","AG","ATG",2005,"","2026-01-28",79611,75.364,"Latin America & Caribbean","Saint John's","-61.8456","17.1175","High income","IBRD"
"Antigua and Barbuda","AG","ATG",2022,"","2026-01-28",92840,77.483,"Latin America & Caribbean","Saint John's","-61.8456","17.1175","High income","IBRD"
"Antigua and Barbuda","AG","ATG",2000,"","2026-01-28",74912,74.819,"Latin America & Caribbean","Saint John's","-61.8456","17.1175","High income","IBRD"
"Antigua and Barbuda","AG","ATG",2001,"","2026-01-28",76069,75.108,"Latin America & Caribbean","Saint John's","-61.8456","17.1175","High income","IBRD"
"Antigua and Barbuda","AG","ATG",2010,"","2026-01-28",85320,76.701,"Latin America & Caribbean","Saint John's","-61.8456","17.1175","High income","IBRD"
"Antigua and Barbuda","AG","ATG",2017,"","2026-01-28",90468,77.03,"Latin America & Caribbean","Saint John's","-61.8456","17.1175","High income","IBRD"
"Antigua and Barbuda","AG","ATG",2011,"","2026-01-28",86332,77.023,"Latin America & Caribbean","Saint John's","-61.8456","17.1175","High income","IBRD"
"Antigua and Barbuda","AG","ATG",2012,"","2026-01-28",87260,77.1,"Latin America & Caribbean","Saint John's","-61.8456","17.1175","High income","IBRD"
"Antigua and Barbuda","AG","ATG",2015,"","2026-01-28",89409,76.892,"Latin America & Caribbean","Saint John's","-61.8456","17.1175","High income","IBRD"
"Antigua and Barbuda","AG","ATG",2021,"","2026-01-28",92349,77.197,"Latin America & Caribbean","Saint John's","-61.8456","17.1175","High income","IBRD"
"Antigua and Barbuda","AG","ATG",2006,"","2026-01-28",80604,75.506,"Latin America & Caribbean","Saint John's","-61.8456","17.1175","High income","IBRD"
"Antigua and Barbuda","AG","ATG",2003,"","2026-01-28",77884,75.313,"Latin America & Caribbean","Saint John's","-61.8456","17.1175","High income","IBRD"
"Antigua and Barbuda","AG","ATG",2004,"","2026-01-28",78719,75.329,"Latin America & Caribbean","Saint John's","-61.8456","17.1175","High income","IBRD"
"Antigua and Barbuda","AG","ATG",2009,"","2026-01-28",84173,76.386,"Latin America & Caribbean","Saint John's","-61.8456","17.1175","High income","IBRD"
"Antigua and Barbuda","AG","ATG",2016,"","2026-01-28",89969,76.968,"Latin America & Caribbean","Saint John's","-61.8456","17.1175","High income","IBRD"
"Antigua and Barbuda","AG","ATG",2007,"","2026-01-28",81704,75.72,"Latin America & Caribbean","Saint John's","-61.8456","17.1175","High income","IBRD"
"Antigua and Barbuda","AG","ATG",2008,"","2026-01-28",82912,76.075,"Latin America & Caribbean","Saint John's","-61.8456","17.1175","High income","IBRD"
"Antigua and Barbuda","AG","ATG",2013,"","2026-01-28",88064,77.05,"Latin America & Caribbean","Saint John's","-61.8456","17.1175","High income","IBRD"
"Antigua and Barbuda","AG","ATG",2014,"","2026-01-28",88765,76.912,"Latin America & Caribbean","Saint John's","-61.8456","17.1175","High income","IBRD"
"Antigua and Barbuda","AG","ATG",2002,"","2026-01-28",77032,75.237,"Latin America & Caribbean","Saint John's","-61.8456","17.1175","High income","IBRD"
"Arab World","1A","ARB",2007,"","2026-01-28",338947976,68.8792264386993,"Aggregates","","","","Aggregates","Aggregates"
"Arab World","1A","ARB",2010,"","2026-01-28",363568534,69.8073221012027,"Aggregates","","","","Aggregates","Aggregates"
"Arab World","1A","ARB",2003,"","2026-01-28",307815105,67.6503349498777,"Aggregates","","","","Aggregates","Aggregates"
"Arab World","1A","ARB",2004,"","2026-01-28",315060277,67.7331029040443,"Aggregates","","","","Aggregates","Aggregates"
"Arab World","1A","ARB",2008,"","2026-01-28",347684619,69.2581327561764,"Aggregates","","","","Aggregates","Aggregates"
"Arab World","1A","ARB",2009,"","2026-01-28",356386673,69.7069035410593,"Aggregates","","","","Aggregates","Aggregates"
"Arab World","1A","ARB",2018,"","2026-01-28",435998060,71.4312997859137,"Aggregates","","","","Aggregates","Aggregates"
"Arab World","1A","ARB",2016,"","2026-01-28",419808341,70.8964881164428,"Aggregates","","","","Aggregates","Aggregates"
"Arab World","1A","ARB",2011,"","2026-01-28",372054934,69.3633376859826,"Aggregates","","","","Aggregates","Aggregates"
"Arab World","1A","ARB",2012,"","2026-01-28",381030177,69.842316602094,"Aggregates","","","","Aggregates","Aggregates"
"Arab World","1A","ARB",2013,"","2026-01-28",390954281,70.1921058451273,"Aggregates","","","","Aggregates","Aggregates"
"Arab World","1A","ARB",2019,"","2026-01-28",444281315,71.8398932674972,"Aggregates","","","","Aggregates","Aggregates"
"Arab World","1A","ARB",2000,"","2026-01-28",286548096,66.8906998949344,"Aggregates","","","","Aggregates","Aggregates"
"Arab World","1A","ARB",2005,"","2026-01-28",322628451,68.0405024136348,"Aggregates","","","","Aggregates","Aggregates"
"Arab World","1A","ARB",2006,"","2026-01-28",330526310,68.4912652387812,"Aggregates","","","","Aggregates","Aggregates"
"Arab World","1A","ARB",2024,"","2026-01-28",492612632,NA,"Aggregates","","","","Aggregates","Aggregates"
"Arab World","1A","ARB",2015,"","2026-01-28",410190679,70.6580123695192,"Aggregates","","","","Aggregates","Aggregates"
"Arab World","1A","ARB",2021,"","2026-01-28",460646603,70.4041144889903,"Aggregates","","","","Aggregates","Aggregates"
"Arab World","1A","ARB",2017,"","2026-01-28",428315886,71.1128560080646,"Aggregates","","","","Aggregates","Aggregates"
"Arab World","1A","ARB",2023,"","2026-01-28",482105978,72.4446783578531,"Aggregates","","","","Aggregates","Aggregates"
"Arab World","1A","ARB",2014,"","2026-01-28",400231008,70.5350666310281,"Aggregates","","","","Aggregates","Aggregates"
"Arab World","1A","ARB",2022,"","2026-01-28",471352066,71.8760955992222,"Aggregates","","","","Aggregates","Aggregates"
"Arab World","1A","ARB",2002,"","2026-01-28",300691509,67.5806302791343,"Aggregates","","","","Aggregates","Aggregates"
"Arab World","1A","ARB",2001,"","2026-01-28",293580252,67.2406170439926,"Aggregates","","","","Aggregates","Aggregates"
"Arab World","1A","ARB",2020,"","2026-01-28",453723239,70.7265588103862,"Aggregates","","","","Aggregates","Aggregates"
"Argentina","AR","ARG",2009,"","2026-01-28",40854831,75.577,"Latin America & Caribbean","Buenos Aires","-58.4173","-34.6118","Upper middle income","IBRD"
"Argentina","AR","ARG",2015,"","2026-01-28",43477012,76.6,"Latin America & Caribbean","Buenos Aires","-58.4173","-34.6118","Upper middle income","IBRD"
"Argentina","AR","ARG",2002,"","2026-01-28",38029349,74.312,"Latin America & Caribbean","Buenos Aires","-58.4173","-34.6118","Upper middle income","IBRD"
"Argentina","AR","ARG",2019,"","2026-01-28",44973465,76.847,"Latin America & Caribbean","Buenos Aires","-58.4173","-34.6118","Upper middle income","IBRD"
"Argentina","AR","ARG",2024,"","2026-01-28",45696159,NA,"Latin America & Caribbean","Buenos Aires","-58.4173","-34.6118","Upper middle income","IBRD"
"Argentina","AR","ARG",2016,"","2026-01-28",43900313,76.105,"Latin America & Caribbean","Buenos Aires","-58.4173","-34.6118","Upper middle income","IBRD"
"Argentina","AR","ARG",2014,"","2026-01-28",43024071,76.268,"Latin America & Caribbean","Buenos Aires","-58.4173","-34.6118","Upper middle income","IBRD"
"Argentina","AR","ARG",2011,"","2026-01-28",41730660,76.1,"Latin America & Caribbean","Buenos Aires","-58.4173","-34.6118","Upper middle income","IBRD"
"Argentina","AR","ARG",2012,"","2026-01-28",42161721,75.802,"Latin America & Caribbean","Buenos Aires","-58.4173","-34.6118","Upper middle income","IBRD"
"Argentina","AR","ARG",2000,"","2026-01-28",37213984,73.91,"Latin America & Caribbean","Buenos Aires","-58.4173","-34.6118","Upper middle income","IBRD"
"Argentina","AR","ARG",2010,"","2026-01-28",41288694,75.68,"Latin America & Caribbean","Buenos Aires","-58.4173","-34.6118","Upper middle income","IBRD"
"Argentina","AR","ARG",2018,"","2026-01-28",44654882,76.77,"Latin America & Caribbean","Buenos Aires","-58.4173","-34.6118","Upper middle income","IBRD"
"Argentina","AR","ARG",2001,"","2026-01-28",37624825,74.154,"Latin America & Caribbean","Buenos Aires","-58.4173","-34.6118","Upper middle income","IBRD"
"Argentina","AR","ARG",2008,"","2026-01-28",40424148,75.428,"Latin America & Caribbean","Buenos Aires","-58.4173","-34.6118","Upper middle income","IBRD"
"Argentina","AR","ARG",2020,"","2026-01-28",45191965,75.878,"Latin America & Caribbean","Buenos Aires","-58.4173","-34.6118","Upper middle income","IBRD"
"Argentina","AR","ARG",2021,"","2026-01-28",45312281,73.948,"Latin America & Caribbean","Buenos Aires","-58.4173","-34.6118","Upper middle income","IBRD"
"Argentina","AR","ARG",2023,"","2026-01-28",45538401,77.395,"Latin America & Caribbean","Buenos Aires","-58.4173","-34.6118","Upper middle income","IBRD"
"Argentina","AR","ARG",2022,"","2026-01-28",45407904,75.806,"Latin America & Caribbean","Buenos Aires","-58.4173","-34.6118","Upper middle income","IBRD"
"Argentina","AR","ARG",2013,"","2026-01-28",42582455,75.829,"Latin America & Caribbean","Buenos Aires","-58.4173","-34.6118","Upper middle income","IBRD"
"Argentina","AR","ARG",2017,"","2026-01-28",44288894,76.543,"Latin America & Caribbean","Buenos Aires","-58.4173","-34.6118","Upper middle income","IBRD"
"Argentina","AR","ARG",2005,"","2026-01-28",39216789,75.231,"Latin America & Caribbean","Buenos Aires","-58.4173","-34.6118","Upper middle income","IBRD"
"Argentina","AR","ARG",2003,"","2026-01-28",38424282,74.307,"Latin America & Caribbean","Buenos Aires","-58.4173","-34.6118","Upper middle income","IBRD"
"Argentina","AR","ARG",2007,"","2026-01-28",40016763,74.783,"Latin America & Caribbean","Buenos Aires","-58.4173","-34.6118","Upper middle income","IBRD"
"Argentina","AR","ARG",2004,"","2026-01-28",38815916,74.871,"Latin America & Caribbean","Buenos Aires","-58.4173","-34.6118","Upper middle income","IBRD"
"Argentina","AR","ARG",2006,"","2026-01-28",39622115,75.279,"Latin America & Caribbean","Buenos Aires","-58.4173","-34.6118","Upper middle income","IBRD"
"Armenia","AM","ARM",2002,"","2026-01-28",3199800,72.8268292682927,"Europe & Central Asia","Yerevan","44.509","40.1596","Upper middle income","IBRD"
"Armenia","AM","ARM",2000,"","2026-01-28",3221100,72.8804878048781,"Europe & Central Asia","Yerevan","44.509","40.1596","Upper middle income","IBRD"
"Armenia","AM","ARM",2001,"","2026-01-28",3211800,72.9756097560976,"Europe & Central Asia","Yerevan","44.509","40.1596","Upper middle income","IBRD"
"Armenia","AM","ARM",2004,"","2026-01-28",3164900,73.0268292682927,"Europe & Central Asia","Yerevan","44.509","40.1596","Upper middle income","IBRD"
"Armenia","AM","ARM",2003,"","2026-01-28",3182500,72.8268292682927,"Europe & Central Asia","Yerevan","44.509","40.1596","Upper middle income","IBRD"
"Armenia","AM","ARM",2024,"","2026-01-28",3033500,NA,"Europe & Central Asia","Yerevan","44.509","40.1596","Upper middle income","IBRD"
"Armenia","AM","ARM",2011,"","2026-01-28",3027900,73.8170731707317,"Europe & Central Asia","Yerevan","44.509","40.1596","Upper middle income","IBRD"
"Armenia","AM","ARM",2010,"","2026-01-28",3044800,73.1731707317073,"Europe & Central Asia","Yerevan","44.509","40.1596","Upper middle income","IBRD"
"Armenia","AM","ARM",2005,"","2026-01-28",3146400,73.0756097560976,"Europe & Central Asia","Yerevan","44.509","40.1596","Upper middle income","IBRD"
"Armenia","AM","ARM",2006,"","2026-01-28",3127100,72.8243902439025,"Europe & Central Asia","Yerevan","44.509","40.1596","Upper middle income","IBRD"
"Armenia","AM","ARM",2014,"","2026-01-28",3013800,74.8731707317073,"Europe & Central Asia","Yerevan","44.509","40.1596","Upper middle income","IBRD"
"Armenia","AM","ARM",2019,"","2026-01-28",2962500,76.2219512195122,"Europe & Central Asia","Yerevan","44.509","40.1596","Upper middle income","IBRD"
"Armenia","AM","ARM",2012,"","2026-01-28",3024100,74.119512195122,"Europe & Central Asia","Yerevan","44.509","40.1596","Upper middle income","IBRD"
"Armenia","AM","ARM",2013,"","2026-01-28",3022000,74.6219512195122,"Europe & Central Asia","Yerevan","44.509","40.1596","Upper middle income","IBRD"
"Armenia","AM","ARM",2017,"","2026-01-28",2979400,75.2170731707317,"Europe & Central Asia","Yerevan","44.509","40.1596","Upper middle income","IBRD"
"Armenia","AM","ARM",2023,"","2026-01-28",2964300,77.4658536585366,"Europe & Central Asia","Yerevan","44.509","40.1596","Upper middle income","IBRD"
"Armenia","AM","ARM",2015,"","2026-01-28",3004600,74.8707317073171,"Europe & Central Asia","Yerevan","44.509","40.1596","Upper middle income","IBRD"
"Armenia","AM","ARM",2016,"","2026-01-28",2992300,74.8682926829268,"Europe & Central Asia","Yerevan","44.509","40.1596","Upper middle income","IBRD"
"Armenia","AM","ARM",2022,"","2026-01-28",2969200,74.7658536585366,"Europe & Central Asia","Yerevan","44.509","40.1596","Upper middle income","IBRD"
"Armenia","AM","ARM",2008,"","2026-01-28",3087100,73.0731707317073,"Europe & Central Asia","Yerevan","44.509","40.1596","Upper middle income","IBRD"
"Armenia","AM","ARM",2018,"","2026-01-28",2969000,75.619512195122,"Europe & Central Asia","Yerevan","44.509","40.1596","Upper middle income","IBRD"
"Armenia","AM","ARM",2007,"","2026-01-28",3107400,72.8731707317073,"Europe & Central Asia","Yerevan","44.509","40.1596","Upper middle income","IBRD"
"Armenia","AM","ARM",2021,"","2026-01-28",2962300,72.2780487804878,"Europe & Central Asia","Yerevan","44.509","40.1596","Upper middle income","IBRD"
"Armenia","AM","ARM",2020,"","2026-01-28",2961500,73.3756097560976,"Europe & Central Asia","Yerevan","44.509","40.1596","Upper middle income","IBRD"
"Armenia","AM","ARM",2009,"","2026-01-28",3066000,73.0731707317073,"Europe & Central Asia","Yerevan","44.509","40.1596","Upper middle income","IBRD"
"Aruba","AW","ABW",2014,"","2026-01-28",106807,75.261,"Latin America & Caribbean","Oranjestad","-70.0167","12.5167","High income","Not classified"
"Aruba","AW","ABW",2015,"","2026-01-28",107906,75.405,"Latin America & Caribbean","Oranjestad","-70.0167","12.5167","High income","Not classified"
"Aruba","AW","ABW",2006,"","2026-01-28",99405,73.498,"Latin America & Caribbean","Oranjestad","-70.0167","12.5167","High income","Not classified"
"Aruba","AW","ABW",2013,"","2026-01-28",105675,75.072,"Latin America & Caribbean","Oranjestad","-70.0167","12.5167","High income","Not classified"
"Aruba","AW","ABW",2007,"","2026-01-28",100150,73.642,"Latin America & Caribbean","Oranjestad","-70.0167","12.5167","High income","Not classified"
"Aruba","AW","ABW",2008,"","2026-01-28",100917,73.783,"Latin America & Caribbean","Oranjestad","-70.0167","12.5167","High income","Not classified"
"Aruba","AW","ABW",2016,"","2026-01-28",108727,75.54,"Latin America & Caribbean","Oranjestad","-70.0167","12.5167","High income","Not classified"
"Aruba","AW","ABW",2017,"","2026-01-28",108735,75.62,"Latin America & Caribbean","Oranjestad","-70.0167","12.5167","High income","Not classified"
"Aruba","AW","ABW",2000,"","2026-01-28",90588,72.939,"Latin America & Caribbean","Oranjestad","-70.0167","12.5167","High income","Not classified"
"Aruba","AW","ABW",2001,"","2026-01-28",91439,73.044,"Latin America & Caribbean","Oranjestad","-70.0167","12.5167","High income","Not classified"
"Aruba","AW","ABW",2009,"","2026-01-28",101604,73.974,"Latin America & Caribbean","Oranjestad","-70.0167","12.5167","High income","Not classified"
"Aruba","AW","ABW",2004,"","2026-01-28",95138,73.223,"Latin America & Caribbean","Oranjestad","-70.0167","12.5167","High income","Not classified"
"Aruba","AW","ABW",2005,"","2026-01-28",97635,73.415,"Latin America & Caribbean","Oranjestad","-70.0167","12.5167","High income","Not classified"
"Aruba","AW","ABW",2024,"","2026-01-28",107995,NA,"Latin America & Caribbean","Oranjestad","-70.0167","12.5167","High income","Not classified"
"Aruba","AW","ABW",2002,"","2026-01-28",92074,73.135,"Latin America & Caribbean","Oranjestad","-70.0167","12.5167","High income","Not classified"
"Aruba","AW","ABW",2019,"","2026-01-28",109203,76.019,"Latin America & Caribbean","Oranjestad","-70.0167","12.5167","High income","Not classified"
"Aruba","AW","ABW",2020,"","2026-01-28",108587,75.406,"Latin America & Caribbean","Oranjestad","-70.0167","12.5167","High income","Not classified"
"Aruba","AW","ABW",2003,"","2026-01-28",93128,73.236,"Latin America & Caribbean","Oranjestad","-70.0167","12.5167","High income","Not classified"
"Aruba","AW","ABW",2018,"","2026-01-28",108908,75.88,"Latin America & Caribbean","Oranjestad","-70.0167","12.5167","High income","Not classified"
"Aruba","AW","ABW",2010,"","2026-01-28",101838,74.297,"Latin America & Caribbean","Oranjestad","-70.0167","12.5167","High income","Not classified"
"Aruba","AW","ABW",2011,"","2026-01-28",102591,74.578,"Latin America & Caribbean","Oranjestad","-70.0167","12.5167","High income","Not classified"
"Aruba","AW","ABW",2012,"","2026-01-28",104110,74.841,"Latin America & Caribbean","Oranjestad","-70.0167","12.5167","High income","Not classified"
"Aruba","AW","ABW",2021,"","2026-01-28",107700,73.655,"Latin America & Caribbean","Oranjestad","-70.0167","12.5167","High income","Not classified"
"Aruba","AW","ABW",2022,"","2026-01-28",107310,76.226,"Latin America & Caribbean","Oranjestad","-70.0167","12.5167","High income","Not classified"
"Aruba","AW","ABW",2023,"","2026-01-28",107359,76.353,"Latin America & Caribbean","Oranjestad","-70.0167","12.5167","High income","Not classified"
"Australia","AU","AUS",2017,"","2026-01-28",24592588,82.5,"East Asia & Pacific","Canberra","149.129","-35.282","High income","Not classified"
"Australia","AU","AUS",2022,"","2026-01-28",26018721,83.2,"East Asia & Pacific","Canberra","149.129","-35.282","High income","Not classified"
"Australia","AU","AUS",2012,"","2026-01-28",22733465,82.0463414634146,"East Asia & Pacific","Canberra","149.129","-35.282","High income","Not classified"
"Australia","AU","AUS",2015,"","2026-01-28",23815995,82.4,"East Asia & Pacific","Canberra","149.129","-35.282","High income","Not classified"
"Australia","AU","AUS",2016,"","2026-01-28",24190907,82.4487804878049,"East Asia & Pacific","Canberra","149.129","-35.282","High income","Not classified"
"Australia","AU","AUS",2004,"","2026-01-28",19932722,80.490243902439,"East Asia & Pacific","Canberra","149.129","-35.282","High income","Not classified"
"Australia","AU","AUS",2014,"","2026-01-28",23475686,82.3,"East Asia & Pacific","Canberra","149.129","-35.282","High income","Not classified"
"Australia","AU","AUS",2019,"","2026-01-28",25334826,82.9,"East Asia & Pacific","Canberra","149.129","-35.282","High income","Not classified"
"Australia","AU","AUS",2021,"","2026-01-28",25685412,83.3,"East Asia & Pacific","Canberra","149.129","-35.282","High income","Not classified"
"Australia","AU","AUS",2010,"","2026-01-28",22031750,81.6951219512195,"East Asia & Pacific","Canberra","149.129","-35.282","High income","Not classified"
"Australia","AU","AUS",2018,"","2026-01-28",24963258,82.7487804878049,"East Asia & Pacific","Canberra","149.129","-35.282","High income","Not classified"
"Australia","AU","AUS",2008,"","2026-01-28",21249199,81.3951219512195,"East Asia & Pacific","Canberra","149.129","-35.282","High income","Not classified"
"Australia","AU","AUS",2023,"","2026-01-28",26659922,83.0512195121951,"East Asia & Pacific","Canberra","149.129","-35.282","High income","Not classified"
"Australia","AU","AUS",2002,"","2026-01-28",19495210,79.9365853658537,"East Asia & Pacific","Canberra","149.129","-35.282","High income","Not classified"
"Australia","AU","AUS",2003,"","2026-01-28",19720737,80.2390243902439,"East Asia & Pacific","Canberra","149.129","-35.282","High income","Not classified"
"Australia","AU","AUS",2000,"","2026-01-28",19028802,79.2341463414634,"East Asia & Pacific","Canberra","149.129","-35.282","High income","Not classified"
"Australia","AU","AUS",2001,"","2026-01-28",19274701,79.6341463414634,"East Asia & Pacific","Canberra","149.129","-35.282","High income","Not classified"
"Australia","AU","AUS",2005,"","2026-01-28",20176844,80.8414634146341,"East Asia & Pacific","Canberra","149.129","-35.282","High income","Not classified"
"Australia","AU","AUS",2020,"","2026-01-28",25649248,83.2,"East Asia & Pacific","Canberra","149.129","-35.282","High income","Not classified"
"Australia","AU","AUS",2011,"","2026-01-28",22340024,81.8951219512195,"East Asia & Pacific","Canberra","149.129","-35.282","High income","Not classified"
"Australia","AU","AUS",2007,"","2026-01-28",20827622,81.2926829268293,"East Asia & Pacific","Canberra","149.129","-35.282","High income","Not classified"
"Australia","AU","AUS",2013,"","2026-01-28",23128129,82.1487804878049,"East Asia & Pacific","Canberra","149.129","-35.282","High income","Not classified"
"Australia","AU","AUS",2024,"","2026-01-28",27196812,NA,"East Asia & Pacific","Canberra","149.129","-35.282","High income","Not classified"
"Australia","AU","AUS",2006,"","2026-01-28",20450966,81.0414634146342,"East Asia & Pacific","Canberra","149.129","-35.282","High income","Not classified"
"Australia","AU","AUS",2009,"","2026-01-28",21691653,81.5439024390244,"East Asia & Pacific","Canberra","149.129","-35.282","High income","Not classified"
"Austria","AT","AUT",2024,"","2026-01-28",9177982,NA,"Europe & Central Asia","Vienna","16.3798","48.2201","High income","Not classified"
"Austria","AT","AUT",2000,"","2026-01-28",8011566,78.1268292682927,"Europe & Central Asia","Vienna","16.3798","48.2201","High income","Not classified"
"Austria","AT","AUT",2004,"","2026-01-28",8171966,79.1804878048781,"Europe & Central Asia","Vienna","16.3798","48.2201","High income","Not classified"
"Austria","AT","AUT",2007,"","2026-01-28",8295487,80.1804878048781,"Europe & Central Asia","Vienna","16.3798","48.2201","High income","Not classified"
"Austria","AT","AUT",2001,"","2026-01-28",8042293,78.5756097560976,"Europe & Central Asia","Vienna","16.3798","48.2201","High income","Not classified"
"Austria","AT","AUT",2009,"","2026-01-28",8343323,80.3317073170732,"Europe & Central Asia","Vienna","16.3798","48.2201","High income","Not classified"
"Austria","AT","AUT",2003,"","2026-01-28",8121423,78.6317073170732,"Europe & Central Asia","Vienna","16.3798","48.2201","High income","Not classified"
"Austria","AT","AUT",2010,"","2026-01-28",8363404,80.5804878048781,"Europe & Central Asia","Vienna","16.3798","48.2201","High income","Not classified"
"Austria","AT","AUT",2022,"","2026-01-28",9041851,81.2951219512195,"Europe & Central Asia","Vienna","16.3798","48.2201","High income","Not classified"
"Austria","AT","AUT",2002,"","2026-01-28",8081957,78.6780487804878,"Europe & Central Asia","Vienna","16.3798","48.2201","High income","Not classified"
"Austria","AT","AUT",2008,"","2026-01-28",8321496,80.4317073170732,"Europe & Central Asia","Vienna","16.3798","48.2201","High income","Not classified"
"Austria","AT","AUT",2021,"","2026-01-28",8955797,81.190243902439,"Europe & Central Asia","Vienna","16.3798","48.2201","High income","Not classified"
"Austria","AT","AUT",2006,"","2026-01-28",8268641,79.8804878048781,"Europe & Central Asia","Vienna","16.3798","48.2201","High income","Not classified"
"Austria","AT","AUT",2023,"","2026-01-28",9131761,81.5414634146342,"Europe & Central Asia","Vienna","16.3798","48.2201","High income","Not classified"
"Austria","AT","AUT",2015,"","2026-01-28",8642699,81.190243902439,"Europe & Central Asia","Vienna","16.3798","48.2201","High income","Not classified"
"Austria","AT","AUT",2016,"","2026-01-28",8736668,81.6414634146342,"Europe & Central Asia","Vienna","16.3798","48.2201","High income","Not classified"
"Austria","AT","AUT",2017,"","2026-01-28",8797566,81.6439024390244,"Europe & Central Asia","Vienna","16.3798","48.2201","High income","Not classified"
"Austria","AT","AUT",2014,"","2026-01-28",8546356,81.490243902439,"Europe & Central Asia","Vienna","16.3798","48.2201","High income","Not classified"
"Austria","AT","AUT",2019,"","2026-01-28",8879920,81.8951219512195,"Europe & Central Asia","Vienna","16.3798","48.2201","High income","Not classified"
"Austria","AT","AUT",2005,"","2026-01-28",8227829,79.3317073170732,"Europe & Central Asia","Vienna","16.3798","48.2201","High income","Not classified"
"Austria","AT","AUT",2012,"","2026-01-28",8429991,80.9365853658537,"Europe & Central Asia","Vienna","16.3798","48.2201","High income","Not classified"
"Austria","AT","AUT",2018,"","2026-01-28",8840521,81.6926829268293,"Europe & Central Asia","Vienna","16.3798","48.2201","High income","Not classified"
"Austria","AT","AUT",2011,"","2026-01-28",8391643,80.9829268292683,"Europe & Central Asia","Vienna","16.3798","48.2201","High income","Not classified"
"Austria","AT","AUT",2020,"","2026-01-28",8916864,81.1926829268293,"Europe & Central Asia","Vienna","16.3798","48.2201","High income","Not classified"
"Austria","AT","AUT",2013,"","2026-01-28",8479823,81.1365853658537,"Europe & Central Asia","Vienna","16.3798","48.2201","High income","Not classified"
"Azerbaijan","AZ","AZE",2010,"","2026-01-28",9054332,70.309,"Europe & Central Asia","Baku","49.8932","40.3834","Upper middle income","IBRD"
"Azerbaijan","AZ","AZE",2004,"","2026-01-28",8306500,67.488,"Europe & Central Asia","Baku","49.8932","40.3834","Upper middle income","IBRD"
"Azerbaijan","AZ","AZE",2008,"","2026-01-28",8763400,69.355,"Europe & Central Asia","Baku","49.8932","40.3834","Upper middle income","IBRD"
"Azerbaijan","AZ","AZE",2009,"","2026-01-28",8947243,69.874,"Europe & Central Asia","Baku","49.8932","40.3834","Upper middle income","IBRD"
"Azerbaijan","AZ","AZE",2020,"","2026-01-28",10093121,70.312,"Europe & Central Asia","Baku","49.8932","40.3834","Upper middle income","IBRD"
"Azerbaijan","AZ","AZE",2011,"","2026-01-28",9173082,70.565,"Europe & Central Asia","Baku","49.8932","40.3834","Upper middle income","IBRD"
"Azerbaijan","AZ","AZE",2021,"","2026-01-28",10137750,70.999,"Europe & Central Asia","Baku","49.8932","40.3834","Upper middle income","IBRD"
"Azerbaijan","AZ","AZE",2018,"","2026-01-28",9939771,73.016,"Europe & Central Asia","Baku","49.8932","40.3834","Upper middle income","IBRD"
"Azerbaijan","AZ","AZE",2023,"","2026-01-28",10153958,74.429,"Europe & Central Asia","Baku","49.8932","40.3834","Upper middle income","IBRD"
"Azerbaijan","AZ","AZE",2015,"","2026-01-28",9649341,72.349,"Europe & Central Asia","Baku","49.8932","40.3834","Upper middle income","IBRD"
"Azerbaijan","AZ","AZE",2016,"","2026-01-28",9757812,72.568,"Europe & Central Asia","Baku","49.8932","40.3834","Upper middle income","IBRD"
"Azerbaijan","AZ","AZE",2022,"","2026-01-28",10141756,74.125,"Europe & Central Asia","Baku","49.8932","40.3834","Upper middle income","IBRD"
"Azerbaijan","AZ","AZE",2017,"","2026-01-28",9854033,72.694,"Europe & Central Asia","Baku","49.8932","40.3834","Upper middle income","IBRD"
"Azerbaijan","AZ","AZE",2019,"","2026-01-28",10024283,73.29,"Europe & Central Asia","Baku","49.8932","40.3834","Upper middle income","IBRD"
"Azerbaijan","AZ","AZE",2003,"","2026-01-28",8234100,67.036,"Europe & Central Asia","Baku","49.8932","40.3834","Upper middle income","IBRD"
"Azerbaijan","AZ","AZE",2006,"","2026-01-28",8484550,68.489,"Europe & Central Asia","Baku","49.8932","40.3834","Upper middle income","IBRD"
"Azerbaijan","AZ","AZE",2007,"","2026-01-28",8581300,68.659,"Europe & Central Asia","Baku","49.8932","40.3834","Upper middle income","IBRD"
"Azerbaijan","AZ","AZE",2014,"","2026-01-28",9535079,71.93,"Europe & Central Asia","Baku","49.8932","40.3834","Upper middle income","IBRD"
"Azerbaijan","AZ","AZE",2000,"","2026-01-28",8048600,65.377,"Europe & Central Asia","Baku","49.8932","40.3834","Upper middle income","IBRD"
"Azerbaijan","AZ","AZE",2012,"","2026-01-28",9295784,71.08,"Europe & Central Asia","Baku","49.8932","40.3834","Upper middle income","IBRD"
"Azerbaijan","AZ","AZE",2013,"","2026-01-28",9416801,71.485,"Europe & Central Asia","Baku","49.8932","40.3834","Upper middle income","IBRD"
"Azerbaijan","AZ","AZE",2002,"","2026-01-28",8171950,66.769,"Europe & Central Asia","Baku","49.8932","40.3834","Upper middle income","IBRD"
"Azerbaijan","AZ","AZE",2001,"","2026-01-28",8111200,66.043,"Europe & Central Asia","Baku","49.8932","40.3834","Upper middle income","IBRD"
"Azerbaijan","AZ","AZE",2024,"","2026-01-28",10202830,NA,"Europe & Central Asia","Baku","49.8932","40.3834","Upper middle income","IBRD"
"Azerbaijan","AZ","AZE",2005,"","2026-01-28",8391850,67.71,"Europe & Central Asia","Baku","49.8932","40.3834","Upper middle income","IBRD"
"Bahamas, The","BS","BHS",2007,"","2026-01-28",353334,73.463,"Latin America & Caribbean","Nassau","-77.339","25.0661","High income","Not classified"
"Bahamas, The","BS","BHS",2002,"","2026-01-28",331614,73.023,"Latin America & Caribbean","Nassau","-77.339","25.0661","High income","Not classified"
"Bahamas, The","BS","BHS",2023,"","2026-01-28",399440,74.552,"Latin America & Caribbean","Nassau","-77.339","25.0661","High income","Not classified"
"Bahamas, The","BS","BHS",2018,"","2026-01-28",392717,74.062,"Latin America & Caribbean","Nassau","-77.339","25.0661","High income","Not classified"
"Bahamas, The","BS","BHS",2024,"","2026-01-28",401283,NA,"Latin America & Caribbean","Nassau","-77.339","25.0661","High income","Not classified"
"Bahamas, The","BS","BHS",2001,"","2026-01-28",327836,72.765,"Latin America & Caribbean","Nassau","-77.339","25.0661","High income","Not classified"
"Bahamas, The","BS","BHS",2010,"","2026-01-28",367478,73.449,"Latin America & Caribbean","Nassau","-77.339","25.0661","High income","Not classified"
"Bahamas, The","BS","BHS",2013,"","2026-01-28",378953,73.93,"Latin America & Caribbean","Nassau","-77.339","25.0661","High income","Not classified"
"Bahamas, The","BS","BHS",2021,"","2026-01-28",396373,70.752,"Latin America & Caribbean","Nassau","-77.339","25.0661","High income","Not classified"
"Bahamas, The","BS","BHS",2022,"","2026-01-28",397538,74.491,"Latin America & Caribbean","Nassau","-77.339","25.0661","High income","Not classified"
"Bahamas, The","BS","BHS",2012,"","2026-01-28",375469,73.707,"Latin America & Caribbean","Nassau","-77.339","25.0661","High income","Not classified"
"Bahamas, The","BS","BHS",2004,"","2026-01-28",339782,73.235,"Latin America & Caribbean","Nassau","-77.339","25.0661","High income","Not classified"
"Bahamas, The","BS","BHS",2014,"","2026-01-28",382298,74.029,"Latin America & Caribbean","Nassau","-77.339","25.0661","High income","Not classified"
"Bahamas, The","BS","BHS",2000,"","2026-01-28",323835,72.481,"Latin America & Caribbean","Nassau","-77.339","25.0661","High income","Not classified"
"Bahamas, The","BS","BHS",2017,"","2026-01-28",390485,74.031,"Latin America & Caribbean","Nassau","-77.339","25.0661","High income","Not classified"
"Bahamas, The","BS","BHS",2011,"","2026-01-28",371729,73.571,"Latin America & Caribbean","Nassau","-77.339","25.0661","High income","Not classified"
"Bahamas, The","BS","BHS",2019,"","2026-01-28",394675,71.408,"Latin America & Caribbean","Nassau","-77.339","25.0661","High income","Not classified"
"Bahamas, The","BS","BHS",2020,"","2026-01-28",395863,72.994,"Latin America & Caribbean","Nassau","-77.339","25.0661","High income","Not classified"
"Bahamas, The","BS","BHS",2009,"","2026-01-28",362810,73.455,"Latin America & Caribbean","Nassau","-77.339","25.0661","High income","Not classified"
"Bahamas, The","BS","BHS",2016,"","2026-01-28",388055,74.042,"Latin America & Caribbean","Nassau","-77.339","25.0661","High income","Not classified"
"Bahamas, The","BS","BHS",2005,"","2026-01-28",343894,73.413,"Latin America & Caribbean","Nassau","-77.339","25.0661","High income","Not classified"
"Bahamas, The","BS","BHS",2003,"","2026-01-28",335618,73.213,"Latin America & Caribbean","Nassau","-77.339","25.0661","High income","Not classified"
"Bahamas, The","BS","BHS",2006,"","2026-01-28",348375,73.456,"Latin America & Caribbean","Nassau","-77.339","25.0661","High income","Not classified"
"Bahamas, The","BS","BHS",2008,"","2026-01-28",358120,73.445,"Latin America & Caribbean","Nassau","-77.339","25.0661","High income","Not classified"
"Bahamas, The","BS","BHS",2015,"","2026-01-28",385346,73.805,"Latin America & Caribbean","Nassau","-77.339","25.0661","High income","Not classified"
"Bahrain","BH","BHR",2015,"","2026-01-28",1370322,80.338,"Middle East & North Africa","Manama","50.5354","26.1921","High income","Not classified"
"Bahrain","BH","BHR",2005,"","2026-01-28",888822,76.125,"Middle East & North Africa","Manama","50.5354","26.1921","High income","Not classified"
"Bahrain","BH","BHR",2002,"","2026-01-28",710553,75.209,"Middle East & North Africa","Manama","50.5354","26.1921","High income","Not classified"
"Bahrain","BH","BHR",2011,"","2026-01-28",1195020,79.141,"Middle East & North Africa","Manama","50.5354","26.1921","High income","Not classified"
"Bahrain","BH","BHR",2006,"","2026-01-28",960424,76.51,"Middle East & North Africa","Manama","50.5354","26.1921","High income","Not classified"
"Bahrain","BH","BHR",2003,"","2026-01-28",764517,75.486,"Middle East & North Africa","Manama","50.5354","26.1921","High income","Not classified"
"Bahrain","BH","BHR",2001,"","2026-01-28",661316,74.942,"Middle East & North Africa","Manama","50.5354","26.1921","High income","Not classified"
"Bahrain","BH","BHR",2014,"","2026-01-28",1314562,80.214,"Middle East & North Africa","Manama","50.5354","26.1921","High income","Not classified"
"Bahrain","BH","BHR",2023,"","2026-01-28",1577059,81.284,"Middle East & North Africa","Manama","50.5354","26.1921","High income","Not classified"
"Bahrain","BH","BHR",2024,"","2026-01-28",1588670,NA,"Middle East & North Africa","Manama","50.5354","26.1921","High income","Not classified"
"Bahrain","BH","BHR",2000,"","2026-01-28",637582,74.673,"Middle East & North Africa","Manama","50.5354","26.1921","High income","Not classified"
"Bahrain","BH","BHR",2004,"","2026-01-28",823741,75.787,"Middle East & North Africa","Manama","50.5354","26.1921","High income","Not classified"
"Bahrain","BH","BHR",2018,"","2026-01-28",1503091,80.412,"Middle East & North Africa","Manama","50.5354","26.1921","High income","Not classified"
"Bahrain","BH","BHR",2019,"","2026-01-28",1483756,80.471,"Middle East & North Africa","Manama","50.5354","26.1921","High income","Not classified"
"Bahrain","BH","BHR",2016,"","2026-01-28",1423726,80.407,"Middle East & North Africa","Manama","50.5354","26.1921","High income","Not classified"
"Bahrain","BH","BHR",2007,"","2026-01-28",1039295,76.952,"Middle East & North Africa","Manama","50.5354","26.1921","High income","Not classified"
"Bahrain","BH","BHR",2008,"","2026-01-28",1103496,77.457,"Middle East & North Africa","Manama","50.5354","26.1921","High income","Not classified"
"Bahrain","BH","BHR",2009,"","2026-01-28",1178415,78.016,"Middle East & North Africa","Manama","50.5354","26.1921","High income","Not classified"
"Bahrain","BH","BHR",2012,"","2026-01-28",1208964,79.622,"Middle East & North Africa","Manama","50.5354","26.1921","High income","Not classified"
"Bahrain","BH","BHR",2013,"","2026-01-28",1253191,79.998,"Middle East & North Africa","Manama","50.5354","26.1921","High income","Not classified"
"Bahrain","BH","BHR",2022,"","2026-01-28",1524693,80.992,"Middle East & North Africa","Manama","50.5354","26.1921","High income","Not classified"
"Bahrain","BH","BHR",2021,"","2026-01-28",1504365,78.083,"Middle East & North Africa","Manama","50.5354","26.1921","High income","Not classified"
"Bahrain","BH","BHR",2017,"","2026-01-28",1501116,80.407,"Middle East & North Africa","Manama","50.5354","26.1921","High income","Not classified"
"Bahrain","BH","BHR",2020,"","2026-01-28",1472204,78.683,"Middle East & North Africa","Manama","50.5354","26.1921","High income","Not classified"
"Bahrain","BH","BHR",2010,"","2026-01-28",1228543,78.593,"Middle East & North Africa","Manama","50.5354","26.1921","High income","Not classified"
"Bangladesh","BD","BGD",2014,"","2026-01-28",157964929,70.016,"South Asia","Dhaka","90.4113","23.7055","Lower middle income","IDA"
"Bangladesh","BD","BGD",2018,"","2026-01-28",163523103,72.122,"South Asia","Dhaka","90.4113","23.7055","Lower middle income","IDA"
"Bangladesh","BD","BGD",2017,"","2026-01-28",162186147,71.606,"South Asia","Dhaka","90.4113","23.7055","Lower middle income","IDA"
"Bangladesh","BD","BGD",2023,"","2026-01-28",171466990,74.672,"South Asia","Dhaka","90.4113","23.7055","Lower middle income","IDA"
"Bangladesh","BD","BGD",2015,"","2026-01-28",159383179,70.543,"South Asia","Dhaka","90.4113","23.7055","Lower middle income","IDA"
"Bangladesh","BD","BGD",2022,"","2026-01-28",169384897,74.265,"South Asia","Dhaka","90.4113","23.7055","Lower middle income","IDA"
"Bangladesh","BD","BGD",2013,"","2026-01-28",156532141,69.487,"South Asia","Dhaka","90.4113","23.7055","Lower middle income","IDA"
"Bangladesh","BD","BGD",2019,"","2026-01-28",164913055,72.625,"South Asia","Dhaka","90.4113","23.7055","Lower middle income","IDA"
"Bangladesh","BD","BGD",2012,"","2026-01-28",155070101,68.989,"South Asia","Dhaka","90.4113","23.7055","Lower middle income","IDA"
"Bangladesh","BD","BGD",2002,"","2026-01-28",138933658,63.591,"South Asia","Dhaka","90.4113","23.7055","Lower middle income","IDA"
"Bangladesh","BD","BGD",2003,"","2026-01-28",140970351,64.288,"South Asia","Dhaka","90.4113","23.7055","Lower middle income","IDA"
"Bangladesh","BD","BGD",2000,"","2026-01-28",134544304,62.049,"South Asia","Dhaka","90.4113","23.7055","Lower middle income","IDA"
"Bangladesh","BD","BGD",2016,"","2026-01-28",160811932,71.075,"South Asia","Dhaka","90.4113","23.7055","Lower middle income","IDA"
"Bangladesh","BD","BGD",2006,"","2026-01-28",146405973,66.048,"South Asia","Dhaka","90.4113","23.7055","Lower middle income","IDA"
"Bangladesh","BD","BGD",2021,"","2026-01-28",167658854,71.103,"South Asia","Dhaka","90.4113","23.7055","Lower middle income","IDA"
"Bangladesh","BD","BGD",2004,"","2026-01-28",142902856,64.912,"South Asia","Dhaka","90.4113","23.7055","Lower middle income","IDA"
"Bangladesh","BD","BGD",2020,"","2026-01-28",166298024,71.421,"South Asia","Dhaka","90.4113","23.7055","Lower middle income","IDA"
"Bangladesh","BD","BGD",2010,"","2026-01-28",152201981,68.009,"South Asia","Dhaka","90.4113","23.7055","Lower middle income","IDA"
"Bangladesh","BD","BGD",2001,"","2026-01-28",136805810,62.836,"South Asia","Dhaka","90.4113","23.7055","Lower middle income","IDA"
"Bangladesh","BD","BGD",2024,"","2026-01-28",173562364,NA,"South Asia","Dhaka","90.4113","23.7055","Lower middle income","IDA"
"Bangladesh","BD","BGD",2011,"","2026-01-28",153591076,68.499,"South Asia","Dhaka","90.4113","23.7055","Lower middle income","IDA"
"Bangladesh","BD","BGD",2005,"","2026-01-28",144715786,65.509,"South Asia","Dhaka","90.4113","23.7055","Lower middle income","IDA"
"Bangladesh","BD","BGD",2007,"","2026-01-28",147989278,66.458,"South Asia","Dhaka","90.4113","23.7055","Lower middle income","IDA"
"Bangladesh","BD","BGD",2008,"","2026-01-28",149474264,67.047,"South Asia","Dhaka","90.4113","23.7055","Lower middle income","IDA"
"Bangladesh","BD","BGD",2009,"","2026-01-28",150873714,67.527,"South Asia","Dhaka","90.4113","23.7055","Lower middle income","IDA"
"Barbados","BB","BRB",2011,"","2026-01-28",276139,75.599,"Latin America & Caribbean","Bridgetown","-59.6105","13.0935","High income","IBRD"
"Barbados","BB","BRB",2001,"","2026-01-28",262425,74.707,"Latin America & Caribbean","Bridgetown","-59.6105","13.0935","High income","IBRD"
"Barbados","BB","BRB",2005,"","2026-01-28",268706,74.96,"Latin America & Caribbean","Bridgetown","-59.6105","13.0935","High income","IBRD"
"Barbados","BB","BRB",2012,"","2026-01-28",276938,75.737,"Latin America & Caribbean","Bridgetown","-59.6105","13.0935","High income","IBRD"
"Barbados","BB","BRB",2002,"","2026-01-28",264148,74.82,"Latin America & Caribbean","Bridgetown","-59.6105","13.0935","High income","IBRD"
"Barbados","BB","BRB",2021,"","2026-01-28",282147,76.58,"Latin America & Caribbean","Bridgetown","-59.6105","13.0935","High income","IBRD"
"Barbados","BB","BRB",2010,"","2026-01-28",275243,75.488,"Latin America & Caribbean","Bridgetown","-59.6105","13.0935","High income","IBRD"
"Barbados","BB","BRB",2006,"","2026-01-28",270002,75.049,"Latin America & Caribbean","Bridgetown","-59.6105","13.0935","High income","IBRD"
"Barbados","BB","BRB",2003,"","2026-01-28",265776,74.865,"Latin America & Caribbean","Bridgetown","-59.6105","13.0935","High income","IBRD"
"Barbados","BB","BRB",2000,"","2026-01-28",262063,74.58,"Latin America & Caribbean","Bridgetown","-59.6105","13.0935","High income","IBRD"
"Barbados","BB","BRB",2004,"","2026-01-28",267298,75.15,"Latin America & Caribbean","Bridgetown","-59.6105","13.0935","High income","IBRD"
"Barbados","BB","BRB",2016,"","2026-01-28",279598,76.168,"Latin America & Caribbean","Bridgetown","-59.6105","13.0935","High income","IBRD"
"Barbados","BB","BRB",2017,"","2026-01-28",280171,76.237,"Latin America & Caribbean","Bridgetown","-59.6105","13.0935","High income","IBRD"
"Barbados","BB","BRB",2013,"","2026-01-28",277665,75.816,"Latin America & Caribbean","Bridgetown","-59.6105","13.0935","High income","IBRD"
"Barbados","BB","BRB",2019,"","2026-01-28",281207,76.495,"Latin America & Caribbean","Bridgetown","-59.6105","13.0935","High income","IBRD"
"Barbados","BB","BRB",2007,"","2026-01-28",271288,75.263,"Latin America & Caribbean","Bridgetown","-59.6105","13.0935","High income","IBRD"
"Barbados","BB","BRB",2024,"","2026-01-28",282467,NA,"Latin America & Caribbean","Bridgetown","-59.6105","13.0935","High income","IBRD"
"Barbados","BB","BRB",2018,"","2026-01-28",280711,76.378,"Latin America & Caribbean","Bridgetown","-59.6105","13.0935","High income","IBRD"
"Barbados","BB","BRB",2009,"","2026-01-28",274123,75.458,"Latin America & Caribbean","Bridgetown","-59.6105","13.0935","High income","IBRD"
"Barbados","BB","BRB",2014,"","2026-01-28",278348,75.926,"Latin America & Caribbean","Bridgetown","-59.6105","13.0935","High income","IBRD"
"Barbados","BB","BRB",2008,"","2026-01-28",272714,75.3,"Latin America & Caribbean","Bridgetown","-59.6105","13.0935","High income","IBRD"
"Barbados","BB","BRB",2023,"","2026-01-28",282336,76.178,"Latin America & Caribbean","Bridgetown","-59.6105","13.0935","High income","IBRD"
"Barbados","BB","BRB",2015,"","2026-01-28",278990,76.055,"Latin America & Caribbean","Bridgetown","-59.6105","13.0935","High income","IBRD"
"Barbados","BB","BRB",2022,"","2026-01-28",282318,75.676,"Latin America & Caribbean","Bridgetown","-59.6105","13.0935","High income","IBRD"
"Barbados","BB","BRB",2020,"","2026-01-28",281698,76.647,"Latin America & Caribbean","Bridgetown","-59.6105","13.0935","High income","IBRD"
"Belarus","BY","BLR",2005,"","2026-01-28",9663915,68.8512195121951,"Europe & Central Asia","Minsk","27.5766","53.9678","Upper middle income","IBRD"
"Belarus","BY","BLR",2007,"","2026-01-28",9560953,70.2073170731707,"Europe & Central Asia","Minsk","27.5766","53.9678","Upper middle income","IBRD"
"Belarus","BY","BLR",2018,"","2026-01-28",9438785,74.1756097560976,"Europe & Central Asia","Minsk","27.5766","53.9678","Upper middle income","IBRD"
"Belarus","BY","BLR",2008,"","2026-01-28",9527985,70.4560975609756,"Europe & Central Asia","Minsk","27.5766","53.9678","Upper middle income","IBRD"
"Belarus","BY","BLR",2009,"","2026-01-28",9504583,70.4073170731707,"Europe & Central Asia","Minsk","27.5766","53.9678","Upper middle income","IBRD"
"Belarus","BY","BLR",2006,"","2026-01-28",9604924,69.4048780487805,"Europe & Central Asia","Minsk","27.5766","53.9678","Upper middle income","IBRD"
"Belarus","BY","BLR",2012,"","2026-01-28",9446836,71.9658536585366,"Europe & Central Asia","Minsk","27.5766","53.9678","Upper middle income","IBRD"
"Belarus","BY","BLR",2013,"","2026-01-28",9443211,72.4707317073171,"Europe & Central Asia","Minsk","27.5766","53.9678","Upper middle income","IBRD"
"Belarus","BY","BLR",2019,"","2026-01-28",9419758,74.2268292682927,"Europe & Central Asia","Minsk","27.5766","53.9678","Upper middle income","IBRD"
"Belarus","BY","BLR",2016,"","2026-01-28",9469379,73.8268292682927,"Europe & Central Asia","Minsk","27.5766","53.9678","Upper middle income","IBRD"
"Belarus","BY","BLR",2017,"","2026-01-28",9458989,74.1292682926829,"Europe & Central Asia","Minsk","27.5766","53.9678","Upper middle income","IBRD"
"Belarus","BY","BLR",2003,"","2026-01-28",9796749,68.5536585365854,"Europe & Central Asia","Minsk","27.5766","53.9678","Upper middle income","IBRD"
"Belarus","BY","BLR",2020,"","2026-01-28",9379952,72.1385609756098,"Europe & Central Asia","Minsk","27.5766","53.9678","Upper middle income","IBRD"
"Belarus","BY","BLR",2011,"","2026-01-28",9461643,70.5536585365854,"Europe & Central Asia","Minsk","27.5766","53.9678","Upper middle income","IBRD"
"Belarus","BY","BLR",2022,"","2026-01-28",9228071,74.1033658536585,"Europe & Central Asia","Minsk","27.5766","53.9678","Upper middle income","IBRD"
"Belarus","BY","BLR",2023,"","2026-01-28",9178298,74.1837804878049,"Europe & Central Asia","Minsk","27.5766","53.9678","Upper middle income","IBRD"
"Belarus","BY","BLR",2004,"","2026-01-28",9730146,68.9560975609756,"Europe & Central Asia","Minsk","27.5766","53.9678","Upper middle income","IBRD"
"Belarus","BY","BLR",2015,"","2026-01-28",9461076,73.6243902439025,"Europe & Central Asia","Minsk","27.5766","53.9678","Upper middle income","IBRD"
"Belarus","BY","BLR",2000,"","2026-01-28",9979610,68.9121951219512,"Europe & Central Asia","Minsk","27.5766","53.9678","Upper middle income","IBRD"
"Belarus","BY","BLR",2001,"","2026-01-28",9928549,68.5073170731707,"Europe & Central Asia","Minsk","27.5766","53.9678","Upper middle income","IBRD"
"Belarus","BY","BLR",2010,"","2026-01-28",9483836,70.4048780487805,"Europe & Central Asia","Minsk","27.5766","53.9678","Upper middle income","IBRD"
"Belarus","BY","BLR",2021,"","2026-01-28",9302585,72.0714634146342,"Europe & Central Asia","Minsk","27.5766","53.9678","Upper middle income","IBRD"
"Belarus","BY","BLR",2024,"","2026-01-28",9132629,NA,"Europe & Central Asia","Minsk","27.5766","53.9678","Upper middle income","IBRD"
"Belarus","BY","BLR",2002,"","2026-01-28",9865548,68.0560975609756,"Europe & Central Asia","Minsk","27.5766","53.9678","Upper middle income","IBRD"
"Belarus","BY","BLR",2014,"","2026-01-28",9448515,72.9707317073171,"Europe & Central Asia","Minsk","27.5766","53.9678","Upper middle income","IBRD"
"Belgium","BE","BEL",2021,"","2026-01-28",11586195,81.790243902439,"Europe & Central Asia","Brussels","4.36761","50.8371","High income","Not classified"
"Belgium","BE","BEL",2017,"","2026-01-28",11375158,81.4926829268293,"Europe & Central Asia","Brussels","4.36761","50.8371","High income","Not classified"
"Belgium","BE","BEL",2023,"","2026-01-28",11779946,82.3975609756098,"Europe & Central Asia","Brussels","4.36761","50.8371","High income","Not classified"
"Belgium","BE","BEL",2020,"","2026-01-28",11538604,80.6951219512195,"Europe & Central Asia","Brussels","4.36761","50.8371","High income","Not classified"
"Belgium","BE","BEL",2024,"","2026-01-28",11858610,NA,"Europe & Central Asia","Brussels","4.36761","50.8371","High income","Not classified"
"Belgium","BE","BEL",2022,"","2026-01-28",11680210,81.7487804878049,"Europe & Central Asia","Brussels","4.36761","50.8371","High income","Not classified"
"Belgium","BE","BEL",2019,"","2026-01-28",11488980,81.9951219512195,"Europe & Central Asia","Brussels","4.36761","50.8371","High income","Not classified"
"Belgium","BE","BEL",2009,"","2026-01-28",10796493,80.0341463414634,"Europe & Central Asia","Brussels","4.36761","50.8371","High income","Not classified"
"Belgium","BE","BEL",2010,"","2026-01-28",10895586,80.1829268292683,"Europe & Central Asia","Brussels","4.36761","50.8371","High income","Not classified"
"Belgium","BE","BEL",2018,"","2026-01-28",11427054,81.5951219512195,"Europe & Central Asia","Brussels","4.36761","50.8371","High income","Not classified"
"Belgium","BE","BEL",2008,"","2026-01-28",10709973,79.6804878048781,"Europe & Central Asia","Brussels","4.36761","50.8371","High income","Not classified"
"Belgium","BE","BEL",2014,"","2026-01-28",11209057,81.2878048780488,"Europe & Central Asia","Brussels","4.36761","50.8371","High income","Not classified"
"Belgium","BE","BEL",2015,"","2026-01-28",11274196,80.9926829268293,"Europe & Central Asia","Brussels","4.36761","50.8371","High income","Not classified"
"Belgium","BE","BEL",2016,"","2026-01-28",11331422,81.4390243902439,"Europe & Central Asia","Brussels","4.36761","50.8371","High income","Not classified"
"Belgium","BE","BEL",2013,"","2026-01-28",11159407,80.5878048780488,"Europe & Central Asia","Brussels","4.36761","50.8371","High income","Not classified"
"Belgium","BE","BEL",2005,"","2026-01-28",10478617,78.9804878048781,"Europe & Central Asia","Brussels","4.36761","50.8371","High income","Not classified"
"Belgium","BE","BEL",2006,"","2026-01-28",10547958,79.380487804878,"Europe & Central Asia","Brussels","4.36761","50.8371","High income","Not classified"
"Belgium","BE","BEL",2001,"","2026-01-28",10286570,77.9731707317073,"Europe & Central Asia","Brussels","4.36761","50.8371","High income","Not classified"
"Belgium","BE","BEL",2004,"","2026-01-28",10421137,78.8780487804878,"Europe & Central Asia","Brussels","4.36761","50.8371","High income","Not classified"
"Belgium","BE","BEL",2007,"","2026-01-28",10625700,79.7829268292683,"Europe & Central Asia","Brussels","4.36761","50.8371","High income","Not classified"
"Belgium","BE","BEL",2000,"","2026-01-28",10251250,77.7219512195122,"Europe & Central Asia","Brussels","4.36761","50.8371","High income","Not classified"
"Belgium","BE","BEL",2003,"","2026-01-28",10376133,78.1292682926829,"Europe & Central Asia","Brussels","4.36761","50.8371","High income","Not classified"
"Belgium","BE","BEL",2012,"","2026-01-28",11106932,80.3853658536585,"Europe & Central Asia","Brussels","4.36761","50.8371","High income","Not classified"
"Belgium","BE","BEL",2002,"","2026-01-28",10332785,78.0756097560976,"Europe & Central Asia","Brussels","4.36761","50.8371","High income","Not classified"
"Belgium","BE","BEL",2011,"","2026-01-28",11038264,80.5853658536585,"Europe & Central Asia","Brussels","4.36761","50.8371","High income","Not classified"
"Belize","BZ","BLZ",2012,"","2026-01-28",334414,71.134,"Latin America & Caribbean","Belmopan","-88.7713","17.2534","Upper middle income","Blend"
"Belize","BZ","BLZ",2002,"","2026-01-28",256009,69.528,"Latin America & Caribbean","Belmopan","-88.7713","17.2534","Upper middle income","Blend"
"Belize","BZ","BLZ",2003,"","2026-01-28",263780,69.819,"Latin America & Caribbean","Belmopan","-88.7713","17.2534","Upper middle income","Blend"
"Belize","BZ","BLZ",2000,"","2026-01-28",240799,68.911,"Latin America & Caribbean","Belmopan","-88.7713","17.2534","Upper middle income","Blend"
"Belize","BZ","BLZ",2010,"","2026-01-28",320245,70.875,"Latin America & Caribbean","Belmopan","-88.7713","17.2534","Upper middle income","Blend"
"Belize","BZ","BLZ",2011,"","2026-01-28",327298,70.975,"Latin America & Caribbean","Belmopan","-88.7713","17.2534","Upper middle income","Blend"
"Belize","BZ","BLZ",2019,"","2026-01-28",385829,72.577,"Latin America & Caribbean","Belmopan","-88.7713","17.2534","Upper middle income","Blend"
"Belize","BZ","BLZ",2001,"","2026-01-28",248379,68.944,"Latin America & Caribbean","Belmopan","-88.7713","17.2534","Upper middle income","Blend"
"Belize","BZ","BLZ",2014,"","2026-01-28",348923,71.437,"Latin America & Caribbean","Belmopan","-88.7713","17.2534","Upper middle income","Blend"
"Belize","BZ","BLZ",2015,"","2026-01-28",356333,71.647,"Latin America & Caribbean","Belmopan","-88.7713","17.2534","Upper middle income","Blend"
"Belize","BZ","BLZ",2020,"","2026-01-28",390812,71.58,"Latin America & Caribbean","Belmopan","-88.7713","17.2534","Upper middle income","Blend"
"Belize","BZ","BLZ",2004,"","2026-01-28",271688,70.152,"Latin America & Caribbean","Belmopan","-88.7713","17.2534","Upper middle income","Blend"
"Belize","BZ","BLZ",2005,"","2026-01-28",279731,70.335,"Latin America & Caribbean","Belmopan","-88.7713","17.2534","Upper middle income","Blend"
"Belize","BZ","BLZ",2006,"","2026-01-28",287878,70.535,"Latin America & Caribbean","Belmopan","-88.7713","17.2534","Upper middle income","Blend"
"Belize","BZ","BLZ",2008,"","2026-01-28",304361,70.665,"Latin America & Caribbean","Belmopan","-88.7713","17.2534","Upper middle income","Blend"
"Belize","BZ","BLZ",2009,"","2026-01-28",312614,70.806,"Latin America & Caribbean","Belmopan","-88.7713","17.2534","Upper middle income","Blend"
"Belize","BZ","BLZ",2013,"","2026-01-28",341627,71.276,"Latin America & Caribbean","Belmopan","-88.7713","17.2534","Upper middle income","Blend"
"Belize","BZ","BLZ",2018,"","2026-01-28",380226,72.322,"Latin America & Caribbean","Belmopan","-88.7713","17.2534","Upper middle income","Blend"
"Belize","BZ","BLZ",2023,"","2026-01-28",411106,73.566,"Latin America & Caribbean","Belmopan","-88.7713","17.2534","Upper middle income","Blend"
"Belize","BZ","BLZ",2024,"","2026-01-28",417072,NA,"Latin America & Caribbean","Belmopan","-88.7713","17.2534","Upper middle income","Blend"
"Belize","BZ","BLZ",2016,"","2026-01-28",364705,71.843,"Latin America & Caribbean","Belmopan","-88.7713","17.2534","Upper middle income","Blend"
"Belize","BZ","BLZ",2022,"","2026-01-28",402733,72.19,"Latin America & Caribbean","Belmopan","-88.7713","17.2534","Upper middle income","Blend"
"Belize","BZ","BLZ",2021,"","2026-01-28",395346,70.917,"Latin America & Caribbean","Belmopan","-88.7713","17.2534","Upper middle income","Blend"
"Belize","BZ","BLZ",2017,"","2026-01-28",373202,72.062,"Latin America & Caribbean","Belmopan","-88.7713","17.2534","Upper middle income","Blend"
"Belize","BZ","BLZ",2007,"","2026-01-28",296100,70.652,"Latin America & Caribbean","Belmopan","-88.7713","17.2534","Upper middle income","Blend"
"Benin","BJ","BEN",2018,"","2026-01-28",12383347,59.71,"Sub-Saharan Africa","Porto-Novo","2.6323","6.4779","Lower middle income","IDA"
"Benin","BJ","BEN",2023,"","2026-01-28",14111034,60.774,"Sub-Saharan Africa","Porto-Novo","2.6323","6.4779","Lower middle income","IDA"
"Benin","BJ","BEN",2010,"","2026-01-28",9797484,58.387,"Sub-Saharan Africa","Porto-Novo","2.6323","6.4779","Lower middle income","IDA"
"Benin","BJ","BEN",2021,"","2026-01-28",13413417,59.61,"Sub-Saharan Africa","Porto-Novo","2.6323","6.4779","Lower middle income","IDA"
"Benin","BJ","BEN",2007,"","2026-01-28",8953969,58.249,"Sub-Saharan Africa","Porto-Novo","2.6323","6.4779","Lower middle income","IDA"
"Benin","BJ","BEN",2019,"","2026-01-28",12726755,59.888,"Sub-Saharan Africa","Porto-Novo","2.6323","6.4779","Lower middle income","IDA"
"Benin","BJ","BEN",2009,"","2026-01-28",9509423,58.258,"Sub-Saharan Africa","Porto-Novo","2.6323","6.4779","Lower middle income","IDA"
"Benin","BJ","BEN",2024,"","2026-01-28",14462724,NA,"Sub-Saharan Africa","Porto-Novo","2.6323","6.4779","Lower middle income","IDA"
"Benin","BJ","BEN",2011,"","2026-01-28",10093623,58.462,"Sub-Saharan Africa","Porto-Novo","2.6323","6.4779","Lower middle income","IDA"
"Benin","BJ","BEN",2022,"","2026-01-28",13759501,60.475,"Sub-Saharan Africa","Porto-Novo","2.6323","6.4779","Lower middle income","IDA"
"Benin","BJ","BEN",2013,"","2026-01-28",10708834,58.863,"Sub-Saharan Africa","Porto-Novo","2.6323","6.4779","Lower middle income","IDA"
"Benin","BJ","BEN",2014,"","2026-01-28",11030004,59.008,"Sub-Saharan Africa","Porto-Novo","2.6323","6.4779","Lower middle income","IDA"
"Benin","BJ","BEN",2015,"","2026-01-28",11360681,59.123,"Sub-Saharan Africa","Porto-Novo","2.6323","6.4779","Lower middle income","IDA"
"Benin","BJ","BEN",2001,"","2026-01-28",7445596,56.654,"Sub-Saharan Africa","Porto-Novo","2.6323","6.4779","Lower middle income","IDA"
"Benin","BJ","BEN",2016,"","2026-01-28",11697842,59.283,"Sub-Saharan Africa","Porto-Novo","2.6323","6.4779","Lower middle income","IDA"
"Benin","BJ","BEN",2020,"","2026-01-28",13070169,60.154,"Sub-Saharan Africa","Porto-Novo","2.6323","6.4779","Lower middle income","IDA"
"Benin","BJ","BEN",2006,"","2026-01-28",8693242,57.966,"Sub-Saharan Africa","Porto-Novo","2.6323","6.4779","Lower middle income","IDA"
"Benin","BJ","BEN",2005,"","2026-01-28",8426144,57.738,"Sub-Saharan Africa","Porto-Novo","2.6323","6.4779","Lower middle income","IDA"
"Benin","BJ","BEN",2008,"","2026-01-28",9228466,58.099,"Sub-Saharan Africa","Porto-Novo","2.6323","6.4779","Lower middle income","IDA"
"Benin","BJ","BEN",2002,"","2026-01-28",7675426,56.851,"Sub-Saharan Africa","Porto-Novo","2.6323","6.4779","Lower middle income","IDA"
"Benin","BJ","BEN",2017,"","2026-01-28",12039780,59.528,"Sub-Saharan Africa","Porto-Novo","2.6323","6.4779","Lower middle income","IDA"
"Benin","BJ","BEN",2000,"","2026-01-28",7221619,56.594,"Sub-Saharan Africa","Porto-Novo","2.6323","6.4779","Lower middle income","IDA"
"Benin","BJ","BEN",2012,"","2026-01-28",10397657,58.559,"Sub-Saharan Africa","Porto-Novo","2.6323","6.4779","Lower middle income","IDA"
"Benin","BJ","BEN",2004,"","2026-01-28",8159094,57.346,"Sub-Saharan Africa","Porto-Novo","2.6323","6.4779","Lower middle income","IDA"
"Benin","BJ","BEN",2003,"","2026-01-28",7913070,57.092,"Sub-Saharan Africa","Porto-Novo","2.6323","6.4779","Lower middle income","IDA"
"Bermuda","BM","BMU",2023,"","2026-01-28",64698,82.309,"North America","Hamilton","-64.706","32.3293","High income","Not classified"
"Bermuda","BM","BMU",2024,"","2026-01-28",64636,NA,"North America","Hamilton","-64.706","32.3293","High income","Not classified"
"Bermuda","BM","BMU",2015,"","2026-01-28",63464,80.338,"North America","Hamilton","-64.706","32.3293","High income","Not classified"
"Bermuda","BM","BMU",2001,"","2026-01-28",61867,78.637,"North America","Hamilton","-64.706","32.3293","High income","Not classified"
"Bermuda","BM","BMU",2002,"","2026-01-28",62142,78.841,"North America","Hamilton","-64.706","32.3293","High income","Not classified"
"Bermuda","BM","BMU",2004,"","2026-01-28",62555,78.898,"North America","Hamilton","-64.706","32.3293","High income","Not classified"
"Bermuda","BM","BMU",2022,"","2026-01-28",64749,82.062,"North America","Hamilton","-64.706","32.3293","High income","Not classified"
"Bermuda","BM","BMU",2005,"","2026-01-28",62711,78.874,"North America","Hamilton","-64.706","32.3293","High income","Not classified"
"Bermuda","BM","BMU",2007,"","2026-01-28",63010,79.006,"North America","Hamilton","-64.706","32.3293","High income","Not classified"
"Bermuda","BM","BMU",2012,"","2026-01-28",63646,79.847,"North America","Hamilton","-64.706","32.3293","High income","Not classified"
"Bermuda","BM","BMU",2000,"","2026-01-28",61550,78.251,"North America","Hamilton","-64.706","32.3293","High income","Not classified"
"Bermuda","BM","BMU",2010,"","2026-01-28",63725,79.414,"North America","Hamilton","-64.706","32.3293","High income","Not classified"
"Bermuda","BM","BMU",2006,"","2026-01-28",62834,78.87,"North America","Hamilton","-64.706","32.3293","High income","Not classified"
"Bermuda","BM","BMU",2019,"","2026-01-28",64107,81.251,"North America","Hamilton","-64.706","32.3293","High income","Not classified"
"Bermuda","BM","BMU",2013,"","2026-01-28",63574,80.016,"North America","Hamilton","-64.706","32.3293","High income","Not classified"
"Bermuda","BM","BMU",2017,"","2026-01-28",63578,80.686,"North America","Hamilton","-64.706","32.3293","High income","Not classified"
"Bermuda","BM","BMU",2011,"","2026-01-28",63733,79.651,"North America","Hamilton","-64.706","32.3293","High income","Not classified"
"Bermuda","BM","BMU",2009,"","2026-01-28",63565,79.229,"North America","Hamilton","-64.706","32.3293","High income","Not classified"
"Bermuda","BM","BMU",2020,"","2026-01-28",64382,81.456,"North America","Hamilton","-64.706","32.3293","High income","Not classified"
"Bermuda","BM","BMU",2021,"","2026-01-28",64648,81.745,"North America","Hamilton","-64.706","32.3293","High income","Not classified"
"Bermuda","BM","BMU",2008,"","2026-01-28",63300,79.101,"North America","Hamilton","-64.706","32.3293","High income","Not classified"
"Bermuda","BM","BMU",2018,"","2026-01-28",63831,80.986,"North America","Hamilton","-64.706","32.3293","High income","Not classified"
"Bermuda","BM","BMU",2016,"","2026-01-28",63449,80.476,"North America","Hamilton","-64.706","32.3293","High income","Not classified"
"Bermuda","BM","BMU",2003,"","2026-01-28",62386,78.715,"North America","Hamilton","-64.706","32.3293","High income","Not classified"
"Bermuda","BM","BMU",2014,"","2026-01-28",63529,80.199,"North America","Hamilton","-64.706","32.3293","High income","Not classified"
"Bhutan","BT","BTN",2004,"","2026-01-28",650544,65.29,"South Asia","Thimphu","89.6177","27.5768","Lower middle income","IDA"
"Bhutan","BT","BTN",2017,"","2026-01-28",754335,71.413,"South Asia","Thimphu","89.6177","27.5768","Lower middle income","IDA"
"Bhutan","BT","BTN",2005,"","2026-01-28",661865,65.875,"South Asia","Thimphu","89.6177","27.5768","Lower middle income","IDA"
"Bhutan","BT","BTN",2003,"","2026-01-28",637663,64.662,"South Asia","Thimphu","89.6177","27.5768","Lower middle income","IDA"
"Bhutan","BT","BTN",2000,"","2026-01-28",596863,61.842,"South Asia","Thimphu","89.6177","27.5768","Lower middle income","IDA"
"Bhutan","BT","BTN",2008,"","2026-01-28",686351,67.733,"South Asia","Thimphu","89.6177","27.5768","Lower middle income","IDA"
"Bhutan","BT","BTN",2009,"","2026-01-28",693988,68.156,"South Asia","Thimphu","89.6177","27.5768","Lower middle income","IDA"
"Bhutan","BT","BTN",2014,"","2026-01-28",733139,70.504,"South Asia","Thimphu","89.6177","27.5768","Lower middle income","IDA"
"Bhutan","BT","BTN",2015,"","2026-01-28",740618,70.797,"South Asia","Thimphu","89.6177","27.5768","Lower middle income","IDA"
"Bhutan","BT","BTN",2012,"","2026-01-28",717279,69.759,"South Asia","Thimphu","89.6177","27.5768","Lower middle income","IDA"
"Bhutan","BT","BTN",2019,"","2026-01-28",764824,72.005,"South Asia","Thimphu","89.6177","27.5768","Lower middle income","IDA"
"Bhutan","BT","BTN",2001,"","2026-01-28",610794,63.323,"South Asia","Thimphu","89.6177","27.5768","Lower middle income","IDA"
"Bhutan","BT","BTN",2006,"","2026-01-28",670799,66.499,"South Asia","Thimphu","89.6177","27.5768","Lower middle income","IDA"
"Bhutan","BT","BTN",2016,"","2026-01-28",747866,71.119,"South Asia","Thimphu","89.6177","27.5768","Lower middle income","IDA"
"Bhutan","BT","BTN",2011,"","2026-01-28",709377,69.28,"South Asia","Thimphu","89.6177","27.5768","Lower middle income","IDA"
"Bhutan","BT","BTN",2020,"","2026-01-28",770006,72.253,"South Asia","Thimphu","89.6177","27.5768","Lower middle income","IDA"
"Bhutan","BT","BTN",2021,"","2026-01-28",775442,72.448,"South Asia","Thimphu","89.6177","27.5768","Lower middle income","IDA"
"Bhutan","BT","BTN",2007,"","2026-01-28",678641,67.152,"South Asia","Thimphu","89.6177","27.5768","Lower middle income","IDA"
"Bhutan","BT","BTN",2018,"","2026-01-28",759759,71.711,"South Asia","Thimphu","89.6177","27.5768","Lower middle income","IDA"
"Bhutan","BT","BTN",2013,"","2026-01-28",725273,70.161,"South Asia","Thimphu","89.6177","27.5768","Lower middle income","IDA"
"Bhutan","BT","BTN",2024,"","2026-01-28",791524,NA,"South Asia","Thimphu","89.6177","27.5768","Lower middle income","IDA"
"Bhutan","BT","BTN",2002,"","2026-01-28",624409,63.984,"South Asia","Thimphu","89.6177","27.5768","Lower middle income","IDA"
"Bhutan","BT","BTN",2010,"","2026-01-28",701632,68.765,"South Asia","Thimphu","89.6177","27.5768","Lower middle income","IDA"
"Bhutan","BT","BTN",2022,"","2026-01-28",780914,72.754,"South Asia","Thimphu","89.6177","27.5768","Lower middle income","IDA"
"Bhutan","BT","BTN",2023,"","2026-01-28",786385,72.975,"South Asia","Thimphu","89.6177","27.5768","Lower middle income","IDA"
"Bolivia","BO","BOL",2017,"","2026-01-28",11344587,67.536,"Latin America & Caribbean","La Paz","-66.1936","-13.9908","Lower middle income","IBRD"
"Bolivia","BO","BOL",2018,"","2026-01-28",11508368,67.699,"Latin America & Caribbean","La Paz","-66.1936","-13.9908","Lower middle income","IBRD"
"Bolivia","BO","BOL",2016,"","2026-01-28",11180020,67.392,"Latin America & Caribbean","La Paz","-66.1936","-13.9908","Lower middle income","IBRD"
"Bolivia","BO","BOL",2023,"","2026-01-28",12244159,68.581,"Latin America & Caribbean","La Paz","-66.1936","-13.9908","Lower middle income","IBRD"
"Bolivia","BO","BOL",2014,"","2026-01-28",10848888,66.97,"Latin America & Caribbean","La Paz","-66.1936","-13.9908","Lower middle income","IBRD"
"Bolivia","BO","BOL",2015,"","2026-01-28",11014705,67.205,"Latin America & Caribbean","La Paz","-66.1936","-13.9908","Lower middle income","IBRD"
"Bolivia","BO","BOL",2022,"","2026-01-28",12077154,67.434,"Latin America & Caribbean","La Paz","-66.1936","-13.9908","Lower middle income","IBRD"
"Bolivia","BO","BOL",2011,"","2026-01-28",10348929,66.282,"Latin America & Caribbean","La Paz","-66.1936","-13.9908","Lower middle income","IBRD"
"Bolivia","BO","BOL",2024,"","2026-01-28",12413315,NA,"Latin America & Caribbean","La Paz","-66.1936","-13.9908","Lower middle income","IBRD"
"Bolivia","BO","BOL",2013,"","2026-01-28",10682608,66.777,"Latin America & Caribbean","La Paz","-66.1936","-13.9908","Lower middle income","IBRD"
"Bolivia","BO","BOL",2001,"","2026-01-28",8752736,62.538,"Latin America & Caribbean","La Paz","-66.1936","-13.9908","Lower middle income","IBRD"
"Bolivia","BO","BOL",2002,"","2026-01-28",8900355,63.068,"Latin America & Caribbean","La Paz","-66.1936","-13.9908","Lower middle income","IBRD"
"Bolivia","BO","BOL",2003,"","2026-01-28",9050700,63.455,"Latin America & Caribbean","La Paz","-66.1936","-13.9908","Lower middle income","IBRD"
"Bolivia","BO","BOL",2019,"","2026-01-28",11671386,67.82,"Latin America & Caribbean","La Paz","-66.1936","-13.9908","Lower middle income","IBRD"
"Bolivia","BO","BOL",2021,"","2026-01-28",11937360,61.427,"Latin America & Caribbean","La Paz","-66.1936","-13.9908","Lower middle income","IBRD"
"Bolivia","BO","BOL",2005,"","2026-01-28",9360754,64.182,"Latin America & Caribbean","La Paz","-66.1936","-13.9908","Lower middle income","IBRD"
"Bolivia","BO","BOL",2006,"","2026-01-28",9521689,64.529,"Latin America & Caribbean","La Paz","-66.1936","-13.9908","Lower middle income","IBRD"
"Bolivia","BO","BOL",2007,"","2026-01-28",9685960,64.939,"Latin America & Caribbean","La Paz","-66.1936","-13.9908","Lower middle income","IBRD"
"Bolivia","BO","BOL",2008,"","2026-01-28",9850858,65.299,"Latin America & Caribbean","La Paz","-66.1936","-13.9908","Lower middle income","IBRD"
"Bolivia","BO","BOL",2010,"","2026-01-28",10182345,66.003,"Latin America & Caribbean","La Paz","-66.1936","-13.9908","Lower middle income","IBRD"
"Bolivia","BO","BOL",2004,"","2026-01-28",9204287,63.819,"Latin America & Caribbean","La Paz","-66.1936","-13.9908","Lower middle income","IBRD"
"Bolivia","BO","BOL",2012,"","2026-01-28",10515807,66.586,"Latin America & Caribbean","La Paz","-66.1936","-13.9908","Lower middle income","IBRD"
"Bolivia","BO","BOL",2000,"","2026-01-28",8606326,62.057,"Latin America & Caribbean","La Paz","-66.1936","-13.9908","Lower middle income","IBRD"
"Bolivia","BO","BOL",2020,"","2026-01-28",11816299,62.906,"Latin America & Caribbean","La Paz","-66.1936","-13.9908","Lower middle income","IBRD"
"Bolivia","BO","BOL",2009,"","2026-01-28",10016275,65.656,"Latin America & Caribbean","La Paz","-66.1936","-13.9908","Lower middle income","IBRD"
"Bosnia and Herzegovina","BA","BIH",2006,"","2026-01-28",4063272,76.028,"Europe & Central Asia","Sarajevo","18.4214","43.8607","Upper middle income","IBRD"
"Bosnia and Herzegovina","BA","BIH",2007,"","2026-01-28",4013424,76.162,"Europe & Central Asia","Sarajevo","18.4214","43.8607","Upper middle income","IBRD"
"Bosnia and Herzegovina","BA","BIH",2004,"","2026-01-28",4140987,76.489,"Europe & Central Asia","Sarajevo","18.4214","43.8607","Upper middle income","IBRD"
"Bosnia and Herzegovina","BA","BIH",2000,"","2026-01-28",4159771,75.292,"Europe & Central Asia","Sarajevo","18.4214","43.8607","Upper middle income","IBRD"
"Bosnia and Herzegovina","BA","BIH",2009,"","2026-01-28",3879794,76.701,"Europe & Central Asia","Sarajevo","18.4214","43.8607","Upper middle income","IBRD"
"Bosnia and Herzegovina","BA","BIH",2010,"","2026-01-28",3811472,76.827,"Europe & Central Asia","Sarajevo","18.4214","43.8607","Upper middle income","IBRD"
"Bosnia and Herzegovina","BA","BIH",2011,"","2026-01-28",3741798,76.963,"Europe & Central Asia","Sarajevo","18.4214","43.8607","Upper middle income","IBRD"
"Bosnia and Herzegovina","BA","BIH",2005,"","2026-01-28",4096493,76.424,"Europe & Central Asia","Sarajevo","18.4214","43.8607","Upper middle income","IBRD"
"Bosnia and Herzegovina","BA","BIH",2023,"","2026-01-28",3185073,77.85,"Europe & Central Asia","Sarajevo","18.4214","43.8607","Upper middle income","IBRD"
"Bosnia and Herzegovina","BA","BIH",2001,"","2026-01-28",4179438,75.573,"Europe & Central Asia","Sarajevo","18.4214","43.8607","Upper middle income","IBRD"
"Bosnia and Herzegovina","BA","BIH",2003,"","2026-01-28",4178523,76.449,"Europe & Central Asia","Sarajevo","18.4214","43.8607","Upper middle income","IBRD"
"Bosnia and Herzegovina","BA","BIH",2002,"","2026-01-28",4188002,75.994,"Europe & Central Asia","Sarajevo","18.4214","43.8607","Upper middle income","IBRD"
"Bosnia and Herzegovina","BA","BIH",2008,"","2026-01-28",3947544,76.3,"Europe & Central Asia","Sarajevo","18.4214","43.8607","Upper middle income","IBRD"
"Bosnia and Herzegovina","BA","BIH",2013,"","2026-01-28",3610859,77.129,"Europe & Central Asia","Sarajevo","18.4214","43.8607","Upper middle income","IBRD"
"Bosnia and Herzegovina","BA","BIH",2014,"","2026-01-28",3564829,77.089,"Europe & Central Asia","Sarajevo","18.4214","43.8607","Upper middle income","IBRD"
"Bosnia and Herzegovina","BA","BIH",2015,"","2026-01-28",3518541,77.073,"Europe & Central Asia","Sarajevo","18.4214","43.8607","Upper middle income","IBRD"
"Bosnia and Herzegovina","BA","BIH",2020,"","2026-01-28",3299349,76.04,"Europe & Central Asia","Sarajevo","18.4214","43.8607","Upper middle income","IBRD"
"Bosnia and Herzegovina","BA","BIH",2017,"","2026-01-28",3428682,77.385,"Europe & Central Asia","Sarajevo","18.4214","43.8607","Upper middle income","IBRD"
"Bosnia and Herzegovina","BA","BIH",2018,"","2026-01-28",3387000,77.942,"Europe & Central Asia","Sarajevo","18.4214","43.8607","Upper middle income","IBRD"
"Bosnia and Herzegovina","BA","BIH",2019,"","2026-01-28",3345533,77.394,"Europe & Central Asia","Sarajevo","18.4214","43.8607","Upper middle income","IBRD"
"Bosnia and Herzegovina","BA","BIH",2024,"","2026-01-28",3164253,NA,"Europe & Central Asia","Sarajevo","18.4214","43.8607","Upper middle income","IBRD"
"Bosnia and Herzegovina","BA","BIH",2022,"","2026-01-28",3204802,76.777,"Europe & Central Asia","Sarajevo","18.4214","43.8607","Upper middle income","IBRD"
"Bosnia and Herzegovina","BA","BIH",2016,"","2026-01-28",3473003,77.124,"Europe & Central Asia","Sarajevo","18.4214","43.8607","Upper middle income","IBRD"
"Bosnia and Herzegovina","BA","BIH",2021,"","2026-01-28",3244907,74.567,"Europe & Central Asia","Sarajevo","18.4214","43.8607","Upper middle income","IBRD"
"Bosnia and Herzegovina","BA","BIH",2012,"","2026-01-28",3670113,77.037,"Europe & Central Asia","Sarajevo","18.4214","43.8607","Upper middle income","IBRD"
"Botswana","BW","BWA",2009,"","2026-01-28",1990673,58.297,"Sub-Saharan Africa","Gaborone","25.9201","-24.6544","Upper middle income","IBRD"
"Botswana","BW","BWA",2020,"","2026-01-28",2365894,67.643,"Sub-Saharan Africa","Gaborone","25.9201","-24.6544","Upper middle income","IBRD"
"Botswana","BW","BWA",2014,"","2026-01-28",2172044,62.167,"Sub-Saharan Africa","Gaborone","25.9201","-24.6544","Upper middle income","IBRD"
"Botswana","BW","BWA",2015,"","2026-01-28",2203273,63.215,"Sub-Saharan Africa","Gaborone","25.9201","-24.6544","Upper middle income","IBRD"
"Botswana","BW","BWA",2001,"","2026-01-28",1712254,52.21,"Sub-Saharan Africa","Gaborone","25.9201","-24.6544","Upper middle income","IBRD"
"Botswana","BW","BWA",2011,"","2026-01-28",2073535,59.715,"Sub-Saharan Africa","Gaborone","25.9201","-24.6544","Upper middle income","IBRD"
"Botswana","BW","BWA",2006,"","2026-01-28",1874516,55.112,"Sub-Saharan Africa","Gaborone","25.9201","-24.6544","Upper middle income","IBRD"
"Botswana","BW","BWA",2007,"","2026-01-28",1911201,56.735,"Sub-Saharan Africa","Gaborone","25.9201","-24.6544","Upper middle income","IBRD"
"Botswana","BW","BWA",2004,"","2026-01-28",1807146,53.573,"Sub-Saharan Africa","Gaborone","25.9201","-24.6544","Upper middle income","IBRD"
"Botswana","BW","BWA",2013,"","2026-01-28",2140682,61.217,"Sub-Saharan Africa","Gaborone","25.9201","-24.6544","Upper middle income","IBRD"
"Botswana","BW","BWA",2002,"","2026-01-28",1744763,52.373,"Sub-Saharan Africa","Gaborone","25.9201","-24.6544","Upper middle income","IBRD"
"Botswana","BW","BWA",2012,"","2026-01-28",2108617,60.384,"Sub-Saharan Africa","Gaborone","25.9201","-24.6544","Upper middle income","IBRD"
"Botswana","BW","BWA",2008,"","2026-01-28",1949970,57.661,"Sub-Saharan Africa","Gaborone","25.9201","-24.6544","Upper middle income","IBRD"
"Botswana","BW","BWA",2022,"","2026-01-28",2439892,68.749,"Sub-Saharan Africa","Gaborone","25.9201","-24.6544","Upper middle income","IBRD"
"Botswana","BW","BWA",2005,"","2026-01-28",1839877,54.386,"Sub-Saharan Africa","Gaborone","25.9201","-24.6544","Upper middle income","IBRD"
"Botswana","BW","BWA",2003,"","2026-01-28",1775736,52.851,"Sub-Saharan Africa","Gaborone","25.9201","-24.6544","Upper middle income","IBRD"
"Botswana","BW","BWA",2024,"","2026-01-28",2521139,NA,"Sub-Saharan Africa","Gaborone","25.9201","-24.6544","Upper middle income","IBRD"
"Botswana","BW","BWA",2019,"","2026-01-28",2332083,67.167,"Sub-Saharan Africa","Gaborone","25.9201","-24.6544","Upper middle income","IBRD"
"Botswana","BW","BWA",2021,"","2026-01-28",2401441,63.303,"Sub-Saharan Africa","Gaborone","25.9201","-24.6544","Upper middle income","IBRD"
"Botswana","BW","BWA",2017,"","2026-01-28",2266747,65.42,"Sub-Saharan Africa","Gaborone","25.9201","-24.6544","Upper middle income","IBRD"
"Botswana","BW","BWA",2018,"","2026-01-28",2299141,66.371,"Sub-Saharan Africa","Gaborone","25.9201","-24.6544","Upper middle income","IBRD"
"Botswana","BW","BWA",2000,"","2026-01-28",1677382,52.263,"Sub-Saharan Africa","Gaborone","25.9201","-24.6544","Upper middle income","IBRD"
"Botswana","BW","BWA",2010,"","2026-01-28",2033111,59.137,"Sub-Saharan Africa","Gaborone","25.9201","-24.6544","Upper middle income","IBRD"
"Botswana","BW","BWA",2016,"","2026-01-28",2234776,64.32,"Sub-Saharan Africa","Gaborone","25.9201","-24.6544","Upper middle income","IBRD"
"Botswana","BW","BWA",2023,"","2026-01-28",2480244,69.163,"Sub-Saharan Africa","Gaborone","25.9201","-24.6544","Upper middle income","IBRD"
"Brazil","BR","BRA",2013,"","2026-01-28",198478299,74.609,"Latin America & Caribbean","Brasilia","-47.9292","-15.7801","Upper middle income","IBRD"
"Brazil","BR","BRA",2014,"","2026-01-28",200085127,74.823,"Latin America & Caribbean","Brasilia","-47.9292","-15.7801","Upper middle income","IBRD"
"Brazil","BR","BRA",2022,"","2026-01-28",210306415,74.872,"Latin America & Caribbean","Brasilia","-47.9292","-15.7801","Upper middle income","IBRD"
"Brazil","BR","BRA",2010,"","2026-01-28",193701929,73.779,"Latin America & Caribbean","Brasilia","-47.9292","-15.7801","Upper middle income","IBRD"
"Brazil","BR","BRA",2021,"","2026-01-28",209550294,73.038,"Latin America & Caribbean","Brasilia","-47.9292","-15.7801","Upper middle income","IBRD"
"Brazil","BR","BRA",2000,"","2026-01-28",174018282,69.584,"Latin America & Caribbean","Brasilia","-47.9292","-15.7801","Upper middle income","IBRD"
"Brazil","BR","BRA",2011,"","2026-01-28",195284734,74.047,"Latin America & Caribbean","Brasilia","-47.9292","-15.7801","Upper middle income","IBRD"
"Brazil","BR","BRA",2023,"","2026-01-28",211140729,75.848,"Latin America & Caribbean","Brasilia","-47.9292","-15.7801","Upper middle income","IBRD"
"Brazil","BR","BRA",2005,"","2026-01-28",184688101,71.832,"Latin America & Caribbean","Brasilia","-47.9292","-15.7801","Upper middle income","IBRD"
"Brazil","BR","BRA",2006,"","2026-01-28",186653106,72.296,"Latin America & Caribbean","Brasilia","-47.9292","-15.7801","Upper middle income","IBRD"
"Brazil","BR","BRA",2007,"","2026-01-28",188552320,72.73,"Latin America & Caribbean","Brasilia","-47.9292","-15.7801","Upper middle income","IBRD"
"Brazil","BR","BRA",2008,"","2026-01-28",190367302,73.111,"Latin America & Caribbean","Brasilia","-47.9292","-15.7801","Upper middle income","IBRD"
"Brazil","BR","BRA",2012,"","2026-01-28",196876111,74.335,"Latin America & Caribbean","Brasilia","-47.9292","-15.7801","Upper middle income","IBRD"
"Brazil","BR","BRA",2015,"","2026-01-28",201675532,75.106,"Latin America & Caribbean","Brasilia","-47.9292","-15.7801","Upper middle income","IBRD"
"Brazil","BR","BRA",2016,"","2026-01-28",203218114,75.081,"Latin America & Caribbean","Brasilia","-47.9292","-15.7801","Upper middle income","IBRD"
"Brazil","BR","BRA",2017,"","2026-01-28",204703445,75.383,"Latin America & Caribbean","Brasilia","-47.9292","-15.7801","Upper middle income","IBRD"
"Brazil","BR","BRA",2019,"","2026-01-28",207455459,75.809,"Latin America & Caribbean","Brasilia","-47.9292","-15.7801","Upper middle income","IBRD"
"Brazil","BR","BRA",2020,"","2026-01-28",208660842,74.506,"Latin America & Caribbean","Brasilia","-47.9292","-15.7801","Upper middle income","IBRD"
"Brazil","BR","BRA",2003,"","2026-01-28",180622688,70.884,"Latin America & Caribbean","Brasilia","-47.9292","-15.7801","Upper middle income","IBRD"
"Brazil","BR","BRA",2024,"","2026-01-28",211998573,NA,"Latin America & Caribbean","Brasilia","-47.9292","-15.7801","Upper middle income","IBRD"
"Brazil","BR","BRA",2004,"","2026-01-28",182675143,71.361,"Latin America & Caribbean","Brasilia","-47.9292","-15.7801","Upper middle income","IBRD"
"Brazil","BR","BRA",2002,"","2026-01-28",178503484,70.396,"Latin America & Caribbean","Brasilia","-47.9292","-15.7801","Upper middle income","IBRD"
"Brazil","BR","BRA",2009,"","2026-01-28",192079951,73.457,"Latin America & Caribbean","Brasilia","-47.9292","-15.7801","Upper middle income","IBRD"
"Brazil","BR","BRA",2018,"","2026-01-28",206107261,75.633,"Latin America & Caribbean","Brasilia","-47.9292","-15.7801","Upper middle income","IBRD"
"Brazil","BR","BRA",2001,"","2026-01-28",176301203,69.98,"Latin America & Caribbean","Brasilia","-47.9292","-15.7801","Upper middle income","IBRD"
"British Virgin Islands","VG","VGB",2011,"","2026-01-28",28710,76.363,"Latin America & Caribbean","Road Town","-64.623056","18.431389","High income","Not classified"
"British Virgin Islands","VG","VGB",2003,"","2026-01-28",22134,75.183,"Latin America & Caribbean","Road Town","-64.623056","18.431389","High income","Not classified"
"British Virgin Islands","VG","VGB",2004,"","2026-01-28",22881,75.404,"Latin America & Caribbean","Road Town","-64.623056","18.431389","High income","Not classified"
"British Virgin Islands","VG","VGB",2006,"","2026-01-28",24493,75.745,"Latin America & Caribbean","Road Town","-64.623056","18.431389","High income","Not classified"
"British Virgin Islands","VG","VGB",2008,"","2026-01-28",26288,76.07,"Latin America & Caribbean","Road Town","-64.623056","18.431389","High income","Not classified"
"British Virgin Islands","VG","VGB",2021,"","2026-01-28",37809,75.297,"Latin America & Caribbean","Road Town","-64.623056","18.431389","High income","Not classified"
"British Virgin Islands","VG","VGB",2010,"","2026-01-28",27675,76.289,"Latin America & Caribbean","Road Town","-64.623056","18.431389","High income","Not classified"
"British Virgin Islands","VG","VGB",2023,"","2026-01-28",38985,77.276,"Latin America & Caribbean","Road Town","-64.623056","18.431389","High income","Not classified"
"British Virgin Islands","VG","VGB",2024,"","2026-01-28",39471,NA,"Latin America & Caribbean","Road Town","-64.623056","18.431389","High income","Not classified"
"British Virgin Islands","VG","VGB",2001,"","2026-01-28",20796,74.831,"Latin America & Caribbean","Road Town","-64.623056","18.431389","High income","Not classified"
"British Virgin Islands","VG","VGB",2002,"","2026-01-28",21430,74.971,"Latin America & Caribbean","Road Town","-64.623056","18.431389","High income","Not classified"
"British Virgin Islands","VG","VGB",2014,"","2026-01-28",32962,76.527,"Latin America & Caribbean","Road Town","-64.623056","18.431389","High income","Not classified"
"British Virgin Islands","VG","VGB",2015,"","2026-01-28",34498,76.558,"Latin America & Caribbean","Road Town","-64.623056","18.431389","High income","Not classified"
"British Virgin Islands","VG","VGB",2016,"","2026-01-28",33878,76.624,"Latin America & Caribbean","Road Town","-64.623056","18.431389","High income","Not classified"
"British Virgin Islands","VG","VGB",2005,"","2026-01-28",23665,75.569,"Latin America & Caribbean","Road Town","-64.623056","18.431389","High income","Not classified"
"British Virgin Islands","VG","VGB",2007,"","2026-01-28",25366,75.893,"Latin America & Caribbean","Road Town","-64.623056","18.431389","High income","Not classified"
"British Virgin Islands","VG","VGB",2017,"","2026-01-28",32699,75.67,"Latin America & Caribbean","Road Town","-64.623056","18.431389","High income","Not classified"
"British Virgin Islands","VG","VGB",2009,"","2026-01-28",27218,76.205,"Latin America & Caribbean","Road Town","-64.623056","18.431389","High income","Not classified"
"British Virgin Islands","VG","VGB",2022,"","2026-01-28",38319,77.177,"Latin America & Caribbean","Road Town","-64.623056","18.431389","High income","Not classified"
"British Virgin Islands","VG","VGB",2019,"","2026-01-28",36395,76.845,"Latin America & Caribbean","Road Town","-64.623056","18.431389","High income","Not classified"
"British Virgin Islands","VG","VGB",2020,"","2026-01-28",37135,76.894,"Latin America & Caribbean","Road Town","-64.623056","18.431389","High income","Not classified"
"British Virgin Islands","VG","VGB",2000,"","2026-01-28",20241,74.753,"Latin America & Caribbean","Road Town","-64.623056","18.431389","High income","Not classified"
"British Virgin Islands","VG","VGB",2012,"","2026-01-28",30345,76.433,"Latin America & Caribbean","Road Town","-64.623056","18.431389","High income","Not classified"
"British Virgin Islands","VG","VGB",2013,"","2026-01-28",31703,76.472,"Latin America & Caribbean","Road Town","-64.623056","18.431389","High income","Not classified"
"British Virgin Islands","VG","VGB",2018,"","2026-01-28",34657,76.728,"Latin America & Caribbean","Road Town","-64.623056","18.431389","High income","Not classified"
"Brunei Darussalam","BN","BRN",2018,"","2026-01-28",437810,74.992,"East Asia & Pacific","Bandar Seri Begawan","114.946","4.94199","High income","Not classified"
"Brunei Darussalam","BN","BRN",2019,"","2026-01-28",442680,75.049,"East Asia & Pacific","Bandar Seri Begawan","114.946","4.94199","High income","Not classified"
"Brunei Darussalam","BN","BRN",2005,"","2026-01-28",358916,74.683,"East Asia & Pacific","Bandar Seri Begawan","114.946","4.94199","High income","Not classified"
"Brunei Darussalam","BN","BRN",2021,"","2026-01-28",451721,74.869,"East Asia & Pacific","Bandar Seri Begawan","114.946","4.94199","High income","Not classified"
"Brunei Darussalam","BN","BRN",2024,"","2026-01-28",462721,NA,"East Asia & Pacific","Bandar Seri Begawan","114.946","4.94199","High income","Not classified"
"Brunei Darussalam","BN","BRN",2020,"","2026-01-28",447404,75.114,"East Asia & Pacific","Bandar Seri Begawan","114.946","4.94199","High income","Not classified"
"Brunei Darussalam","BN","BRN",2010,"","2026-01-28",392332,74.82,"East Asia & Pacific","Bandar Seri Begawan","114.946","4.94199","High income","Not classified"
"Brunei Darussalam","BN","BRN",2013,"","2026-01-28",411202,74.854,"East Asia & Pacific","Bandar Seri Begawan","114.946","4.94199","High income","Not classified"
"Brunei Darussalam","BN","BRN",2014,"","2026-01-28",416750,74.862,"East Asia & Pacific","Bandar Seri Begawan","114.946","4.94199","High income","Not classified"
"Brunei Darussalam","BN","BRN",2002,"","2026-01-28",340099,74.365,"East Asia & Pacific","Bandar Seri Begawan","114.946","4.94199","High income","Not classified"
"Brunei Darussalam","BN","BRN",2016,"","2026-01-28",427564,74.905,"East Asia & Pacific","Bandar Seri Begawan","114.946","4.94199","High income","Not classified"
"Brunei Darussalam","BN","BRN",2017,"","2026-01-28",432772,74.943,"East Asia & Pacific","Bandar Seri Begawan","114.946","4.94199","High income","Not classified"
"Brunei Darussalam","BN","BRN",2001,"","2026-01-28",333345,74.209,"East Asia & Pacific","Bandar Seri Begawan","114.946","4.94199","High income","Not classified"
"Brunei Darussalam","BN","BRN",2022,"","2026-01-28",455370,72.917,"East Asia & Pacific","Bandar Seri Begawan","114.946","4.94199","High income","Not classified"
"Brunei Darussalam","BN","BRN",2003,"","2026-01-28",346637,74.509,"East Asia & Pacific","Bandar Seri Begawan","114.946","4.94199","High income","Not classified"
"Brunei Darussalam","BN","BRN",2004,"","2026-01-28",352911,74.603,"East Asia & Pacific","Bandar Seri Begawan","114.946","4.94199","High income","Not classified"
"Brunei Darussalam","BN","BRN",2006,"","2026-01-28",364663,74.753,"East Asia & Pacific","Bandar Seri Begawan","114.946","4.94199","High income","Not classified"
"Brunei Darussalam","BN","BRN",2012,"","2026-01-28",405557,74.843,"East Asia & Pacific","Bandar Seri Begawan","114.946","4.94199","High income","Not classified"
"Brunei Darussalam","BN","BRN",2023,"","2026-01-28",458949,75.327,"East Asia & Pacific","Bandar Seri Begawan","114.946","4.94199","High income","Not classified"
"Brunei Darussalam","BN","BRN",2009,"","2026-01-28",384952,74.814,"East Asia & Pacific","Bandar Seri Begawan","114.946","4.94199","High income","Not classified"
"Brunei Darussalam","BN","BRN",2011,"","2026-01-28",399389,74.835,"East Asia & Pacific","Bandar Seri Begawan","114.946","4.94199","High income","Not classified"
"Brunei Darussalam","BN","BRN",2000,"","2026-01-28",326424,74.017,"East Asia & Pacific","Bandar Seri Begawan","114.946","4.94199","High income","Not classified"
"Brunei Darussalam","BN","BRN",2007,"","2026-01-28",370873,74.793,"East Asia & Pacific","Bandar Seri Begawan","114.946","4.94199","High income","Not classified"
"Brunei Darussalam","BN","BRN",2015,"","2026-01-28",422212,74.88,"East Asia & Pacific","Bandar Seri Begawan","114.946","4.94199","High income","Not classified"
"Brunei Darussalam","BN","BRN",2008,"","2026-01-28",377793,74.814,"East Asia & Pacific","Bandar Seri Begawan","114.946","4.94199","High income","Not classified"
"Bulgaria","BG","BGR",2005,"","2026-01-28",7658972,72.5609756097561,"Europe & Central Asia","Sofia","23.3238","42.7105","High income","IBRD"
"Bulgaria","BG","BGR",2004,"","2026-01-28",7716860,72.5634146341463,"Europe & Central Asia","Sofia","23.3238","42.7105","High income","IBRD"
"Bulgaria","BG","BGR",2012,"","2026-01-28",7305888,74.3146341463415,"Europe & Central Asia","Sofia","23.3238","42.7105","High income","IBRD"
"Bulgaria","BG","BGR",2009,"","2026-01-28",7444443,73.4121951219512,"Europe & Central Asia","Sofia","23.3238","42.7105","High income","IBRD"
"Bulgaria","BG","BGR",2020,"","2026-01-28",6550696,73.3560975609756,"Europe & Central Asia","Sofia","23.3238","42.7105","High income","IBRD"
"Bulgaria","BG","BGR",2007,"","2026-01-28",7545338,72.6634146341463,"Europe & Central Asia","Sofia","23.3238","42.7105","High income","IBRD"
"Bulgaria","BG","BGR",2008,"","2026-01-28",7492561,72.9634146341463,"Europe & Central Asia","Sofia","23.3238","42.7105","High income","IBRD"
"Bulgaria","BG","BGR",2001,"","2026-01-28",8009142,71.7682926829268,"Europe & Central Asia","Sofia","23.3238","42.7105","High income","IBRD"
"Bulgaria","BG","BGR",2002,"","2026-01-28",7837161,71.8658536585366,"Europe & Central Asia","Sofia","23.3238","42.7105","High income","IBRD"
"Bulgaria","BG","BGR",2003,"","2026-01-28",7775327,72.0658536585366,"Europe & Central Asia","Sofia","23.3238","42.7105","High income","IBRD"
"Bulgaria","BG","BGR",2011,"","2026-01-28",7348328,74.1634146341463,"Europe & Central Asia","Sofia","23.3238","42.7105","High income","IBRD"
"Bulgaria","BG","BGR",2013,"","2026-01-28",7160005,74.8609756097561,"Europe & Central Asia","Sofia","23.3238","42.7105","High income","IBRD"
"Bulgaria","BG","BGR",2014,"","2026-01-28",7073572,74.4658536585366,"Europe & Central Asia","Sofia","23.3238","42.7105","High income","IBRD"
"Bulgaria","BG","BGR",2006,"","2026-01-28",7601022,72.6121951219512,"Europe & Central Asia","Sofia","23.3238","42.7105","High income","IBRD"
"Bulgaria","BG","BGR",2016,"","2026-01-28",6894139,74.8121951219512,"Europe & Central Asia","Sofia","23.3238","42.7105","High income","IBRD"
"Bulgaria","BG","BGR",2017,"","2026-01-28",6803468,74.8146341463415,"Europe & Central Asia","Sofia","23.3238","42.7105","High income","IBRD"
"Bulgaria","BG","BGR",2018,"","2026-01-28",6710798,74.9634146341464,"Europe & Central Asia","Sofia","23.3238","42.7105","High income","IBRD"
"Bulgaria","BG","BGR",2019,"","2026-01-28",6616726,75.1121951219512,"Europe & Central Asia","Sofia","23.3238","42.7105","High income","IBRD"
"Bulgaria","BG","BGR",2024,"","2026-01-28",6441421,NA,"Europe & Central Asia","Sofia","23.3238","42.7105","High income","IBRD"
"Bulgaria","BG","BGR",2021,"","2026-01-28",6507301,71.2121951219512,"Europe & Central Asia","Sofia","23.3238","42.7105","High income","IBRD"
"Bulgaria","BG","BGR",2022,"","2026-01-28",6465097,74.1609756097561,"Europe & Central Asia","Sofia","23.3238","42.7105","High income","IBRD"
"Bulgaria","BG","BGR",2000,"","2026-01-28",8170172,71.6634146341463,"Europe & Central Asia","Sofia","23.3238","42.7105","High income","IBRD"
"Bulgaria","BG","BGR",2015,"","2026-01-28",6984225,74.6146341463415,"Europe & Central Asia","Sofia","23.3238","42.7105","High income","IBRD"
"Bulgaria","BG","BGR",2010,"","2026-01-28",7395599,73.5121951219512,"Europe & Central Asia","Sofia","23.3238","42.7105","High income","IBRD"
"Bulgaria","BG","BGR",2023,"","2026-01-28",6446596,75.7073170731707,"Europe & Central Asia","Sofia","23.3238","42.7105","High income","IBRD"
"Burkina Faso","BF","BFA",2011,"","2026-01-28",16661908,57.001,"Sub-Saharan Africa","Ouagadougou","-1.53395","12.3605","Low income","IDA"
"Burkina Faso","BF","BFA",2016,"","2026-01-28",19334856,59.173,"Sub-Saharan Africa","Ouagadougou","-1.53395","12.3605","Low income","IDA"
"Burkina Faso","BF","BFA",2014,"","2026-01-28",18229461,58.331,"Sub-Saharan Africa","Ouagadougou","-1.53395","12.3605","Low income","IDA"
"Burkina Faso","BF","BFA",2007,"","2026-01-28",14816307,54.377,"Sub-Saharan Africa","Ouagadougou","-1.53395","12.3605","Low income","IDA"
"Burkina Faso","BF","BFA",2004,"","2026-01-28",13500533,52.6,"Sub-Saharan Africa","Ouagadougou","-1.53395","12.3605","Low income","IDA"
"Burkina Faso","BF","BFA",2005,"","2026-01-28",13932123,53.271,"Sub-Saharan Africa","Ouagadougou","-1.53395","12.3605","Low income","IDA"
"Burkina Faso","BF","BFA",2003,"","2026-01-28",13082532,51.959,"Sub-Saharan Africa","Ouagadougou","-1.53395","12.3605","Low income","IDA"
"Burkina Faso","BF","BFA",2012,"","2026-01-28",17172287,57.457,"Sub-Saharan Africa","Ouagadougou","-1.53395","12.3605","Low income","IDA"
"Burkina Faso","BF","BFA",2008,"","2026-01-28",15258093,55.199,"Sub-Saharan Africa","Ouagadougou","-1.53395","12.3605","Low income","IDA"
"Burkina Faso","BF","BFA",2009,"","2026-01-28",15710066,55.791,"Sub-Saharan Africa","Ouagadougou","-1.53395","12.3605","Low income","IDA"
"Burkina Faso","BF","BFA",2001,"","2026-01-28",12295001,51.188,"Sub-Saharan Africa","Ouagadougou","-1.53395","12.3605","Low income","IDA"
"Burkina Faso","BF","BFA",2015,"","2026-01-28",18777487,58.778,"Sub-Saharan Africa","Ouagadougou","-1.53395","12.3605","Low income","IDA"
"Burkina Faso","BF","BFA",2024,"","2026-01-28",23548781,NA,"Sub-Saharan Africa","Ouagadougou","-1.53395","12.3605","Low income","IDA"
"Burkina Faso","BF","BFA",2020,"","2026-01-28",21478690,60.454,"Sub-Saharan Africa","Ouagadougou","-1.53395","12.3605","Low income","IDA"
"Burkina Faso","BF","BFA",2017,"","2026-01-28",19894407,59.578,"Sub-Saharan Africa","Ouagadougou","-1.53395","12.3605","Low income","IDA"
"Burkina Faso","BF","BFA",2006,"","2026-01-28",14373707,53.784,"Sub-Saharan Africa","Ouagadougou","-1.53395","12.3605","Low income","IDA"
"Burkina Faso","BF","BFA",2019,"","2026-01-28",20961952,60.184,"Sub-Saharan Africa","Ouagadougou","-1.53395","12.3605","Low income","IDA"
"Burkina Faso","BF","BFA",2013,"","2026-01-28",17695409,57.903,"Sub-Saharan Africa","Ouagadougou","-1.53395","12.3605","Low income","IDA"
"Burkina Faso","BF","BFA",2021,"","2026-01-28",21995243,60.046,"Sub-Saharan Africa","Ouagadougou","-1.53395","12.3605","Low income","IDA"
"Burkina Faso","BF","BFA",2000,"","2026-01-28",11925546,50.808,"Sub-Saharan Africa","Ouagadougou","-1.53395","12.3605","Low income","IDA"
"Burkina Faso","BF","BFA",2010,"","2026-01-28",16176498,56.343,"Sub-Saharan Africa","Ouagadougou","-1.53395","12.3605","Low income","IDA"
"Burkina Faso","BF","BFA",2022,"","2026-01-28",22509038,60.7,"Sub-Saharan Africa","Ouagadougou","-1.53395","12.3605","Low income","IDA"
"Burkina Faso","BF","BFA",2002,"","2026-01-28",12680897,51.447,"Sub-Saharan Africa","Ouagadougou","-1.53395","12.3605","Low income","IDA"
"Burkina Faso","BF","BFA",2018,"","2026-01-28",20438288,59.972,"Sub-Saharan Africa","Ouagadougou","-1.53395","12.3605","Low income","IDA"
"Burkina Faso","BF","BFA",2023,"","2026-01-28",23025776,61.092,"Sub-Saharan Africa","Ouagadougou","-1.53395","12.3605","Low income","IDA"
"Burundi","BI","BDI",2020,"","2026-01-28",12617036,62.569,"Sub-Saharan Africa","Bujumbura","29.3639","-3.3784","Low income","IDA"
"Burundi","BI","BDI",2012,"","2026-01-28",10071028,58.501,"Sub-Saharan Africa","Bujumbura","29.3639","-3.3784","Low income","IDA"
"Burundi","BI","BDI",2019,"","2026-01-28",12255336,62.18,"Sub-Saharan Africa","Bujumbura","29.3639","-3.3784","Low income","IDA"
"Burundi","BI","BDI",2001,"","2026-01-28",6634365,48.509,"Sub-Saharan Africa","Bujumbura","29.3639","-3.3784","Low income","IDA"
"Burundi","BI","BDI",2010,"","2026-01-28",9376444,57.088,"Sub-Saharan Africa","Bujumbura","29.3639","-3.3784","Low income","IDA"
"Burundi","BI","BDI",2024,"","2026-01-28",14047786,NA,"Sub-Saharan Africa","Bujumbura","29.3639","-3.3784","Low income","IDA"
"Burundi","BI","BDI",2006,"","2026-01-28",7865547,53.962,"Sub-Saharan Africa","Bujumbura","29.3639","-3.3784","Low income","IDA"
"Burundi","BI","BDI",2022,"","2026-01-28",13321097,62.882,"Sub-Saharan Africa","Bujumbura","29.3639","-3.3784","Low income","IDA"
"Burundi","BI","BDI",2011,"","2026-01-28",9717978,57.804,"Sub-Saharan Africa","Bujumbura","29.3639","-3.3784","Low income","IDA"
"Burundi","BI","BDI",2013,"","2026-01-28",10439341,59.179,"Sub-Saharan Africa","Bujumbura","29.3639","-3.3784","Low income","IDA"
"Burundi","BI","BDI",2007,"","2026-01-28",8161874,54.832,"Sub-Saharan Africa","Bujumbura","29.3639","-3.3784","Low income","IDA"
"Burundi","BI","BDI",2008,"","2026-01-28",8505637,55.581,"Sub-Saharan Africa","Bujumbura","29.3639","-3.3784","Low income","IDA"
"Burundi","BI","BDI",2017,"","2026-01-28",11506762,61.345,"Sub-Saharan Africa","Bujumbura","29.3639","-3.3784","Low income","IDA"
"Burundi","BI","BDI",2018,"","2026-01-28",11859446,61.806,"Sub-Saharan Africa","Bujumbura","29.3639","-3.3784","Low income","IDA"
"Burundi","BI","BDI",2004,"","2026-01-28",7310656,52.217,"Sub-Saharan Africa","Bujumbura","29.3639","-3.3784","Low income","IDA"
"Burundi","BI","BDI",2002,"","2026-01-28",6824132,49.924,"Sub-Saharan Africa","Bujumbura","29.3639","-3.3784","Low income","IDA"
"Burundi","BI","BDI",2023,"","2026-01-28",13689450,63.651,"Sub-Saharan Africa","Bujumbura","29.3639","-3.3784","Low income","IDA"
"Burundi","BI","BDI",2005,"","2026-01-28",7587299,53.053,"Sub-Saharan Africa","Bujumbura","29.3639","-3.3784","Low income","IDA"
"Burundi","BI","BDI",2000,"","2026-01-28",6470194,47.617,"Sub-Saharan Africa","Bujumbura","29.3639","-3.3784","Low income","IDA"
"Burundi","BI","BDI",2014,"","2026-01-28",10799785,59.764,"Sub-Saharan Africa","Bujumbura","29.3639","-3.3784","Low income","IDA"
"Burundi","BI","BDI",2015,"","2026-01-28",11047580,60.107,"Sub-Saharan Africa","Bujumbura","29.3639","-3.3784","Low income","IDA"
"Burundi","BI","BDI",2009,"","2026-01-28",8947646,56.422,"Sub-Saharan Africa","Bujumbura","29.3639","-3.3784","Low income","IDA"
"Burundi","BI","BDI",2003,"","2026-01-28",7043154,50.997,"Sub-Saharan Africa","Bujumbura","29.3639","-3.3784","Low income","IDA"
"Burundi","BI","BDI",2016,"","2026-01-28",11239451,60.789,"Sub-Saharan Africa","Bujumbura","29.3639","-3.3784","Low income","IDA"
"Burundi","BI","BDI",2021,"","2026-01-28",12965481,62.101,"Sub-Saharan Africa","Bujumbura","29.3639","-3.3784","Low income","IDA"
"Cabo Verde","CV","CPV",2001,"","2026-01-28",460293,68.707,"Sub-Saharan Africa","Praia","-23.5087","14.9218","Lower middle income","Blend"
"Cabo Verde","CV","CPV",2002,"","2026-01-28",467046,69.447,"Sub-Saharan Africa","Praia","-23.5087","14.9218","Lower middle income","Blend"
"Cabo Verde","CV","CPV",2009,"","2026-01-28",506141,72.142,"Sub-Saharan Africa","Praia","-23.5087","14.9218","Lower middle income","Blend"
"Cabo Verde","CV","CPV",2017,"","2026-01-28",512893,74.71,"Sub-Saharan Africa","Praia","-23.5087","14.9218","Lower middle income","Blend"
"Cabo Verde","CV","CPV",2018,"","2026-01-28",513415,74.84,"Sub-Saharan Africa","Praia","-23.5087","14.9218","Lower middle income","Blend"
"Cabo Verde","CV","CPV",2004,"","2026-01-28",479370,70.499,"Sub-Saharan Africa","Praia","-23.5087","14.9218","Lower middle income","Blend"
"Cabo Verde","CV","CPV",2000,"","2026-01-28",453317,68.117,"Sub-Saharan Africa","Praia","-23.5087","14.9218","Lower middle income","Blend"
"Cabo Verde","CV","CPV",2010,"","2026-01-28",509784,72.507,"Sub-Saharan Africa","Praia","-23.5087","14.9218","Lower middle income","Blend"
"Cabo Verde","CV","CPV",2011,"","2026-01-28",511447,72.913,"Sub-Saharan Africa","Praia","-23.5087","14.9218","Lower middle income","Blend"
"Cabo Verde","CV","CPV",2012,"","2026-01-28",511955,73.315,"Sub-Saharan Africa","Praia","-23.5087","14.9218","Lower middle income","Blend"
"Cabo Verde","CV","CPV",2003,"","2026-01-28",473383,70.006,"Sub-Saharan Africa","Praia","-23.5087","14.9218","Lower middle income","Blend"
"Cabo Verde","CV","CPV",2005,"","2026-01-28",485115,70.936,"Sub-Saharan Africa","Praia","-23.5087","14.9218","Lower middle income","Blend"
"Cabo Verde","CV","CPV",2006,"","2026-01-28",490728,71.341,"Sub-Saharan Africa","Praia","-23.5087","14.9218","Lower middle income","Blend"
"Cabo Verde","CV","CPV",2007,"","2026-01-28",496190,71.487,"Sub-Saharan Africa","Praia","-23.5087","14.9218","Lower middle income","Blend"
"Cabo Verde","CV","CPV",2008,"","2026-01-28",501355,71.888,"Sub-Saharan Africa","Praia","-23.5087","14.9218","Lower middle income","Blend"
"Cabo Verde","CV","CPV",2015,"","2026-01-28",512394,74.096,"Sub-Saharan Africa","Praia","-23.5087","14.9218","Lower middle income","Blend"
"Cabo Verde","CV","CPV",2016,"","2026-01-28",512554,74.35,"Sub-Saharan Africa","Praia","-23.5087","14.9218","Lower middle income","Blend"
"Cabo Verde","CV","CPV",2019,"","2026-01-28",514104,75.449,"Sub-Saharan Africa","Praia","-23.5087","14.9218","Lower middle income","Blend"
"Cabo Verde","CV","CPV",2023,"","2026-01-28",522331,76.059,"Sub-Saharan Africa","Praia","-23.5087","14.9218","Lower middle income","Blend"
"Cabo Verde","CV","CPV",2024,"","2026-01-28",524877,NA,"Sub-Saharan Africa","Praia","-23.5087","14.9218","Lower middle income","Blend"
"Cabo Verde","CV","CPV",2021,"","2026-01-28",516649,74.424,"Sub-Saharan Africa","Praia","-23.5087","14.9218","Lower middle income","Blend"
"Cabo Verde","CV","CPV",2022,"","2026-01-28",519741,75.907,"Sub-Saharan Africa","Praia","-23.5087","14.9218","Lower middle income","Blend"
"Cabo Verde","CV","CPV",2014,"","2026-01-28",512326,73.788,"Sub-Saharan Africa","Praia","-23.5087","14.9218","Lower middle income","Blend"
"Cabo Verde","CV","CPV",2013,"","2026-01-28",512225,73.481,"Sub-Saharan Africa","Praia","-23.5087","14.9218","Lower middle income","Blend"
"Cabo Verde","CV","CPV",2020,"","2026-01-28",514679,73.818,"Sub-Saharan Africa","Praia","-23.5087","14.9218","Lower middle income","Blend"
"Cambodia","KH","KHM",2014,"","2026-01-28",15396772,69.117,"East Asia & Pacific","Phnom Penh","104.874","11.5556","Lower middle income","IDA"
"Cambodia","KH","KHM",2018,"","2026-01-28",16274522,69.993,"East Asia & Pacific","Phnom Penh","104.874","11.5556","Lower middle income","IDA"
"Cambodia","KH","KHM",2013,"","2026-01-28",15170208,68.755,"East Asia & Pacific","Phnom Penh","104.874","11.5556","Lower middle income","IDA"
"Cambodia","KH","KHM",2022,"","2026-01-28",17201724,70.528,"East Asia & Pacific","Phnom Penh","104.874","11.5556","Lower middle income","IDA"
"Cambodia","KH","KHM",2010,"","2026-01-28",14500726,67.311,"East Asia & Pacific","Phnom Penh","104.874","11.5556","Lower middle income","IDA"
"Cambodia","KH","KHM",2008,"","2026-01-28",14053479,66.147,"East Asia & Pacific","Phnom Penh","104.874","11.5556","Lower middle income","IDA"
"Cambodia","KH","KHM",2012,"","2026-01-28",14945085,68.371,"East Asia & Pacific","Phnom Penh","104.874","11.5556","Lower middle income","IDA"
"Cambodia","KH","KHM",2009,"","2026-01-28",14276810,66.747,"East Asia & Pacific","Phnom Penh","104.874","11.5556","Lower middle income","IDA"
"Cambodia","KH","KHM",2011,"","2026-01-28",14722584,67.869,"East Asia & Pacific","Phnom Penh","104.874","11.5556","Lower middle income","IDA"
"Cambodia","KH","KHM",2016,"","2026-01-28",15852803,69.635,"East Asia & Pacific","Phnom Penh","104.874","11.5556","Lower middle income","IDA"
"Cambodia","KH","KHM",2017,"","2026-01-28",16073372,69.842,"East Asia & Pacific","Phnom Penh","104.874","11.5556","Lower middle income","IDA"
"Cambodia","KH","KHM",2000,"","2026-01-28",12462336,59.491,"East Asia & Pacific","Phnom Penh","104.874","11.5556","Lower middle income","IDA"
"Cambodia","KH","KHM",2001,"","2026-01-28",12658484,60.457,"East Asia & Pacific","Phnom Penh","104.874","11.5556","Lower middle income","IDA"
"Cambodia","KH","KHM",2019,"","2026-01-28",16481304,70.127,"East Asia & Pacific","Phnom Penh","104.874","11.5556","Lower middle income","IDA"
"Cambodia","KH","KHM",2020,"","2026-01-28",16725474,70.059,"East Asia & Pacific","Phnom Penh","104.874","11.5556","Lower middle income","IDA"
"Cambodia","KH","KHM",2005,"","2026-01-28",13439202,64.113,"East Asia & Pacific","Phnom Penh","104.874","11.5556","Lower middle income","IDA"
"Cambodia","KH","KHM",2023,"","2026-01-28",17423880,70.668,"East Asia & Pacific","Phnom Penh","104.874","11.5556","Lower middle income","IDA"
"Cambodia","KH","KHM",2024,"","2026-01-28",17638801,NA,"East Asia & Pacific","Phnom Penh","104.874","11.5556","Lower middle income","IDA"
"Cambodia","KH","KHM",2002,"","2026-01-28",12855241,61.395,"East Asia & Pacific","Phnom Penh","104.874","11.5556","Lower middle income","IDA"
"Cambodia","KH","KHM",2003,"","2026-01-28",13050968,62.345,"East Asia & Pacific","Phnom Penh","104.874","11.5556","Lower middle income","IDA"
"Cambodia","KH","KHM",2004,"","2026-01-28",13244731,63.256,"East Asia & Pacific","Phnom Penh","104.874","11.5556","Lower middle income","IDA"
"Cambodia","KH","KHM",2015,"","2026-01-28",15623251,69.398,"East Asia & Pacific","Phnom Penh","104.874","11.5556","Lower middle income","IDA"
"Cambodia","KH","KHM",2007,"","2026-01-28",13841770,65.549,"East Asia & Pacific","Phnom Penh","104.874","11.5556","Lower middle income","IDA"
"Cambodia","KH","KHM",2006,"","2026-01-28",13639028,64.886,"East Asia & Pacific","Phnom Penh","104.874","11.5556","Lower middle income","IDA"
"Cambodia","KH","KHM",2021,"","2026-01-28",16974305,69.301,"East Asia & Pacific","Phnom Penh","104.874","11.5556","Lower middle income","IDA"
"Cameroon","CM","CMR",2001,"","2026-01-28",15309490,53.598,"Sub-Saharan Africa","Yaounde","11.5174","3.8721","Lower middle income","Blend"
"Cameroon","CM","CMR",2002,"","2026-01-28",15725528,53.922,"Sub-Saharan Africa","Yaounde","11.5174","3.8721","Lower middle income","Blend"
"Cameroon","CM","CMR",2004,"","2026-01-28",16610487,54.578,"Sub-Saharan Africa","Yaounde","11.5174","3.8721","Lower middle income","Blend"
"Cameroon","CM","CMR",2005,"","2026-01-28",17074594,54.904,"Sub-Saharan Africa","Yaounde","11.5174","3.8721","Lower middle income","Blend"
"Cameroon","CM","CMR",2015,"","2026-01-28",22763414,59.687,"Sub-Saharan Africa","Yaounde","11.5174","3.8721","Lower middle income","Blend"
"Cameroon","CM","CMR",2000,"","2026-01-28",14912631,53.338,"Sub-Saharan Africa","Yaounde","11.5174","3.8721","Lower middle income","Blend"
"Cameroon","CM","CMR",2022,"","2026-01-28",27632771,62.443,"Sub-Saharan Africa","Yaounde","11.5174","3.8721","Lower middle income","Blend"
"Cameroon","CM","CMR",2023,"","2026-01-28",28372687,63.7,"Sub-Saharan Africa","Yaounde","11.5174","3.8721","Lower middle income","Blend"
"Cameroon","CM","CMR",2024,"","2026-01-28",29123744,NA,"Sub-Saharan Africa","Yaounde","11.5174","3.8721","Lower middle income","Blend"
"Cameroon","CM","CMR",2003,"","2026-01-28",16160340,54.253,"Sub-Saharan Africa","Yaounde","11.5174","3.8721","Lower middle income","Blend"
"Cameroon","CM","CMR",2011,"","2026-01-28",20232304,57.482,"Sub-Saharan Africa","Yaounde","11.5174","3.8721","Lower middle income","Blend"
"Cameroon","CM","CMR",2012,"","2026-01-28",20809529,58.17,"Sub-Saharan Africa","Yaounde","11.5174","3.8721","Lower middle income","Blend"
"Cameroon","CM","CMR",2013,"","2026-01-28",21402376,58.73,"Sub-Saharan Africa","Yaounde","11.5174","3.8721","Lower middle income","Blend"
"Cameroon","CM","CMR",2014,"","2026-01-28",22059893,59.13,"Sub-Saharan Africa","Yaounde","11.5174","3.8721","Lower middle income","Blend"
"Cameroon","CM","CMR",2021,"","2026-01-28",26915758,61.146,"Sub-Saharan Africa","Yaounde","11.5174","3.8721","Lower middle income","Blend"
"Cameroon","CM","CMR",2016,"","2026-01-28",23454161,60.293,"Sub-Saharan Africa","Yaounde","11.5174","3.8721","Lower middle income","Blend"
"Cameroon","CM","CMR",2017,"","2026-01-28",24128601,60.817,"Sub-Saharan Africa","Yaounde","11.5174","3.8721","Lower middle income","Blend"
"Cameroon","CM","CMR",2009,"","2026-01-28",19113974,56.486,"Sub-Saharan Africa","Yaounde","11.5174","3.8721","Lower middle income","Blend"
"Cameroon","CM","CMR",2020,"","2026-01-28",26210558,61.674,"Sub-Saharan Africa","Yaounde","11.5174","3.8721","Lower middle income","Blend"
"Cameroon","CM","CMR",2007,"","2026-01-28",18049896,55.71,"Sub-Saharan Africa","Yaounde","11.5174","3.8721","Lower middle income","Blend"
"Cameroon","CM","CMR",2008,"","2026-01-28",18574056,56.116,"Sub-Saharan Africa","Yaounde","11.5174","3.8721","Lower middle income","Blend"
"Cameroon","CM","CMR",2006,"","2026-01-28",17550407,55.301,"Sub-Saharan Africa","Yaounde","11.5174","3.8721","Lower middle income","Blend"
"Cameroon","CM","CMR",2010,"","2026-01-28",19668066,56.965,"Sub-Saharan Africa","Yaounde","11.5174","3.8721","Lower middle income","Blend"
"Cameroon","CM","CMR",2019,"","2026-01-28",25506095,61.695,"Sub-Saharan Africa","Yaounde","11.5174","3.8721","Lower middle income","Blend"
"Cameroon","CM","CMR",2018,"","2026-01-28",24806383,61.189,"Sub-Saharan Africa","Yaounde","11.5174","3.8721","Lower middle income","Blend"
"Canada","CA","CAN",2007,"","2026-01-28",32888886,80.5436585365854,"North America","Ottawa","-75.6919","45.4215","High income","Not classified"
"Canada","CA","CAN",2002,"","2026-01-28",31359199,79.5307317073171,"North America","Ottawa","-75.6919","45.4215","High income","Not classified"
"Canada","CA","CAN",2000,"","2026-01-28",30685730,79.1668292682927,"North America","Ottawa","-75.6919","45.4215","High income","Not classified"
"Canada","CA","CAN",2014,"","2026-01-28",35434066,81.7843902439025,"North America","Ottawa","-75.6919","45.4215","High income","Not classified"
"Canada","CA","CAN",2008,"","2026-01-28",33247298,80.7246341463415,"North America","Ottawa","-75.6919","45.4215","High income","Not classified"
"Canada","CA","CAN",2003,"","2026-01-28",31642461,79.7151219512195,"North America","Ottawa","-75.6919","45.4215","High income","Not classified"
"Canada","CA","CAN",2004,"","2026-01-28",31938807,79.9921951219512,"North America","Ottawa","-75.6919","45.4215","High income","Not classified"
"Canada","CA","CAN",2011,"","2026-01-28",34339221,81.4826829268293,"North America","Ottawa","-75.6919","45.4215","High income","Not classified"
"Canada","CA","CAN",2012,"","2026-01-28",34713395,81.6636585365854,"North America","Ottawa","-75.6919","45.4215","High income","Not classified"
"Canada","CA","CAN",2013,"","2026-01-28",35080992,81.7448780487805,"North America","Ottawa","-75.6919","45.4215","High income","Not classified"
"Canada","CA","CAN",2022,"","2026-01-28",38935934,81.2453658536585,"North America","Ottawa","-75.6919","45.4215","High income","Not classified"
"Canada","CA","CAN",2001,"","2026-01-28",31020855,79.3980487804878,"North America","Ottawa","-75.6919","45.4215","High income","Not classified"
"Canada","CA","CAN",2015,"","2026-01-28",35704498,81.8258536585366,"North America","Ottawa","-75.6919","45.4215","High income","Not classified"
"Canada","CA","CAN",2016,"","2026-01-28",36110803,81.94,"North America","Ottawa","-75.6919","45.4215","High income","Not classified"
"Canada","CA","CAN",2017,"","2026-01-28",36545075,81.8129268292683,"North America","Ottawa","-75.6919","45.4215","High income","Not classified"
"Canada","CA","CAN",2010,"","2026-01-28",34005902,81.3221951219512,"North America","Ottawa","-75.6919","45.4215","High income","Not classified"
"Canada","CA","CAN",2005,"","2026-01-28",32242732,80.1126829268293,"North America","Ottawa","-75.6919","45.4215","High income","Not classified"
"Canada","CA","CAN",2009,"","2026-01-28",33630069,81.0660975609756,"North America","Ottawa","-75.6919","45.4215","High income","Not classified"
"Canada","CA","CAN",2021,"","2026-01-28",38239864,81.5168292682927,"North America","Ottawa","-75.6919","45.4215","High income","Not classified"
"Canada","CA","CAN",2019,"","2026-01-28",37618495,82.1636585365854,"North America","Ottawa","-75.6919","45.4215","High income","Not classified"
"Canada","CA","CAN",2020,"","2026-01-28",38028638,81.5351219512195,"North America","Ottawa","-75.6919","45.4215","High income","Not classified"
"Canada","CA","CAN",2006,"","2026-01-28",32571193,80.5436585365854,"North America","Ottawa","-75.6919","45.4215","High income","Not classified"
"Canada","CA","CAN",2018,"","2026-01-28",37072620,81.8087804878049,"North America","Ottawa","-75.6919","45.4215","High income","Not classified"
"Canada","CA","CAN",2024,"","2026-01-28",41288599,NA,"North America","Ottawa","-75.6919","45.4215","High income","Not classified"
"Canada","CA","CAN",2023,"","2026-01-28",40083484,81.6465853658537,"North America","Ottawa","-75.6919","45.4215","High income","Not classified"
"Caribbean small states","S3","CSS",2007,"","2026-01-28",4098855,70.2937333399205,"Aggregates","","","","Aggregates","Aggregates"
"Caribbean small states","S3","CSS",2018,"","2026-01-28",4407658,72.2210854022703,"Aggregates","","","","Aggregates","Aggregates"
"Caribbean small states","S3","CSS",2022,"","2026-01-28",4497310,72.8322921090607,"Aggregates","","","","Aggregates","Aggregates"
"Caribbean small states","S3","CSS",2019,"","2026-01-28",4443134,72.1292604830284,"Aggregates","","","","Aggregates","Aggregates"
"Caribbean small states","S3","CSS",2006,"","2026-01-28",4072929,69.9344232165599,"Aggregates","","","","Aggregates","Aggregates"
"Caribbean small states","S3","CSS",2023,"","2026-01-28",4519904,73.1716450013098,"Aggregates","","","","Aggregates","Aggregates"
"Caribbean small states","S3","CSS",2009,"","2026-01-28",4146899,70.797737511813,"Aggregates","","","","Aggregates","Aggregates"
"Caribbean small states","S3","CSS",2005,"","2026-01-28",4049468,69.6320513314341,"Aggregates","","","","Aggregates","Aggregates"
"Caribbean small states","S3","CSS",2012,"","2026-01-28",4228445,71.4019143290264,"Aggregates","","","","Aggregates","Aggregates"
"Caribbean small states","S3","CSS",2021,"","2026-01-28",4479167,69.9228107471769,"Aggregates","","","","Aggregates","Aggregates"
"Caribbean small states","S3","CSS",2014,"","2026-01-28",4286546,71.7739411761824,"Aggregates","","","","Aggregates","Aggregates"
"Caribbean small states","S3","CSS",2015,"","2026-01-28",4314191,71.8641021665476,"Aggregates","","","","Aggregates","Aggregates"
"Caribbean small states","S3","CSS",2016,"","2026-01-28",4341333,72.0516361154512,"Aggregates","","","","Aggregates","Aggregates"
"Caribbean small states","S3","CSS",2013,"","2026-01-28",4257682,71.5692506084296,"Aggregates","","","","Aggregates","Aggregates"
"Caribbean small states","S3","CSS",2001,"","2026-01-28",3987087,68.6619722928042,"Aggregates","","","","Aggregates","Aggregates"
"Caribbean small states","S3","CSS",2002,"","2026-01-28",4018796,68.8997139018751,"Aggregates","","","","Aggregates","Aggregates"
"Caribbean small states","S3","CSS",2003,"","2026-01-28",4050990,69.0876488979237,"Aggregates","","","","Aggregates","Aggregates"
"Caribbean small states","S3","CSS",2004,"","2026-01-28",4080569,69.3609701933726,"Aggregates","","","","Aggregates","Aggregates"
"Caribbean small states","S3","CSS",2024,"","2026-01-28",4539060,NA,"Aggregates","","","","Aggregates","Aggregates"
"Caribbean small states","S3","CSS",2000,"","2026-01-28",3956229,68.3976758324657,"Aggregates","","","","Aggregates","Aggregates"
"Caribbean small states","S3","CSS",2010,"","2026-01-28",4173335,71.0114366987074,"Aggregates","","","","Aggregates","Aggregates"
"Caribbean small states","S3","CSS",2011,"","2026-01-28",4201107,71.266093287793,"Aggregates","","","","Aggregates","Aggregates"
"Caribbean small states","S3","CSS",2020,"","2026-01-28",4459302,71.9394359303317,"Aggregates","","","","Aggregates","Aggregates"
"Caribbean small states","S3","CSS",2008,"","2026-01-28",4124966,70.5499974705246,"Aggregates","","","","Aggregates","Aggregates"
"Caribbean small states","S3","CSS",2017,"","2026-01-28",4366140,72.1731041595093,"Aggregates","","","","Aggregates","Aggregates"
"Cayman Islands","KY","CYM",2006,"","2026-01-28",48232,75,"Latin America & Caribbean","George Town","-81.3857","19.3022","High income","Not classified"
"Cayman Islands","KY","CYM",2007,"","2026-01-28",49687,75.152,"Latin America & Caribbean","George Town","-81.3857","19.3022","High income","Not classified"
"Cayman Islands","KY","CYM",2004,"","2026-01-28",45352,74.596,"Latin America & Caribbean","George Town","-81.3857","19.3022","High income","Not classified"
"Cayman Islands","KY","CYM",2008,"","2026-01-28",51151,75.386,"Latin America & Caribbean","George Town","-81.3857","19.3022","High income","Not classified"
"Cayman Islands","KY","CYM",2009,"","2026-01-28",52618,75.671,"Latin America & Caribbean","George Town","-81.3857","19.3022","High income","Not classified"
"Cayman Islands","KY","CYM",2010,"","2026-01-28",54099,76.069,"Latin America & Caribbean","George Town","-81.3857","19.3022","High income","Not classified"
"Cayman Islands","KY","CYM",2001,"","2026-01-28",41089,74.529,"Latin America & Caribbean","George Town","-81.3857","19.3022","High income","Not classified"
"Cayman Islands","KY","CYM",2000,"","2026-01-28",39674,74.378,"Latin America & Caribbean","George Town","-81.3857","19.3022","High income","Not classified"
"Cayman Islands","KY","CYM",2002,"","2026-01-28",42514,74.609,"Latin America & Caribbean","George Town","-81.3857","19.3022","High income","Not classified"
"Cayman Islands","KY","CYM",2003,"","2026-01-28",43934,74.639,"Latin America & Caribbean","George Town","-81.3857","19.3022","High income","Not classified"
"Cayman Islands","KY","CYM",2005,"","2026-01-28",46788,74.863,"Latin America & Caribbean","George Town","-81.3857","19.3022","High income","Not classified"
"Cayman Islands","KY","CYM",2015,"","2026-01-28",61642,78.119,"Latin America & Caribbean","George Town","-81.3857","19.3022","High income","Not classified"
"Cayman Islands","KY","CYM",2016,"","2026-01-28",63100,78.367,"Latin America & Caribbean","George Town","-81.3857","19.3022","High income","Not classified"
"Cayman Islands","KY","CYM",2017,"","2026-01-28",64535,78.615,"Latin America & Caribbean","George Town","-81.3857","19.3022","High income","Not classified"
"Cayman Islands","KY","CYM",2013,"","2026-01-28",58655,77.652,"Latin America & Caribbean","George Town","-81.3857","19.3022","High income","Not classified"
"Cayman Islands","KY","CYM",2023,"","2026-01-28",73038,80.358,"Latin America & Caribbean","George Town","-81.3857","19.3022","High income","Not classified"
"Cayman Islands","KY","CYM",2019,"","2026-01-28",67327,79.052,"Latin America & Caribbean","George Town","-81.3857","19.3022","High income","Not classified"
"Cayman Islands","KY","CYM",2020,"","2026-01-28",68684,79.23,"Latin America & Caribbean","George Town","-81.3857","19.3022","High income","Not classified"
"Cayman Islands","KY","CYM",2021,"","2026-01-28",70108,79.3,"Latin America & Caribbean","George Town","-81.3857","19.3022","High income","Not classified"
"Cayman Islands","KY","CYM",2011,"","2026-01-28",55606,76.562,"Latin America & Caribbean","George Town","-81.3857","19.3022","High income","Not classified"
"Cayman Islands","KY","CYM",2014,"","2026-01-28",60160,77.865,"Latin America & Caribbean","George Town","-81.3857","19.3022","High income","Not classified"
"Cayman Islands","KY","CYM",2012,"","2026-01-28",57136,77.121,"Latin America & Caribbean","George Town","-81.3857","19.3022","High income","Not classified"
"Cayman Islands","KY","CYM",2022,"","2026-01-28",71591,79.984,"Latin America & Caribbean","George Town","-81.3857","19.3022","High income","Not classified"
"Cayman Islands","KY","CYM",2018,"","2026-01-28",65941,78.835,"Latin America & Caribbean","George Town","-81.3857","19.3022","High income","Not classified"
"Cayman Islands","KY","CYM",2024,"","2026-01-28",74457,NA,"Latin America & Caribbean","George Town","-81.3857","19.3022","High income","Not classified"
"Central African Republic","CF","CAF",2010,"","2026-01-28",4492995,46.871,"Sub-Saharan Africa","Bangui","21.6407","5.63056","Low income","IDA"
"Central African Republic","CF","CAF",2017,"","2026-01-28",4793511,45.231,"Sub-Saharan Africa","Bangui","21.6407","5.63056","Low income","IDA"
"Central African Republic","CF","CAF",2020,"","2026-01-28",5026628,50.596,"Sub-Saharan Africa","Bangui","21.6407","5.63056","Low income","IDA"
"Central African Republic","CF","CAF",2021,"","2026-01-28",5112100,40.279,"Sub-Saharan Africa","Bangui","21.6407","5.63056","Low income","IDA"
"Central African Republic","CF","CAF",2018,"","2026-01-28",4878657,52.297,"Sub-Saharan Africa","Bangui","21.6407","5.63056","Low income","IDA"
"Central African Republic","CF","CAF",2012,"","2026-01-28",4610848,51.336,"Sub-Saharan Africa","Bangui","21.6407","5.63056","Low income","IDA"
"Central African Republic","CF","CAF",2013,"","2026-01-28",4642419,49.487,"Sub-Saharan Africa","Bangui","21.6407","5.63056","Low income","IDA"
"Central African Republic","CF","CAF",2022,"","2026-01-28",5098039,18.818,"Sub-Saharan Africa","Bangui","21.6407","5.63056","Low income","IDA"
"Central African Republic","CF","CAF",2014,"","2026-01-28",4623182,40.265,"Sub-Saharan Africa","Bangui","21.6407","5.63056","Low income","IDA"
"Central African Republic","CF","CAF",2000,"","2026-01-28",3833416,46.609,"Sub-Saharan Africa","Bangui","21.6407","5.63056","Low income","IDA"
"Central African Republic","CF","CAF",2015,"","2026-01-28",4629320,51.934,"Sub-Saharan Africa","Bangui","21.6407","5.63056","Low income","IDA"
"Central African Republic","CF","CAF",2003,"","2026-01-28",4103086,47.306,"Sub-Saharan Africa","Bangui","21.6407","5.63056","Low income","IDA"
"Central African Republic","CF","CAF",2004,"","2026-01-28",4192826,47.696,"Sub-Saharan Africa","Bangui","21.6407","5.63056","Low income","IDA"
"Central African Republic","CF","CAF",2019,"","2026-01-28",4944703,31.53,"Sub-Saharan Africa","Bangui","21.6407","5.63056","Low income","IDA"
"Central African Republic","CF","CAF",2006,"","2026-01-28",4377579,48.687,"Sub-Saharan Africa","Bangui","21.6407","5.63056","Low income","IDA"
"Central African Republic","CF","CAF",2008,"","2026-01-28",4558984,49.873,"Sub-Saharan Africa","Bangui","21.6407","5.63056","Low income","IDA"
"Central African Republic","CF","CAF",2009,"","2026-01-28",4529047,14.665,"Sub-Saharan Africa","Bangui","21.6407","5.63056","Low income","IDA"
"Central African Republic","CF","CAF",2011,"","2026-01-28",4565021,50.107,"Sub-Saharan Africa","Bangui","21.6407","5.63056","Low income","IDA"
"Central African Republic","CF","CAF",2023,"","2026-01-28",5152421,57.408,"Sub-Saharan Africa","Bangui","21.6407","5.63056","Low income","IDA"
"Central African Republic","CF","CAF",2024,"","2026-01-28",5330690,NA,"Sub-Saharan Africa","Bangui","21.6407","5.63056","Low income","IDA"
"Central African Republic","CF","CAF",2002,"","2026-01-28",4006077,46.84,"Sub-Saharan Africa","Bangui","21.6407","5.63056","Low income","IDA"
"Central African Republic","CF","CAF",2016,"","2026-01-28",4713663,50.999,"Sub-Saharan Africa","Bangui","21.6407","5.63056","Low income","IDA"
"Central African Republic","CF","CAF",2005,"","2026-01-28",4288810,48.207,"Sub-Saharan Africa","Bangui","21.6407","5.63056","Low income","IDA"
"Central African Republic","CF","CAF",2001,"","2026-01-28",3919487,46.734,"Sub-Saharan Africa","Bangui","21.6407","5.63056","Low income","IDA"
"Central African Republic","CF","CAF",2007,"","2026-01-28",4462770,49.327,"Sub-Saharan Africa","Bangui","21.6407","5.63056","Low income","IDA"
"Central Europe and the Baltics","B8","CEB",2022,"","2026-01-28",100071871,76.6522987292583,"Aggregates","","","","Aggregates","Aggregates"
"Central Europe and the Baltics","B8","CEB",2024,"","2026-01-28",100061963,NA,"Aggregates","","","","Aggregates","Aggregates"
"Central Europe and the Baltics","B8","CEB",2017,"","2026-01-28",102337501,76.929788715597,"Aggregates","","","","Aggregates","Aggregates"
"Central Europe and the Baltics","B8","CEB",2018,"","2026-01-28",102074201,76.9764380835075,"Aggregates","","","","Aggregates","Aggregates"
"Central Europe and the Baltics","B8","CEB",2023,"","2026-01-28",100183707,77.8966245256412,"Aggregates","","","","Aggregates","Aggregates"
"Central Europe and the Baltics","B8","CEB",2019,"","2026-01-28",101864274,77.2659141936307,"Aggregates","","","","Aggregates","Aggregates"
"Central Europe and the Baltics","B8","CEB",2020,"","2026-01-28",101215763,76.0162701269145,"Aggregates","","","","Aggregates","Aggregates"
"Central Europe and the Baltics","B8","CEB",2021,"","2026-01-28",100205732,74.7232827859077,"Aggregates","","","","Aggregates","Aggregates"
"Central Europe and the Baltics","B8","CEB",2000,"","2026-01-28",108447824,72.7197247227791,"Aggregates","","","","Aggregates","Aggregates"
"Central Europe and the Baltics","B8","CEB",2010,"","2026-01-28",104421447,75.2939657786314,"Aggregates","","","","Aggregates","Aggregates"
"Central Europe and the Baltics","B8","CEB",2016,"","2026-01-28",102647939,76.9703062304413,"Aggregates","","","","Aggregates","Aggregates"
"Central Europe and the Baltics","B8","CEB",2014,"","2026-01-28",103280478,76.6887696437325,"Aggregates","","","","Aggregates","Aggregates"
"Central Europe and the Baltics","B8","CEB",2011,"","2026-01-28",104174038,75.8884748834282,"Aggregates","","","","Aggregates","Aggregates"
"Central Europe and the Baltics","B8","CEB",2015,"","2026-01-28",102973167,76.5755119772504,"Aggregates","","","","Aggregates","Aggregates"
"Central Europe and the Baltics","B8","CEB",2009,"","2026-01-28",104800475,74.9303639266576,"Aggregates","","","","Aggregates","Aggregates"
"Central Europe and the Baltics","B8","CEB",2006,"","2026-01-28",105772481,74.0926027308097,"Aggregates","","","","Aggregates","Aggregates"
"Central Europe and the Baltics","B8","CEB",2003,"","2026-01-28",106624167,73.3822527825258,"Aggregates","","","","Aggregates","Aggregates"
"Central Europe and the Baltics","B8","CEB",2004,"","2026-01-28",106331716,73.7304349327381,"Aggregates","","","","Aggregates","Aggregates"
"Central Europe and the Baltics","B8","CEB",2012,"","2026-01-28",103929494,76.0033944660035,"Aggregates","","","","Aggregates","Aggregates"
"Central Europe and the Baltics","B8","CEB",2013,"","2026-01-28",103570062,76.3747350098375,"Aggregates","","","","Aggregates","Aggregates"
"Central Europe and the Baltics","B8","CEB",2007,"","2026-01-28",105378748,74.2506487210768,"Aggregates","","","","Aggregates","Aggregates"
"Central Europe and the Baltics","B8","CEB",2008,"","2026-01-28",105001883,74.5759526780779,"Aggregates","","","","Aggregates","Aggregates"
"Central Europe and the Baltics","B8","CEB",2001,"","2026-01-28",107660041,73.0961481937343,"Aggregates","","","","Aggregates","Aggregates"
"Central Europe and the Baltics","B8","CEB",2002,"","2026-01-28",106959751,73.2424154880921,"Aggregates","","","","Aggregates","Aggregates"
"Central Europe and the Baltics","B8","CEB",2005,"","2026-01-28",106041911,73.8449951359211,"Aggregates","","","","Aggregates","Aggregates"
"Chad","TD","TCD",2009,"","2026-01-28",11893754,49.828,"Sub-Saharan Africa","N'Djamena","15.0445","12.1048","Low income","IDA"
"Chad","TD","TCD",2002,"","2026-01-28",9116192,48.36,"Sub-Saharan Africa","N'Djamena","15.0445","12.1048","Low income","IDA"
"Chad","TD","TCD",2005,"","2026-01-28",10328092,48.86,"Sub-Saharan Africa","N'Djamena","15.0445","12.1048","Low income","IDA"
"Chad","TD","TCD",2001,"","2026-01-28",8804124,48.306,"Sub-Saharan Africa","N'Djamena","15.0445","12.1048","Low income","IDA"
"Chad","TD","TCD",2003,"","2026-01-28",9487833,48.609,"Sub-Saharan Africa","N'Djamena","15.0445","12.1048","Low income","IDA"
"Chad","TD","TCD",2004,"","2026-01-28",9920036,48.687,"Sub-Saharan Africa","N'Djamena","15.0445","12.1048","Low income","IDA"
"Chad","TD","TCD",2023,"","2026-01-28",19319064,55.069,"Sub-Saharan Africa","N'Djamena","15.0445","12.1048","Low income","IDA"
"Chad","TD","TCD",2022,"","2026-01-28",18455316,54.528,"Sub-Saharan Africa","N'Djamena","15.0445","12.1048","Low income","IDA"
"Chad","TD","TCD",2006,"","2026-01-28",10706424,48.747,"Sub-Saharan Africa","N'Djamena","15.0445","12.1048","Low income","IDA"
"Chad","TD","TCD",2007,"","2026-01-28",11081660,49.21,"Sub-Saharan Africa","N'Djamena","15.0445","12.1048","Low income","IDA"
"Chad","TD","TCD",2014,"","2026-01-28",14188678,51.141,"Sub-Saharan Africa","N'Djamena","15.0445","12.1048","Low income","IDA"
"Chad","TD","TCD",2024,"","2026-01-28",20299123,NA,"Sub-Saharan Africa","N'Djamena","15.0445","12.1048","Low income","IDA"
"Chad","TD","TCD",2011,"","2026-01-28",12754997,50.426,"Sub-Saharan Africa","N'Djamena","15.0445","12.1048","Low income","IDA"
"Chad","TD","TCD",2000,"","2026-01-28",8512093,47.937,"Sub-Saharan Africa","N'Djamena","15.0445","12.1048","Low income","IDA"
"Chad","TD","TCD",2008,"","2026-01-28",11476296,49.503,"Sub-Saharan Africa","N'Djamena","15.0445","12.1048","Low income","IDA"
"Chad","TD","TCD",2010,"","2026-01-28",12312575,50.107,"Sub-Saharan Africa","N'Djamena","15.0445","12.1048","Low income","IDA"
"Chad","TD","TCD",2021,"","2026-01-28",17828273,53.136,"Sub-Saharan Africa","N'Djamena","15.0445","12.1048","Low income","IDA"
"Chad","TD","TCD",2012,"","2026-01-28",13210998,50.765,"Sub-Saharan Africa","N'Djamena","15.0445","12.1048","Low income","IDA"
"Chad","TD","TCD",2013,"","2026-01-28",13691079,51.051,"Sub-Saharan Africa","N'Djamena","15.0445","12.1048","Low income","IDA"
"Chad","TD","TCD",2020,"","2026-01-28",17224679,53.082,"Sub-Saharan Africa","N'Djamena","15.0445","12.1048","Low income","IDA"
"Chad","TD","TCD",2017,"","2026-01-28",15622759,51.875,"Sub-Saharan Africa","N'Djamena","15.0445","12.1048","Low income","IDA"
"Chad","TD","TCD",2018,"","2026-01-28",16156531,52.447,"Sub-Saharan Africa","N'Djamena","15.0445","12.1048","Low income","IDA"
"Chad","TD","TCD",2019,"","2026-01-28",16685223,52.993,"Sub-Saharan Africa","N'Djamena","15.0445","12.1048","Low income","IDA"
"Chad","TD","TCD",2016,"","2026-01-28",15114655,51.603,"Sub-Saharan Africa","N'Djamena","15.0445","12.1048","Low income","IDA"
"Chad","TD","TCD",2015,"","2026-01-28",14647621,51.32,"Sub-Saharan Africa","N'Djamena","15.0445","12.1048","Low income","IDA"
"Channel Islands","JG","CHI",2019,"","2026-01-28",165639,81.2,"Europe & Central Asia","","","","High income","Not classified"
"Channel Islands","JG","CHI",2004,"","2026-01-28",152039,79.8,"Europe & Central Asia","","","","High income","Not classified"
"Channel Islands","JG","CHI",2012,"","2026-01-28",160767,81.3,"Europe & Central Asia","","","","High income","Not classified"
"Channel Islands","JG","CHI",2014,"","2026-01-28",162726,81.6,"Europe & Central Asia","","","","High income","Not classified"
"Channel Islands","JG","CHI",2024,"","2026-01-28",168126,NA,"Europe & Central Asia","","","","High income","Not classified"
"Channel Islands","JG","CHI",2001,"","2026-01-28",148850,79,"Europe & Central Asia","","","","High income","Not classified"
"Channel Islands","JG","CHI",2021,"","2026-01-28",166741,80.3,"Europe & Central Asia","","","","High income","Not classified"
"Channel Islands","JG","CHI",2023,"","2026-01-28",167691,81.1,"Europe & Central Asia","","","","High income","Not classified"
"Channel Islands","JG","CHI",2018,"","2026-01-28",164949,81.1,"Europe & Central Asia","","","","High income","Not classified"
"Channel Islands","JG","CHI",2009,"","2026-01-28",157511,81,"Europe & Central Asia","","","","High income","Not classified"
"Channel Islands","JG","CHI",2010,"","2026-01-28",158621,81.2,"Europe & Central Asia","","","","High income","Not classified"
"Channel Islands","JG","CHI",2011,"","2026-01-28",159706,81.4,"Europe & Central Asia","","","","High income","Not classified"
"Channel Islands","JG","CHI",2022,"","2026-01-28",167215,81,"Europe & Central Asia","","","","High income","Not classified"
"Channel Islands","JG","CHI",2003,"","2026-01-28",150960,79.4,"Europe & Central Asia","","","","High income","Not classified"
"Channel Islands","JG","CHI",2000,"","2026-01-28",148110,78.8,"Europe & Central Asia","","","","High income","Not classified"
"Channel Islands","JG","CHI",2020,"","2026-01-28",166235,80.9,"Europe & Central Asia","","","","High income","Not classified"
"Channel Islands","JG","CHI",2017,"","2026-01-28",164319,81,"Europe & Central Asia","","","","High income","Not classified"
"Channel Islands","JG","CHI",2007,"","2026-01-28",155309,80.6,"Europe & Central Asia","","","","High income","Not classified"
"Channel Islands","JG","CHI",2008,"","2026-01-28",156408,80.8,"Europe & Central Asia","","","","High income","Not classified"
"Channel Islands","JG","CHI",2016,"","2026-01-28",163883,81.2,"Europe & Central Asia","","","","High income","Not classified"
"Channel Islands","JG","CHI",2005,"","2026-01-28",153126,80.1,"Europe & Central Asia","","","","High income","Not classified"
"Channel Islands","JG","CHI",2006,"","2026-01-28",154214,80.4,"Europe & Central Asia","","","","High income","Not classified"
"Channel Islands","JG","CHI",2015,"","2026-01-28",163454,81.4,"Europe & Central Asia","","","","High income","Not classified"
"Channel Islands","JG","CHI",2013,"","2026-01-28",161777,81.5,"Europe & Central Asia","","","","High income","Not classified"
"Channel Islands","JG","CHI",2002,"","2026-01-28",149881,79.1,"Europe & Central Asia","","","","High income","Not classified"
"Chile","CL","CHL",2002,"","2026-01-28",15857925,77.84,"Latin America & Caribbean","Santiago","-70.6475","-33.475","High income","IBRD"
"Chile","CL","CHL",2013,"","2026-01-28",17687006,79.551,"Latin America & Caribbean","Santiago","-70.6475","-33.475","High income","IBRD"
"Chile","CL","CHL",2000,"","2026-01-28",15503635,77.128,"Latin America & Caribbean","Santiago","-70.6475","-33.475","High income","IBRD"
"Chile","CL","CHL",2001,"","2026-01-28",15683849,77.58,"Latin America & Caribbean","Santiago","-70.6475","-33.475","High income","IBRD"
"Chile","CL","CHL",2004,"","2026-01-28",16187322,78.276,"Latin America & Caribbean","Santiago","-70.6475","-33.475","High income","IBRD"
"Chile","CL","CHL",2005,"","2026-01-28",16348778,78.459,"Latin America & Caribbean","Santiago","-70.6475","-33.475","High income","IBRD"
"Chile","CL","CHL",2006,"","2026-01-28",16509195,78.533,"Latin America & Caribbean","Santiago","-70.6475","-33.475","High income","IBRD"
"Chile","CL","CHL",2023,"","2026-01-28",19658835,81.167,"Latin America & Caribbean","Santiago","-70.6475","-33.475","High income","IBRD"
"Chile","CL","CHL",2024,"","2026-01-28",19764771,NA,"Latin America & Caribbean","Santiago","-70.6475","-33.475","High income","IBRD"
"Chile","CL","CHL",2020,"","2026-01-28",19370624,79.349,"Latin America & Caribbean","Santiago","-70.6475","-33.475","High income","IBRD"
"Chile","CL","CHL",2021,"","2026-01-28",19456334,78.876,"Latin America & Caribbean","Santiago","-70.6475","-33.475","High income","IBRD"
"Chile","CL","CHL",2016,"","2026-01-28",18267221,80.295,"Latin America & Caribbean","Santiago","-70.6475","-33.475","High income","IBRD"
"Chile","CL","CHL",2003,"","2026-01-28",16024752,77.884,"Latin America & Caribbean","Santiago","-70.6475","-33.475","High income","IBRD"
"Chile","CL","CHL",2010,"","2026-01-28",17181464,79.095,"Latin America & Caribbean","Santiago","-70.6475","-33.475","High income","IBRD"
"Chile","CL","CHL",2015,"","2026-01-28",18047625,80.008,"Latin America & Caribbean","Santiago","-70.6475","-33.475","High income","IBRD"
"Chile","CL","CHL",2008,"","2026-01-28",16838988,78.752,"Latin America & Caribbean","Santiago","-70.6475","-33.475","High income","IBRD"
"Chile","CL","CHL",2018,"","2026-01-28",18893191,80.559,"Latin America & Caribbean","Santiago","-70.6475","-33.475","High income","IBRD"
"Chile","CL","CHL",2014,"","2026-01-28",17864195,79.714,"Latin America & Caribbean","Santiago","-70.6475","-33.475","High income","IBRD"
"Chile","CL","CHL",2007,"","2026-01-28",16671581,78.652,"Latin America & Caribbean","Santiago","-70.6475","-33.475","High income","IBRD"
"Chile","CL","CHL",2019,"","2026-01-28",19197744,80.324,"Latin America & Caribbean","Santiago","-70.6475","-33.475","High income","IBRD"
"Chile","CL","CHL",2022,"","2026-01-28",19553036,79.176,"Latin America & Caribbean","Santiago","-70.6475","-33.475","High income","IBRD"
"Chile","CL","CHL",2012,"","2026-01-28",17519119,79.221,"Latin America & Caribbean","Santiago","-70.6475","-33.475","High income","IBRD"
"Chile","CL","CHL",2009,"","2026-01-28",17009731,78.89,"Latin America & Caribbean","Santiago","-70.6475","-33.475","High income","IBRD"
"Chile","CL","CHL",2017,"","2026-01-28",18558868,80.61,"Latin America & Caribbean","Santiago","-70.6475","-33.475","High income","IBRD"
"Chile","CL","CHL",2011,"","2026-01-28",17351816,79.236,"Latin America & Caribbean","Santiago","-70.6475","-33.475","High income","IBRD"
"China","CN","CHN",2004,"","2026-01-28",1296075000,73.727,"East Asia & Pacific","Beijing","116.286","40.0495","Upper middle income","IBRD"
"China","CN","CHN",2019,"","2026-01-28",1407745000,77.94,"East Asia & Pacific","Beijing","116.286","40.0495","Upper middle income","IBRD"
"China","CN","CHN",2002,"","2026-01-28",1280400000,73.034,"East Asia & Pacific","Beijing","116.286","40.0495","Upper middle income","IBRD"
"China","CN","CHN",2018,"","2026-01-28",1402760000,77.709,"East Asia & Pacific","Beijing","116.286","40.0495","Upper middle income","IBRD"
"China","CN","CHN",2008,"","2026-01-28",1324655000,74.833,"East Asia & Pacific","Beijing","116.286","40.0495","Upper middle income","IBRD"
"China","CN","CHN",2006,"","2026-01-28",1311020000,74.404,"East Asia & Pacific","Beijing","116.286","40.0495","Upper middle income","IBRD"
"China","CN","CHN",2007,"","2026-01-28",1317885000,74.789,"East Asia & Pacific","Beijing","116.286","40.0495","Upper middle income","IBRD"
"China","CN","CHN",2015,"","2026-01-28",1379860000,76.975,"East Asia & Pacific","Beijing","116.286","40.0495","Upper middle income","IBRD"
"China","CN","CHN",2005,"","2026-01-28",1303720000,74.085,"East Asia & Pacific","Beijing","116.286","40.0495","Upper middle income","IBRD"
"China","CN","CHN",2009,"","2026-01-28",1331260000,75.317,"East Asia & Pacific","Beijing","116.286","40.0495","Upper middle income","IBRD"
"China","CN","CHN",2017,"","2026-01-28",1396215000,77.235,"East Asia & Pacific","Beijing","116.286","40.0495","Upper middle income","IBRD"
"China","CN","CHN",2001,"","2026-01-28",1271850000,72.675,"East Asia & Pacific","Beijing","116.286","40.0495","Upper middle income","IBRD"
"China","CN","CHN",2003,"","2026-01-28",1288400000,73.385,"East Asia & Pacific","Beijing","116.286","40.0495","Upper middle income","IBRD"
"China","CN","CHN",2023,"","2026-01-28",1410710000,77.953,"East Asia & Pacific","Beijing","116.286","40.0495","Upper middle income","IBRD"
"China","CN","CHN",2020,"","2026-01-28",1411100000,78.019,"East Asia & Pacific","Beijing","116.286","40.0495","Upper middle income","IBRD"
"China","CN","CHN",2021,"","2026-01-28",1412360000,78.117,"East Asia & Pacific","Beijing","116.286","40.0495","Upper middle income","IBRD"
"China","CN","CHN",2022,"","2026-01-28",1412175000,78.202,"East Asia & Pacific","Beijing","116.286","40.0495","Upper middle income","IBRD"
"China","CN","CHN",2012,"","2026-01-28",1354190000,76.2,"East Asia & Pacific","Beijing","116.286","40.0495","Upper middle income","IBRD"
"China","CN","CHN",2016,"","2026-01-28",1387790000,77.214,"East Asia & Pacific","Beijing","116.286","40.0495","Upper middle income","IBRD"
"China","CN","CHN",2014,"","2026-01-28",1371860000,76.714,"East Asia & Pacific","Beijing","116.286","40.0495","Upper middle income","IBRD"
"China","CN","CHN",2011,"","2026-01-28",1345035000,75.889,"East Asia & Pacific","Beijing","116.286","40.0495","Upper middle income","IBRD"
"China","CN","CHN",2024,"","2026-01-28",1408975000,NA,"East Asia & Pacific","Beijing","116.286","40.0495","Upper middle income","IBRD"
"China","CN","CHN",2000,"","2026-01-28",1262645000,72.288,"East Asia & Pacific","Beijing","116.286","40.0495","Upper middle income","IBRD"
"China","CN","CHN",2010,"","2026-01-28",1337705000,75.668,"East Asia & Pacific","Beijing","116.286","40.0495","Upper middle income","IBRD"
"China","CN","CHN",2013,"","2026-01-28",1363240000,76.452,"East Asia & Pacific","Beijing","116.286","40.0495","Upper middle income","IBRD"
"Colombia","CO","COL",2018,"","2026-01-28",49024465,76.579,"Latin America & Caribbean","Bogota","-74.082","4.60987","Upper middle income","IBRD"
"Colombia","CO","COL",2017,"","2026-01-28",48131078,76.418,"Latin America & Caribbean","Bogota","-74.082","4.60987","Upper middle income","IBRD"
"Colombia","CO","COL",2023,"","2026-01-28",52321152,77.725,"Latin America & Caribbean","Bogota","-74.082","4.60987","Upper middle income","IBRD"
"Colombia","CO","COL",2019,"","2026-01-28",49907985,76.793,"Latin America & Caribbean","Bogota","-74.082","4.60987","Upper middle income","IBRD"
"Colombia","CO","COL",2021,"","2026-01-28",51188173,72.698,"Latin America & Caribbean","Bogota","-74.082","4.60987","Upper middle income","IBRD"
"Colombia","CO","COL",2003,"","2026-01-28",40937429,72.309,"Latin America & Caribbean","Bogota","-74.082","4.60987","Upper middle income","IBRD"
"Colombia","CO","COL",2009,"","2026-01-28",44271541,74.531,"Latin America & Caribbean","Bogota","-74.082","4.60987","Upper middle income","IBRD"
"Colombia","CO","COL",2016,"","2026-01-28",47437512,76.228,"Latin America & Caribbean","Bogota","-74.082","4.60987","Upper middle income","IBRD"
"Colombia","CO","COL",2010,"","2026-01-28",44777319,74.876,"Latin America & Caribbean","Bogota","-74.082","4.60987","Upper middle income","IBRD"
"Colombia","CO","COL",2022,"","2026-01-28",51737944,76.508,"Latin America & Caribbean","Bogota","-74.082","4.60987","Upper middle income","IBRD"
"Colombia","CO","COL",2014,"","2026-01-28",46565429,75.95,"Latin America & Caribbean","Bogota","-74.082","4.60987","Upper middle income","IBRD"
"Colombia","CO","COL",2020,"","2026-01-28",50629997,74.757,"Latin America & Caribbean","Bogota","-74.082","4.60987","Upper middle income","IBRD"
"Colombia","CO","COL",2001,"","2026-01-28",39709262,71.185,"Latin America & Caribbean","Bogota","-74.082","4.60987","Upper middle income","IBRD"
"Colombia","CO","COL",2002,"","2026-01-28",40324680,71.537,"Latin America & Caribbean","Bogota","-74.082","4.60987","Upper middle income","IBRD"
"Colombia","CO","COL",2007,"","2026-01-28",43235374,73.751,"Latin America & Caribbean","Bogota","-74.082","4.60987","Upper middle income","IBRD"
"Colombia","CO","COL",2004,"","2026-01-28",41543171,72.76,"Latin America & Caribbean","Bogota","-74.082","4.60987","Upper middle income","IBRD"
"Colombia","CO","COL",2005,"","2026-01-28",42128977,73.156,"Latin America & Caribbean","Bogota","-74.082","4.60987","Upper middle income","IBRD"
"Colombia","CO","COL",2006,"","2026-01-28",42691084,73.497,"Latin America & Caribbean","Bogota","-74.082","4.60987","Upper middle income","IBRD"
"Colombia","CO","COL",2011,"","2026-01-28",45259614,75.18,"Latin America & Caribbean","Bogota","-74.082","4.60987","Upper middle income","IBRD"
"Colombia","CO","COL",2008,"","2026-01-28",43758808,74.206,"Latin America & Caribbean","Bogota","-74.082","4.60987","Upper middle income","IBRD"
"Colombia","CO","COL",2024,"","2026-01-28",52886363,NA,"Latin America & Caribbean","Bogota","-74.082","4.60987","Upper middle income","IBRD"
"Colombia","CO","COL",2000,"","2026-01-28",39089934,70.905,"Latin America & Caribbean","Bogota","-74.082","4.60987","Upper middle income","IBRD"
"Colombia","CO","COL",2012,"","2026-01-28",45715810,75.611,"Latin America & Caribbean","Bogota","-74.082","4.60987","Upper middle income","IBRD"
"Colombia","CO","COL",2015,"","2026-01-28",46969940,76.067,"Latin America & Caribbean","Bogota","-74.082","4.60987","Upper middle income","IBRD"
"Colombia","CO","COL",2013,"","2026-01-28",46151584,75.834,"Latin America & Caribbean","Bogota","-74.082","4.60987","Upper middle income","IBRD"
"Comoros","KM","COM",2006,"","2026-01-28",604753,61.229,"Sub-Saharan Africa","Moroni","43.2418","-11.6986","Lower middle income","IDA"
"Comoros","KM","COM",2005,"","2026-01-28",592677,60.883,"Sub-Saharan Africa","Moroni","43.2418","-11.6986","Lower middle income","IDA"
"Comoros","KM","COM",2015,"","2026-01-28",726682,64.473,"Sub-Saharan Africa","Moroni","43.2418","-11.6986","Lower middle income","IDA"
"Comoros","KM","COM",2016,"","2026-01-28",741741,64.792,"Sub-Saharan Africa","Moroni","43.2418","-11.6986","Lower middle income","IDA"
"Comoros","KM","COM",2001,"","2026-01-28",547220,59.587,"Sub-Saharan Africa","Moroni","43.2418","-11.6986","Lower middle income","IDA"
"Comoros","KM","COM",2008,"","2026-01-28",629307,61.955,"Sub-Saharan Africa","Moroni","43.2418","-11.6986","Lower middle income","IDA"
"Comoros","KM","COM",2009,"","2026-01-28",641947,62.302,"Sub-Saharan Africa","Moroni","43.2418","-11.6986","Lower middle income","IDA"
"Comoros","KM","COM",2010,"","2026-01-28",654836,62.747,"Sub-Saharan Africa","Moroni","43.2418","-11.6986","Lower middle income","IDA"
"Comoros","KM","COM",2007,"","2026-01-28",616927,61.475,"Sub-Saharan Africa","Moroni","43.2418","-11.6986","Lower middle income","IDA"
"Comoros","KM","COM",2000,"","2026-01-28",536080,58.941,"Sub-Saharan Africa","Moroni","43.2418","-11.6986","Lower middle income","IDA"
"Comoros","KM","COM",2002,"","2026-01-28",558923,59.723,"Sub-Saharan Africa","Moroni","43.2418","-11.6986","Lower middle income","IDA"
"Comoros","KM","COM",2003,"","2026-01-28",569798,60.24,"Sub-Saharan Africa","Moroni","43.2418","-11.6986","Lower middle income","IDA"
"Comoros","KM","COM",2024,"","2026-01-28",866628,NA,"Sub-Saharan Africa","Moroni","43.2418","-11.6986","Lower middle income","IDA"
"Comoros","KM","COM",2004,"","2026-01-28",580704,60.557,"Sub-Saharan Africa","Moroni","43.2418","-11.6986","Lower middle income","IDA"
"Comoros","KM","COM",2014,"","2026-01-28",711503,64.143,"Sub-Saharan Africa","Moroni","43.2418","-11.6986","Lower middle income","IDA"
"Comoros","KM","COM",2020,"","2026-01-28",802163,65.756,"Sub-Saharan Africa","Moroni","43.2418","-11.6986","Lower middle income","IDA"
"Comoros","KM","COM",2021,"","2026-01-28",818174,65.201,"Sub-Saharan Africa","Moroni","43.2418","-11.6986","Lower middle income","IDA"
"Comoros","KM","COM",2017,"","2026-01-28",756669,65.127,"Sub-Saharan Africa","Moroni","43.2418","-11.6986","Lower middle income","IDA"
"Comoros","KM","COM",2019,"","2026-01-28",786578,65.662,"Sub-Saharan Africa","Moroni","43.2418","-11.6986","Lower middle income","IDA"
"Comoros","KM","COM",2013,"","2026-01-28",696192,63.839,"Sub-Saharan Africa","Moroni","43.2418","-11.6986","Lower middle income","IDA"
"Comoros","KM","COM",2011,"","2026-01-28",668056,63.105,"Sub-Saharan Africa","Moroni","43.2418","-11.6986","Lower middle income","IDA"
"Comoros","KM","COM",2022,"","2026-01-28",834188,66.481,"Sub-Saharan Africa","Moroni","43.2418","-11.6986","Lower middle income","IDA"
"Comoros","KM","COM",2023,"","2026-01-28",850387,66.777,"Sub-Saharan Africa","Moroni","43.2418","-11.6986","Lower middle income","IDA"
"Comoros","KM","COM",2018,"","2026-01-28",771590,65.401,"Sub-Saharan Africa","Moroni","43.2418","-11.6986","Lower middle income","IDA"
"Comoros","KM","COM",2012,"","2026-01-28",681630,63.463,"Sub-Saharan Africa","Moroni","43.2418","-11.6986","Lower middle income","IDA"
"Congo, Dem. Rep.","CD","COD",2009,"","2026-01-28",66412044,55.798,"Sub-Saharan Africa","Kinshasa","15.3222","-4.325","Low income","IDA"
"Congo, Dem. Rep.","CD","COD",2021,"","2026-01-28",99148932,60.044,"Sub-Saharan Africa","Kinshasa","15.3222","-4.325","Low income","IDA"
"Congo, Dem. Rep.","CD","COD",2018,"","2026-01-28",90047644,59.926,"Sub-Saharan Africa","Kinshasa","15.3222","-4.325","Low income","IDA"
"Congo, Dem. Rep.","CD","COD",2011,"","2026-01-28",70849311,56.911,"Sub-Saharan Africa","Kinshasa","15.3222","-4.325","Low income","IDA"
"Congo, Dem. Rep.","CD","COD",2024,"","2026-01-28",109276265,NA,"Sub-Saharan Africa","Kinshasa","15.3222","-4.325","Low income","IDA"
"Congo, Dem. Rep.","CD","COD",2012,"","2026-01-28",73254618,57.35,"Sub-Saharan Africa","Kinshasa","15.3222","-4.325","Low income","IDA"
"Congo, Dem. Rep.","CD","COD",2013,"","2026-01-28",75789395,57.795,"Sub-Saharan Africa","Kinshasa","15.3222","-4.325","Low income","IDA"
"Congo, Dem. Rep.","CD","COD",2023,"","2026-01-28",105789731,61.895,"Sub-Saharan Africa","Kinshasa","15.3222","-4.325","Low income","IDA"
"Congo, Dem. Rep.","CD","COD",2015,"","2026-01-28",81035531,58.658,"Sub-Saharan Africa","Kinshasa","15.3222","-4.325","Low income","IDA"
"Congo, Dem. Rep.","CD","COD",2016,"","2026-01-28",83956415,59.081,"Sub-Saharan Africa","Kinshasa","15.3222","-4.325","Low income","IDA"
"Congo, Dem. Rep.","CD","COD",2000,"","2026-01-28",50507442,51.887,"Sub-Saharan Africa","Kinshasa","15.3222","-4.325","Low income","IDA"
"Congo, Dem. Rep.","CD","COD",2017,"","2026-01-28",87083398,59.495,"Sub-Saharan Africa","Kinshasa","15.3222","-4.325","Low income","IDA"
"Congo, Dem. Rep.","CD","COD",2019,"","2026-01-28",92947442,60.242,"Sub-Saharan Africa","Kinshasa","15.3222","-4.325","Low income","IDA"
"Congo, Dem. Rep.","CD","COD",2020,"","2026-01-28",95989998,60.428,"Sub-Saharan Africa","Kinshasa","15.3222","-4.325","Low income","IDA"
"Congo, Dem. Rep.","CD","COD",2006,"","2026-01-28",60615908,54.498,"Sub-Saharan Africa","Kinshasa","15.3222","-4.325","Low income","IDA"
"Congo, Dem. Rep.","CD","COD",2022,"","2026-01-28",102396968,60.979,"Sub-Saharan Africa","Kinshasa","15.3222","-4.325","Low income","IDA"
"Congo, Dem. Rep.","CD","COD",2008,"","2026-01-28",64390664,55.388,"Sub-Saharan Africa","Kinshasa","15.3222","-4.325","Low income","IDA"
"Congo, Dem. Rep.","CD","COD",2003,"","2026-01-28",55343867,52.952,"Sub-Saharan Africa","Kinshasa","15.3222","-4.325","Low income","IDA"
"Congo, Dem. Rep.","CD","COD",2010,"","2026-01-28",68563038,56.411,"Sub-Saharan Africa","Kinshasa","15.3222","-4.325","Low income","IDA"
"Congo, Dem. Rep.","CD","COD",2005,"","2026-01-28",58775724,54.001,"Sub-Saharan Africa","Kinshasa","15.3222","-4.325","Low income","IDA"
"Congo, Dem. Rep.","CD","COD",2014,"","2026-01-28",78403242,58.236,"Sub-Saharan Africa","Kinshasa","15.3222","-4.325","Low income","IDA"
"Congo, Dem. Rep.","CD","COD",2004,"","2026-01-28",56997741,53.534,"Sub-Saharan Africa","Kinshasa","15.3222","-4.325","Low income","IDA"
"Congo, Dem. Rep.","CD","COD",2002,"","2026-01-28",53750524,52.371,"Sub-Saharan Africa","Kinshasa","15.3222","-4.325","Low income","IDA"
"Congo, Dem. Rep.","CD","COD",2001,"","2026-01-28",52132646,52.205,"Sub-Saharan Africa","Kinshasa","15.3222","-4.325","Low income","IDA"
"Congo, Dem. Rep.","CD","COD",2007,"","2026-01-28",62477752,54.954,"Sub-Saharan Africa","Kinshasa","15.3222","-4.325","Low income","IDA"
"Congo, Rep.","CG","COG",2024,"","2026-01-28",6332961,NA,"Sub-Saharan Africa","Brazzaville","15.2662","-4.2767","Lower middle income","Blend"
"Congo, Rep.","CG","COG",2010,"","2026-01-28",4462290,61.731,"Sub-Saharan Africa","Brazzaville","15.2662","-4.2767","Lower middle income","Blend"
"Congo, Rep.","CG","COG",2000,"","2026-01-28",3151345,55.371,"Sub-Saharan Africa","Brazzaville","15.2662","-4.2767","Lower middle income","Blend"
"Congo, Rep.","CG","COG",2002,"","2026-01-28",3350771,56.414,"Sub-Saharan Africa","Brazzaville","15.2662","-4.2767","Lower middle income","Blend"
"Congo, Rep.","CG","COG",2021,"","2026-01-28",5892183,64.192,"Sub-Saharan Africa","Brazzaville","15.2662","-4.2767","Lower middle income","Blend"
"Congo, Rep.","CG","COG",2001,"","2026-01-28",3272537,55.885,"Sub-Saharan Africa","Brazzaville","15.2662","-4.2767","Lower middle income","Blend"
"Congo, Rep.","CG","COG",2023,"","2026-01-28",6182885,65.772,"Sub-Saharan Africa","Brazzaville","15.2662","-4.2767","Lower middle income","Blend"
"Congo, Rep.","CG","COG",2013,"","2026-01-28",4857099,62.969,"Sub-Saharan Africa","Brazzaville","15.2662","-4.2767","Lower middle income","Blend"
"Congo, Rep.","CG","COG",2015,"","2026-01-28",5097581,63.662,"Sub-Saharan Africa","Brazzaville","15.2662","-4.2767","Lower middle income","Blend"
"Congo, Rep.","CG","COG",2022,"","2026-01-28",6035104,65,"Sub-Saharan Africa","Brazzaville","15.2662","-4.2767","Lower middle income","Blend"
"Congo, Rep.","CG","COG",2012,"","2026-01-28",4740450,62.662,"Sub-Saharan Africa","Brazzaville","15.2662","-4.2767","Lower middle income","Blend"
"Congo, Rep.","CG","COG",2018,"","2026-01-28",5483118,64.472,"Sub-Saharan Africa","Brazzaville","15.2662","-4.2767","Lower middle income","Blend"
"Congo, Rep.","CG","COG",2020,"","2026-01-28",5752791,64.391,"Sub-Saharan Africa","Brazzaville","15.2662","-4.2767","Lower middle income","Blend"
"Congo, Rep.","CG","COG",2011,"","2026-01-28",4609724,62.286,"Sub-Saharan Africa","Brazzaville","15.2662","-4.2767","Lower middle income","Blend"
"Congo, Rep.","CG","COG",2017,"","2026-01-28",5351011,64.203,"Sub-Saharan Africa","Brazzaville","15.2662","-4.2767","Lower middle income","Blend"
"Congo, Rep.","CG","COG",2009,"","2026-01-28",4281219,61.215,"Sub-Saharan Africa","Brazzaville","15.2662","-4.2767","Lower middle income","Blend"
"Congo, Rep.","CG","COG",2004,"","2026-01-28",3565554,57.957,"Sub-Saharan Africa","Brazzaville","15.2662","-4.2767","Lower middle income","Blend"
"Congo, Rep.","CG","COG",2007,"","2026-01-28",3980430,60.05,"Sub-Saharan Africa","Brazzaville","15.2662","-4.2767","Lower middle income","Blend"
"Congo, Rep.","CG","COG",2008,"","2026-01-28",4113517,60.79,"Sub-Saharan Africa","Brazzaville","15.2662","-4.2767","Lower middle income","Blend"
"Congo, Rep.","CG","COG",2003,"","2026-01-28",3445753,57.131,"Sub-Saharan Africa","Brazzaville","15.2662","-4.2767","Lower middle income","Blend"
"Congo, Rep.","CG","COG",2016,"","2026-01-28",5222536,63.911,"Sub-Saharan Africa","Brazzaville","15.2662","-4.2767","Lower middle income","Blend"
"Congo, Rep.","CG","COG",2014,"","2026-01-28",4975880,63.349,"Sub-Saharan Africa","Brazzaville","15.2662","-4.2767","Lower middle income","Blend"
"Congo, Rep.","CG","COG",2005,"","2026-01-28",3696393,58.73,"Sub-Saharan Africa","Brazzaville","15.2662","-4.2767","Lower middle income","Blend"
"Congo, Rep.","CG","COG",2006,"","2026-01-28",3837409,59.474,"Sub-Saharan Africa","Brazzaville","15.2662","-4.2767","Lower middle income","Blend"
"Congo, Rep.","CG","COG",2019,"","2026-01-28",5616661,63.152,"Sub-Saharan Africa","Brazzaville","15.2662","-4.2767","Lower middle income","Blend"
"Costa Rica","CR","CRI",2003,"","2026-01-28",4138784,78.214,"Latin America & Caribbean","San Jose","-84.0089","9.63701","Upper middle income","IBRD"
"Costa Rica","CR","CRI",2004,"","2026-01-28",4200078,78.512,"Latin America & Caribbean","San Jose","-84.0089","9.63701","Upper middle income","IBRD"
"Costa Rica","CR","CRI",2002,"","2026-01-28",4075705,77.939,"Latin America & Caribbean","San Jose","-84.0089","9.63701","Upper middle income","IBRD"
"Costa Rica","CR","CRI",2015,"","2026-01-28",4818038,80.407,"Latin America & Caribbean","San Jose","-84.0089","9.63701","Upper middle income","IBRD"
"Costa Rica","CR","CRI",2016,"","2026-01-28",4866998,79.988,"Latin America & Caribbean","San Jose","-84.0089","9.63701","Upper middle income","IBRD"
"Costa Rica","CR","CRI",2007,"","2026-01-28",4380248,79.098,"Latin America & Caribbean","San Jose","-84.0089","9.63701","Upper middle income","IBRD"
"Costa Rica","CR","CRI",2005,"","2026-01-28",4261240,78.877,"Latin America & Caribbean","San Jose","-84.0089","9.63701","Upper middle income","IBRD"
"Costa Rica","CR","CRI",2006,"","2026-01-28",4321340,79.049,"Latin America & Caribbean","San Jose","-84.0089","9.63701","Upper middle income","IBRD"
"Costa Rica","CR","CRI",2001,"","2026-01-28",4008947,77.609,"Latin America & Caribbean","San Jose","-84.0089","9.63701","Upper middle income","IBRD"
"Costa Rica","CR","CRI",2000,"","2026-01-28",3937739,77.317,"Latin America & Caribbean","San Jose","-84.0089","9.63701","Upper middle income","IBRD"
"Costa Rica","CR","CRI",2023,"","2026-01-28",5105525,80.799,"Latin America & Caribbean","San Jose","-84.0089","9.63701","Upper middle income","IBRD"
"Costa Rica","CR","CRI",2014,"","2026-01-28",4767119,80.231,"Latin America & Caribbean","San Jose","-84.0089","9.63701","Upper middle income","IBRD"
"Costa Rica","CR","CRI",2018,"","2026-01-28",4957818,80.09,"Latin America & Caribbean","San Jose","-84.0089","9.63701","Upper middle income","IBRD"
"Costa Rica","CR","CRI",2019,"","2026-01-28",4999553,80.296,"Latin America & Caribbean","San Jose","-84.0089","9.63701","Upper middle income","IBRD"
"Costa Rica","CR","CRI",2012,"","2026-01-28",4663934,79.925,"Latin America & Caribbean","San Jose","-84.0089","9.63701","Upper middle income","IBRD"
"Costa Rica","CR","CRI",2017,"","2026-01-28",4913177,79.994,"Latin America & Caribbean","San Jose","-84.0089","9.63701","Upper middle income","IBRD"
"Costa Rica","CR","CRI",2009,"","2026-01-28",4499791,79.372,"Latin America & Caribbean","San Jose","-84.0089","9.63701","Upper middle income","IBRD"
"Costa Rica","CR","CRI",2010,"","2026-01-28",4555962,79.354,"Latin America & Caribbean","San Jose","-84.0089","9.63701","Upper middle income","IBRD"
"Costa Rica","CR","CRI",2022,"","2026-01-28",5081765,79.316,"Latin America & Caribbean","San Jose","-84.0089","9.63701","Upper middle income","IBRD"
"Costa Rica","CR","CRI",2013,"","2026-01-28",4716147,80.189,"Latin America & Caribbean","San Jose","-84.0089","9.63701","Upper middle income","IBRD"
"Costa Rica","CR","CRI",2024,"","2026-01-28",5129910,NA,"Latin America & Caribbean","San Jose","-84.0089","9.63701","Upper middle income","IBRD"
"Costa Rica","CR","CRI",2021,"","2026-01-28",5059988,78.05,"Latin America & Caribbean","San Jose","-84.0089","9.63701","Upper middle income","IBRD"
"Costa Rica","CR","CRI",2020,"","2026-01-28",5034320,79.725,"Latin America & Caribbean","San Jose","-84.0089","9.63701","Upper middle income","IBRD"
"Costa Rica","CR","CRI",2008,"","2026-01-28",4440056,79.18,"Latin America & Caribbean","San Jose","-84.0089","9.63701","Upper middle income","IBRD"
"Costa Rica","CR","CRI",2011,"","2026-01-28",4609833,79.624,"Latin America & Caribbean","San Jose","-84.0089","9.63701","Upper middle income","IBRD"
"Cote d'Ivoire","CI","CIV",2013,"","2026-01-28",23939775,57.057,"Sub-Saharan Africa","Yamoussoukro","-4.0305","5.332","Lower middle income","IDA"
"Cote d'Ivoire","CI","CIV",2015,"","2026-01-28",25246342,58.281,"Sub-Saharan Africa","Yamoussoukro","-4.0305","5.332","Lower middle income","IDA"
"Cote d'Ivoire","CI","CIV",2017,"","2026-01-28",26733372,59.315,"Sub-Saharan Africa","Yamoussoukro","-4.0305","5.332","Lower middle income","IDA"
"Cote d'Ivoire","CI","CIV",2003,"","2026-01-28",19125542,51.443,"Sub-Saharan Africa","Yamoussoukro","-4.0305","5.332","Lower middle income","IDA"
"Cote d'Ivoire","CI","CIV",2022,"","2026-01-28",30395002,61.562,"Sub-Saharan Africa","Yamoussoukro","-4.0305","5.332","Lower middle income","IDA"
"Cote d'Ivoire","CI","CIV",2016,"","2026-01-28",25989405,58.814,"Sub-Saharan Africa","Yamoussoukro","-4.0305","5.332","Lower middle income","IDA"
"Cote d'Ivoire","CI","CIV",2024,"","2026-01-28",31934230,NA,"Sub-Saharan Africa","Yamoussoukro","-4.0305","5.332","Lower middle income","IDA"
"Cote d'Ivoire","CI","CIV",2010,"","2026-01-28",22488065,55.282,"Sub-Saharan Africa","Yamoussoukro","-4.0305","5.332","Lower middle income","IDA"
"Cote d'Ivoire","CI","CIV",2014,"","2026-01-28",24527395,57.772,"Sub-Saharan Africa","Yamoussoukro","-4.0305","5.332","Lower middle income","IDA"
"Cote d'Ivoire","CI","CIV",2011,"","2026-01-28",22982000,55.972,"Sub-Saharan Africa","Yamoussoukro","-4.0305","5.332","Lower middle income","IDA"
"Cote d'Ivoire","CI","CIV",2012,"","2026-01-28",23467078,56.57,"Sub-Saharan Africa","Yamoussoukro","-4.0305","5.332","Lower middle income","IDA"
"Cote d'Ivoire","CI","CIV",2002,"","2026-01-28",18654771,51.544,"Sub-Saharan Africa","Yamoussoukro","-4.0305","5.332","Lower middle income","IDA"
"Cote d'Ivoire","CI","CIV",2021,"","2026-01-28",29639736,60.29,"Sub-Saharan Africa","Yamoussoukro","-4.0305","5.332","Lower middle income","IDA"
"Cote d'Ivoire","CI","CIV",2000,"","2026-01-28",17699004,51.393,"Sub-Saharan Africa","Yamoussoukro","-4.0305","5.332","Lower middle income","IDA"
"Cote d'Ivoire","CI","CIV",2001,"","2026-01-28",18178913,51.428,"Sub-Saharan Africa","Yamoussoukro","-4.0305","5.332","Lower middle income","IDA"
"Cote d'Ivoire","CI","CIV",2008,"","2026-01-28",21514439,54.179,"Sub-Saharan Africa","Yamoussoukro","-4.0305","5.332","Lower middle income","IDA"
"Cote d'Ivoire","CI","CIV",2009,"","2026-01-28",21997940,54.744,"Sub-Saharan Africa","Yamoussoukro","-4.0305","5.332","Lower middle income","IDA"
"Cote d'Ivoire","CI","CIV",2018,"","2026-01-28",27464173,59.795,"Sub-Saharan Africa","Yamoussoukro","-4.0305","5.332","Lower middle income","IDA"
"Cote d'Ivoire","CI","CIV",2023,"","2026-01-28",31165654,61.944,"Sub-Saharan Africa","Yamoussoukro","-4.0305","5.332","Lower middle income","IDA"
"Cote d'Ivoire","CI","CIV",2019,"","2026-01-28",28193009,60.274,"Sub-Saharan Africa","Yamoussoukro","-4.0305","5.332","Lower middle income","IDA"
"Cote d'Ivoire","CI","CIV",2020,"","2026-01-28",28915449,60.14,"Sub-Saharan Africa","Yamoussoukro","-4.0305","5.332","Lower middle income","IDA"
"Cote d'Ivoire","CI","CIV",2007,"","2026-01-28",21030558,53.452,"Sub-Saharan Africa","Yamoussoukro","-4.0305","5.332","Lower middle income","IDA"
"Cote d'Ivoire","CI","CIV",2004,"","2026-01-28",19595000,51.939,"Sub-Saharan Africa","Yamoussoukro","-4.0305","5.332","Lower middle income","IDA"
"Cote d'Ivoire","CI","CIV",2005,"","2026-01-28",20068458,52.432,"Sub-Saharan Africa","Yamoussoukro","-4.0305","5.332","Lower middle income","IDA"
"Cote d'Ivoire","CI","CIV",2006,"","2026-01-28",20546802,52.885,"Sub-Saharan Africa","Yamoussoukro","-4.0305","5.332","Lower middle income","IDA"
"Croatia","HR","HRV",2003,"","2026-01-28",4303399,74.6139024390244,"Europe & Central Asia","Zagreb","15.9614","45.8069","High income","IBRD"
"Croatia","HR","HRV",2001,"","2026-01-28",4299642,74.5129268292683,"Europe & Central Asia","Zagreb","15.9614","45.8069","High income","IBRD"
"Croatia","HR","HRV",2002,"","2026-01-28",4302174,74.7173170731707,"Europe & Central Asia","Zagreb","15.9614","45.8069","High income","IBRD"
"Croatia","HR","HRV",2000,"","2026-01-28",4468302,72.8078048780488,"Europe & Central Asia","Zagreb","15.9614","45.8069","High income","IBRD"
"Croatia","HR","HRV",2009,"","2026-01-28",4305181,76.1682926829268,"Europe & Central Asia","Zagreb","15.9614","45.8069","High income","IBRD"
"Croatia","HR","HRV",2004,"","2026-01-28",4304600,75.520243902439,"Europe & Central Asia","Zagreb","15.9614","45.8069","High income","IBRD"
"Croatia","HR","HRV",2005,"","2026-01-28",4310145,75.2446341463415,"Europe & Central Asia","Zagreb","15.9614","45.8069","High income","IBRD"
"Croatia","HR","HRV",2011,"","2026-01-28",4280622,76.7756097560976,"Europe & Central Asia","Zagreb","15.9614","45.8069","High income","IBRD"
"Croatia","HR","HRV",2012,"","2026-01-28",4260368,77.1682926829268,"Europe & Central Asia","Zagreb","15.9614","45.8069","High income","IBRD"
"Croatia","HR","HRV",2008,"","2026-01-28",4309705,75.9121951219512,"Europe & Central Asia","Zagreb","15.9614","45.8069","High income","IBRD"
"Croatia","HR","HRV",2014,"","2026-01-28",4201598,77.7243902439024,"Europe & Central Asia","Zagreb","15.9614","45.8069","High income","IBRD"
"Croatia","HR","HRV",2006,"","2026-01-28",4311159,75.8368292682927,"Europe & Central Asia","Zagreb","15.9614","45.8069","High income","IBRD"
"Croatia","HR","HRV",2019,"","2026-01-28",3949390,78.2243902439024,"Europe & Central Asia","Zagreb","15.9614","45.8069","High income","IBRD"
"Croatia","HR","HRV",2017,"","2026-01-28",4041407,77.7268292682927,"Europe & Central Asia","Zagreb","15.9614","45.8069","High income","IBRD"
"Croatia","HR","HRV",2020,"","2026-01-28",3914206,77.5243902439024,"Europe & Central Asia","Zagreb","15.9614","45.8069","High income","IBRD"
"Croatia","HR","HRV",2010,"","2026-01-28",4295427,76.4756097560976,"Europe & Central Asia","Zagreb","15.9614","45.8069","High income","IBRD"
"Croatia","HR","HRV",2016,"","2026-01-28",4106867,77.9219512195122,"Europe & Central Asia","Zagreb","15.9614","45.8069","High income","IBRD"
"Croatia","HR","HRV",2024,"","2026-01-28",3866200,NA,"Europe & Central Asia","Zagreb","15.9614","45.8069","High income","IBRD"
"Croatia","HR","HRV",2007,"","2026-01-28",4310217,75.7056097560976,"Europe & Central Asia","Zagreb","15.9614","45.8069","High income","IBRD"
"Croatia","HR","HRV",2015,"","2026-01-28",4151725,77.2756097560976,"Europe & Central Asia","Zagreb","15.9614","45.8069","High income","IBRD"
"Croatia","HR","HRV",2013,"","2026-01-28",4233922,77.5707317073171,"Europe & Central Asia","Zagreb","15.9614","45.8069","High income","IBRD"
"Croatia","HR","HRV",2023,"","2026-01-28",3859686,78.4731707317073,"Europe & Central Asia","Zagreb","15.9614","45.8069","High income","IBRD"
"Croatia","HR","HRV",2021,"","2026-01-28",3878981,76.4243902439025,"Europe & Central Asia","Zagreb","15.9614","45.8069","High income","IBRD"
"Croatia","HR","HRV",2018,"","2026-01-28",3988775,77.919512195122,"Europe & Central Asia","Zagreb","15.9614","45.8069","High income","IBRD"
"Croatia","HR","HRV",2022,"","2026-01-28",3855641,77.5756097560976,"Europe & Central Asia","Zagreb","15.9614","45.8069","High income","IBRD"
"Cuba","CU","CUB",2008,"","2026-01-28",11291762,77.589,"Latin America & Caribbean","Havana","-82.3667","23.1333","Upper middle income","Not classified"
"Cuba","CU","CUB",2018,"","2026-01-28",11227118,77.426,"Latin America & Caribbean","Havana","-82.3667","23.1333","Upper middle income","Not classified"
"Cuba","CU","CUB",2002,"","2026-01-28",11177418,76.766,"Latin America & Caribbean","Havana","-82.3667","23.1333","Upper middle income","Not classified"
"Cuba","CU","CUB",2007,"","2026-01-28",11287272,77.55,"Latin America & Caribbean","Havana","-82.3667","23.1333","Upper middle income","Not classified"
"Cuba","CU","CUB",2020,"","2026-01-28",11176354,77.407,"Latin America & Caribbean","Havana","-82.3667","23.1333","Upper middle income","Not classified"
"Cuba","CU","CUB",2017,"","2026-01-28",11247829,77.3,"Latin America & Caribbean","Havana","-82.3667","23.1333","Upper middle income","Not classified"
"Cuba","CU","CUB",2009,"","2026-01-28",11294719,77.584,"Latin America & Caribbean","Havana","-82.3667","23.1333","Upper middle income","Not classified"
"Cuba","CU","CUB",2019,"","2026-01-28",11202846,77.413,"Latin America & Caribbean","Havana","-82.3667","23.1333","Upper middle income","Not classified"
"Cuba","CU","CUB",2011,"","2026-01-28",11301571,78.051,"Latin America & Caribbean","Havana","-82.3667","23.1333","Upper middle income","Not classified"
"Cuba","CU","CUB",2021,"","2026-01-28",11122168,73.201,"Latin America & Caribbean","Havana","-82.3667","23.1333","Upper middle income","Not classified"
"Cuba","CU","CUB",2001,"","2026-01-28",11144132,76.429,"Latin America & Caribbean","Havana","-82.3667","23.1333","Upper middle income","Not classified"
"Cuba","CU","CUB",2006,"","2026-01-28",11278550,77.406,"Latin America & Caribbean","Havana","-82.3667","23.1333","Upper middle income","Not classified"
"Cuba","CU","CUB",2003,"","2026-01-28",11209383,77.405,"Latin America & Caribbean","Havana","-82.3667","23.1333","Upper middle income","Not classified"
"Cuba","CU","CUB",2012,"","2026-01-28",11303175,78.162,"Latin America & Caribbean","Havana","-82.3667","23.1333","Upper middle income","Not classified"
"Cuba","CU","CUB",2005,"","2026-01-28",11262554,77.54,"Latin America & Caribbean","Havana","-82.3667","23.1333","Upper middle income","Not classified"
"Cuba","CU","CUB",2024,"","2026-01-28",10979783,NA,"Latin America & Caribbean","Havana","-82.3667","23.1333","Upper middle income","Not classified"
"Cuba","CU","CUB",2010,"","2026-01-28",11297409,77.876,"Latin America & Caribbean","Havana","-82.3667","23.1333","Upper middle income","Not classified"
"Cuba","CU","CUB",2004,"","2026-01-28",11238756,77.326,"Latin America & Caribbean","Havana","-82.3667","23.1333","Upper middle income","Not classified"
"Cuba","CU","CUB",2023,"","2026-01-28",11019931,78.085,"Latin America & Caribbean","Havana","-82.3667","23.1333","Upper middle income","Not classified"
"Cuba","CU","CUB",2000,"","2026-01-28",11109109,75.922,"Latin America & Caribbean","Havana","-82.3667","23.1333","Upper middle income","Not classified"
"Cuba","CU","CUB",2013,"","2026-01-28",11298167,78.028,"Latin America & Caribbean","Havana","-82.3667","23.1333","Upper middle income","Not classified"
"Cuba","CU","CUB",2022,"","2026-01-28",11059820,77.629,"Latin America & Caribbean","Havana","-82.3667","23.1333","Upper middle income","Not classified"
"Cuba","CU","CUB",2016,"","2026-01-28",11265612,77.571,"Latin America & Caribbean","Havana","-82.3667","23.1333","Upper middle income","Not classified"
"Cuba","CU","CUB",2015,"","2026-01-28",11275065,77.745,"Latin America & Caribbean","Havana","-82.3667","23.1333","Upper middle income","Not classified"
"Cuba","CU","CUB",2014,"","2026-01-28",11285775,77.825,"Latin America & Caribbean","Havana","-82.3667","23.1333","Upper middle income","Not classified"
"Curacao","CW","CUW",2004,"","2026-01-28",134192,73.735,"Latin America & Caribbean","Willemstad","","","High income","Not classified"
"Curacao","CW","CUW",2018,"","2026-01-28",159336,76.493,"Latin America & Caribbean","Willemstad","","","High income","Not classified"
"Curacao","CW","CUW",2017,"","2026-01-28",160175,76.423,"Latin America & Caribbean","Willemstad","","","High income","Not classified"
"Curacao","CW","CUW",2022,"","2026-01-28",153321,76.729,"Latin America & Caribbean","Willemstad","","","High income","Not classified"
"Curacao","CW","CUW",2024,"","2026-01-28",155967,NA,"Latin America & Caribbean","Willemstad","","","High income","Not classified"
"Curacao","CW","CUW",2019,"","2026-01-28",157441,76.492,"Latin America & Caribbean","Willemstad","","","High income","Not classified"
"Curacao","CW","CUW",2020,"","2026-01-28",155482,76.501,"Latin America & Caribbean","Willemstad","","","High income","Not classified"
"Curacao","CW","CUW",2010,"","2026-01-28",148703,75.117,"Latin America & Caribbean","Willemstad","","","High income","Not classified"
"Curacao","CW","CUW",2012,"","2026-01-28",152088,75.96,"Latin America & Caribbean","Willemstad","","","High income","Not classified"
"Curacao","CW","CUW",2008,"","2026-01-28",145880,74.314,"Latin America & Caribbean","Willemstad","","","High income","Not classified"
"Curacao","CW","CUW",2009,"","2026-01-28",146833,74.485,"Latin America & Caribbean","Willemstad","","","High income","Not classified"
"Curacao","CW","CUW",2015,"","2026-01-28",157980,76.482,"Latin America & Caribbean","Willemstad","","","High income","Not classified"
"Curacao","CW","CUW",2016,"","2026-01-28",159664,76.322,"Latin America & Caribbean","Willemstad","","","High income","Not classified"
"Curacao","CW","CUW",2003,"","2026-01-28",131897,73.603,"Latin America & Caribbean","Willemstad","","","High income","Not classified"
"Curacao","CW","CUW",2005,"","2026-01-28",137658,73.873,"Latin America & Caribbean","Willemstad","","","High income","Not classified"
"Curacao","CW","CUW",2006,"","2026-01-28",141239,73.978,"Latin America & Caribbean","Willemstad","","","High income","Not classified"
"Curacao","CW","CUW",2007,"","2026-01-28",144056,74.137,"Latin America & Caribbean","Willemstad","","","High income","Not classified"
"Curacao","CW","CUW",2023,"","2026-01-28",154654,76.8,"Latin America & Caribbean","Willemstad","","","High income","Not classified"
"Curacao","CW","CUW",2000,"","2026-01-28",133860,73.283,"Latin America & Caribbean","Willemstad","","","High income","Not classified"
"Curacao","CW","CUW",2014,"","2026-01-28",155909,76.384,"Latin America & Caribbean","Willemstad","","","High income","Not classified"
"Curacao","CW","CUW",2001,"","2026-01-28",129047,73.36,"Latin America & Caribbean","Willemstad","","","High income","Not classified"
"Curacao","CW","CUW",2011,"","2026-01-28",150831,75.576,"Latin America & Caribbean","Willemstad","","","High income","Not classified"
"Curacao","CW","CUW",2021,"","2026-01-28",153948,75.686,"Latin America & Caribbean","Willemstad","","","High income","Not classified"
"Curacao","CW","CUW",2013,"","2026-01-28",153822,76.239,"Latin America & Caribbean","Willemstad","","","High income","Not classified"
"Curacao","CW","CUW",2002,"","2026-01-28",129205,73.472,"Latin America & Caribbean","Willemstad","","","High income","Not classified"
"Cyprus","CY","CYP",2001,"","2026-01-28",964127,78.185,"Europe & Central Asia","Nicosia","33.3736","35.1676","High income","Not classified"
"Cyprus","CY","CYP",2000,"","2026-01-28",947667,77.9,"Europe & Central Asia","Nicosia","33.3736","35.1676","High income","Not classified"
"Cyprus","CY","CYP",2007,"","2026-01-28",1072714,79.798,"Europe & Central Asia","Nicosia","33.3736","35.1676","High income","Not classified"
"Cyprus","CY","CYP",2002,"","2026-01-28",981440,78.758,"Europe & Central Asia","Nicosia","33.3736","35.1676","High income","Not classified"
"Cyprus","CY","CYP",2009,"","2026-01-28",1109371,80.375,"Europe & Central Asia","Nicosia","33.3736","35.1676","High income","Not classified"
"Cyprus","CY","CYP",2006,"","2026-01-28",1054418,79.456,"Europe & Central Asia","Nicosia","33.3736","35.1676","High income","Not classified"
"Cyprus","CY","CYP",2017,"","2026-01-28",1254275,81.543,"Europe & Central Asia","Nicosia","33.3736","35.1676","High income","Not classified"
"Cyprus","CY","CYP",2008,"","2026-01-28",1091026,79.906,"Europe & Central Asia","Nicosia","33.3736","35.1676","High income","Not classified"
"Cyprus","CY","CYP",2012,"","2026-01-28",1165397,81.128,"Europe & Central Asia","Nicosia","33.3736","35.1676","High income","Not classified"
"Cyprus","CY","CYP",2013,"","2026-01-28",1183895,81.317,"Europe & Central Asia","Nicosia","33.3736","35.1676","High income","Not classified"
"Cyprus","CY","CYP",2022,"","2026-01-28",1331370,80.434,"Europe & Central Asia","Nicosia","33.3736","35.1676","High income","Not classified"
"Cyprus","CY","CYP",2011,"","2026-01-28",1146493,80.855,"Europe & Central Asia","Nicosia","33.3736","35.1676","High income","Not classified"
"Cyprus","CY","CYP",2003,"","2026-01-28",999590,78.908,"Europe & Central Asia","Nicosia","33.3736","35.1676","High income","Not classified"
"Cyprus","CY","CYP",2004,"","2026-01-28",1017875,79.007,"Europe & Central Asia","Nicosia","33.3736","35.1676","High income","Not classified"
"Cyprus","CY","CYP",2024,"","2026-01-28",1358282,NA,"Europe & Central Asia","Nicosia","33.3736","35.1676","High income","Not classified"
"Cyprus","CY","CYP",2005,"","2026-01-28",1036151,79.198,"Europe & Central Asia","Nicosia","33.3736","35.1676","High income","Not classified"
"Cyprus","CY","CYP",2018,"","2026-01-28",1270737,81.556,"Europe & Central Asia","Nicosia","33.3736","35.1676","High income","Not classified"
"Cyprus","CY","CYP",2015,"","2026-01-28",1219502,81.464,"Europe & Central Asia","Nicosia","33.3736","35.1676","High income","Not classified"
"Cyprus","CY","CYP",2010,"","2026-01-28",1127816,80.632,"Europe & Central Asia","Nicosia","33.3736","35.1676","High income","Not classified"
"Cyprus","CY","CYP",2021,"","2026-01-28",1317309,80.573,"Europe & Central Asia","Nicosia","33.3736","35.1676","High income","Not classified"
"Cyprus","CY","CYP",2014,"","2026-01-28",1201801,81.337,"Europe & Central Asia","Nicosia","33.3736","35.1676","High income","Not classified"
"Cyprus","CY","CYP",2019,"","2026-01-28",1286671,81.454,"Europe & Central Asia","Nicosia","33.3736","35.1676","High income","Not classified"
"Cyprus","CY","CYP",2020,"","2026-01-28",1302247,81.23,"Europe & Central Asia","Nicosia","33.3736","35.1676","High income","Not classified"
"Cyprus","CY","CYP",2016,"","2026-01-28",1237112,81.534,"Europe & Central Asia","Nicosia","33.3736","35.1676","High income","Not classified"
"Cyprus","CY","CYP",2023,"","2026-01-28",1344976,81.648,"Europe & Central Asia","Nicosia","33.3736","35.1676","High income","Not classified"
"Czechia","CZ","CZE",2005,"","2026-01-28",10211216,75.9243902439025,"Europe & Central Asia","Prague","14.4205","50.0878","High income","Not classified"
"Czechia","CZ","CZE",2012,"","2026-01-28",10510785,78.0756097560976,"Europe & Central Asia","Prague","14.4205","50.0878","High income","Not classified"
"Czechia","CZ","CZE",2018,"","2026-01-28",10629928,79.0292682926829,"Europe & Central Asia","Prague","14.4205","50.0878","High income","Not classified"
"Czechia","CZ","CZE",2011,"","2026-01-28",10496088,77.8731707317073,"Europe & Central Asia","Prague","14.4205","50.0878","High income","Not classified"
"Czechia","CZ","CZE",2001,"","2026-01-28",10216605,75.1731707317073,"Europe & Central Asia","Prague","14.4205","50.0878","High income","Not classified"
"Czechia","CZ","CZE",2016,"","2026-01-28",10566332,79.0268292682927,"Europe & Central Asia","Prague","14.4205","50.0878","High income","Not classified"
"Czechia","CZ","CZE",2015,"","2026-01-28",10546059,78.5780487804878,"Europe & Central Asia","Prague","14.4205","50.0878","High income","Not classified"
"Czechia","CZ","CZE",2010,"","2026-01-28",10474410,77.4243902439025,"Europe & Central Asia","Prague","14.4205","50.0878","High income","Not classified"
"Czechia","CZ","CZE",2007,"","2026-01-28",10298828,76.7243902439025,"Europe & Central Asia","Prague","14.4205","50.0878","High income","Not classified"
"Czechia","CZ","CZE",2008,"","2026-01-28",10384603,76.9756097560976,"Europe & Central Asia","Prague","14.4205","50.0878","High income","Not classified"
"Czechia","CZ","CZE",2009,"","2026-01-28",10443936,77.0780487804878,"Europe & Central Asia","Prague","14.4205","50.0878","High income","Not classified"
"Czechia","CZ","CZE",2003,"","2026-01-28",10193998,75.1707317073171,"Europe & Central Asia","Prague","14.4205","50.0878","High income","Not classified"
"Czechia","CZ","CZE",2022,"","2026-01-28",10672118,78.9292682926829,"Europe & Central Asia","Prague","14.4205","50.0878","High income","Not classified"
"Czechia","CZ","CZE",2024,"","2026-01-28",10905028,NA,"Europe & Central Asia","Prague","14.4205","50.0878","High income","Not classified"
"Czechia","CZ","CZE",2014,"","2026-01-28",10525347,78.8243902439024,"Europe & Central Asia","Prague","14.4205","50.0878","High income","Not classified"
"Czechia","CZ","CZE",2017,"","2026-01-28",10594438,78.9780487804878,"Europe & Central Asia","Prague","14.4205","50.0878","High income","Not classified"
"Czechia","CZ","CZE",2004,"","2026-01-28",10197101,75.7219512195122,"Europe & Central Asia","Prague","14.4205","50.0878","High income","Not classified"
"Czechia","CZ","CZE",2000,"","2026-01-28",10255063,74.9682926829268,"Europe & Central Asia","Prague","14.4205","50.0878","High income","Not classified"
"Czechia","CZ","CZE",2006,"","2026-01-28",10238905,76.5243902439024,"Europe & Central Asia","Prague","14.4205","50.0878","High income","Not classified"
"Czechia","CZ","CZE",2020,"","2026-01-28",10697858,78.2268292682927,"Europe & Central Asia","Prague","14.4205","50.0878","High income","Not classified"
"Czechia","CZ","CZE",2021,"","2026-01-28",10505772,77.2219512195122,"Europe & Central Asia","Prague","14.4205","50.0878","High income","Not classified"
"Czechia","CZ","CZE",2023,"","2026-01-28",10864042,79.8780487804878,"Europe & Central Asia","Prague","14.4205","50.0878","High income","Not classified"
"Czechia","CZ","CZE",2019,"","2026-01-28",10671870,79.2292682926829,"Europe & Central Asia","Prague","14.4205","50.0878","High income","Not classified"
"Czechia","CZ","CZE",2002,"","2026-01-28",10196916,75.2219512195122,"Europe & Central Asia","Prague","14.4205","50.0878","High income","Not classified"
"Czechia","CZ","CZE",2013,"","2026-01-28",10514272,78.1756097560976,"Europe & Central Asia","Prague","14.4205","50.0878","High income","Not classified"
"Denmark","DK","DNK",2018,"","2026-01-28",5793636,80.9536585365854,"Europe & Central Asia","Copenhagen","12.5681","55.6763","High income","Not classified"
"Denmark","DK","DNK",2015,"","2026-01-28",5683483,80.7024390243902,"Europe & Central Asia","Copenhagen","12.5681","55.6763","High income","Not classified"
"Denmark","DK","DNK",2002,"","2026-01-28",5375931,76.8951219512195,"Europe & Central Asia","Copenhagen","12.5681","55.6763","High income","Not classified"
"Denmark","DK","DNK",2024,"","2026-01-28",5976992,NA,"Europe & Central Asia","Copenhagen","12.5681","55.6763","High income","Not classified"
"Denmark","DK","DNK",2003,"","2026-01-28",5390574,77.1439024390244,"Europe & Central Asia","Copenhagen","12.5681","55.6763","High income","Not classified"
"Denmark","DK","DNK",2000,"","2026-01-28",5339616,76.5926829268293,"Europe & Central Asia","Copenhagen","12.5681","55.6763","High income","Not classified"
"Denmark","DK","DNK",2016,"","2026-01-28",5728010,80.8536585365854,"Europe & Central Asia","Copenhagen","12.5681","55.6763","High income","Not classified"
"Denmark","DK","DNK",2008,"","2026-01-28",5493621,78.4463414634146,"Europe & Central Asia","Copenhagen","12.5681","55.6763","High income","Not classified"
"Denmark","DK","DNK",2014,"","2026-01-28",5643475,80.7,"Europe & Central Asia","Copenhagen","12.5681","55.6763","High income","Not classified"
"Denmark","DK","DNK",2010,"","2026-01-28",5547683,79.1,"Europe & Central Asia","Copenhagen","12.5681","55.6763","High income","Not classified"
"Denmark","DK","DNK",2007,"","2026-01-28",5461438,78.1951219512195,"Europe & Central Asia","Copenhagen","12.5681","55.6763","High income","Not classified"
"Denmark","DK","DNK",2012,"","2026-01-28",5591572,80.0512195121951,"Europe & Central Asia","Copenhagen","12.5681","55.6763","High income","Not classified"
"Denmark","DK","DNK",2009,"","2026-01-28",5523095,78.5975609756098,"Europe & Central Asia","Copenhagen","12.5681","55.6763","High income","Not classified"
"Denmark","DK","DNK",2020,"","2026-01-28",5831404,81.6024390243903,"Europe & Central Asia","Copenhagen","12.5681","55.6763","High income","Not classified"
"Denmark","DK","DNK",2011,"","2026-01-28",5570572,79.8,"Europe & Central Asia","Copenhagen","12.5681","55.6763","High income","Not classified"
"Denmark","DK","DNK",2022,"","2026-01-28",5903037,81.3048780487805,"Europe & Central Asia","Copenhagen","12.5681","55.6763","High income","Not classified"
"Denmark","DK","DNK",2023,"","2026-01-28",5946952,81.8536585365854,"Europe & Central Asia","Copenhagen","12.5681","55.6763","High income","Not classified"
"Denmark","DK","DNK",2005,"","2026-01-28",5419432,77.8439024390244,"Europe & Central Asia","Copenhagen","12.5681","55.6763","High income","Not classified"
"Denmark","DK","DNK",2021,"","2026-01-28",5856733,81.4048780487805,"Europe & Central Asia","Copenhagen","12.5681","55.6763","High income","Not classified"
"Denmark","DK","DNK",2004,"","2026-01-28",5404523,77.4926829268293,"Europe & Central Asia","Copenhagen","12.5681","55.6763","High income","Not classified"
"Denmark","DK","DNK",2019,"","2026-01-28",5814422,81.4512195121951,"Europe & Central Asia","Copenhagen","12.5681","55.6763","High income","Not classified"
"Denmark","DK","DNK",2006,"","2026-01-28",5437272,78.0951219512195,"Europe & Central Asia","Copenhagen","12.5681","55.6763","High income","Not classified"
"Denmark","DK","DNK",2001,"","2026-01-28",5358783,76.7926829268293,"Europe & Central Asia","Copenhagen","12.5681","55.6763","High income","Not classified"
"Denmark","DK","DNK",2017,"","2026-01-28",5764980,81.1024390243903,"Europe & Central Asia","Copenhagen","12.5681","55.6763","High income","Not classified"
"Denmark","DK","DNK",2013,"","2026-01-28",5614932,80.3,"Europe & Central Asia","Copenhagen","12.5681","55.6763","High income","Not classified"
"Djibouti","DJ","DJI",2003,"","2026-01-28",813519,58.041,"Middle East & North Africa","Djibouti","43.1425","11.5806","Lower middle income","IDA"
"Djibouti","DJ","DJI",2004,"","2026-01-28",826124,58.103,"Middle East & North Africa","Djibouti","43.1425","11.5806","Lower middle income","IDA"
"Djibouti","DJ","DJI",2001,"","2026-01-28",771313,57.506,"Middle East & North Africa","Djibouti","43.1425","11.5806","Lower middle income","IDA"
"Djibouti","DJ","DJI",2008,"","2026-01-28",892734,59.815,"Middle East & North Africa","Djibouti","43.1425","11.5806","Lower middle income","IDA"
"Djibouti","DJ","DJI",2009,"","2026-01-28",911527,60.351,"Middle East & North Africa","Djibouti","43.1425","11.5806","Lower middle income","IDA"
"Djibouti","DJ","DJI",2002,"","2026-01-28",795574,57.824,"Middle East & North Africa","Djibouti","43.1425","11.5806","Lower middle income","IDA"
"Djibouti","DJ","DJI",2013,"","2026-01-28",984824,62.116,"Middle East & North Africa","Djibouti","43.1425","11.5806","Lower middle income","IDA"
"Djibouti","DJ","DJI",2024,"","2026-01-28",1168722,NA,"Middle East & North Africa","Djibouti","43.1425","11.5806","Lower middle income","IDA"
"Djibouti","DJ","DJI",2015,"","2026-01-28",1020313,62.833,"Middle East & North Africa","Djibouti","43.1425","11.5806","Lower middle income","IDA"
"Djibouti","DJ","DJI",2016,"","2026-01-28",1037653,63.335,"Middle East & North Africa","Djibouti","43.1425","11.5806","Lower middle income","IDA"
"Djibouti","DJ","DJI",2007,"","2026-01-28",874528,59.362,"Middle East & North Africa","Djibouti","43.1425","11.5806","Lower middle income","IDA"
"Djibouti","DJ","DJI",2019,"","2026-01-28",1088709,64.381,"Middle East & North Africa","Djibouti","43.1425","11.5806","Lower middle income","IDA"
"Djibouti","DJ","DJI",2005,"","2026-01-28",839167,58.548,"Middle East & North Africa","Djibouti","43.1425","11.5806","Lower middle income","IDA"
"Djibouti","DJ","DJI",2000,"","2026-01-28",747318,56.734,"Middle East & North Africa","Djibouti","43.1425","11.5806","Lower middle income","IDA"
"Djibouti","DJ","DJI",2011,"","2026-01-28",948558,61.337,"Middle East & North Africa","Djibouti","43.1425","11.5806","Lower middle income","IDA"
"Djibouti","DJ","DJI",2012,"","2026-01-28",966747,61.719,"Middle East & North Africa","Djibouti","43.1425","11.5806","Lower middle income","IDA"
"Djibouti","DJ","DJI",2020,"","2026-01-28",1105188,64.2,"Middle East & North Africa","Djibouti","43.1425","11.5806","Lower middle income","IDA"
"Djibouti","DJ","DJI",2006,"","2026-01-28",855764,58.962,"Middle East & North Africa","Djibouti","43.1425","11.5806","Lower middle income","IDA"
"Djibouti","DJ","DJI",2017,"","2026-01-28",1054841,63.71,"Middle East & North Africa","Djibouti","43.1425","11.5806","Lower middle income","IDA"
"Djibouti","DJ","DJI",2018,"","2026-01-28",1071882,64.105,"Middle East & North Africa","Djibouti","43.1425","11.5806","Lower middle income","IDA"
"Djibouti","DJ","DJI",2022,"","2026-01-28",1137096,65.54,"Middle East & North Africa","Djibouti","43.1425","11.5806","Lower middle income","IDA"
"Djibouti","DJ","DJI",2014,"","2026-01-28",1002717,62.427,"Middle East & North Africa","Djibouti","43.1425","11.5806","Lower middle income","IDA"
"Djibouti","DJ","DJI",2023,"","2026-01-28",1152944,65.987,"Middle East & North Africa","Djibouti","43.1425","11.5806","Lower middle income","IDA"
"Djibouti","DJ","DJI",2010,"","2026-01-28",930251,60.743,"Middle East & North Africa","Djibouti","43.1425","11.5806","Lower middle income","IDA"
"Djibouti","DJ","DJI",2021,"","2026-01-28",1121248,63.83,"Middle East & North Africa","Djibouti","43.1425","11.5806","Lower middle income","IDA"
"Dominica","DM","DMA",2019,"","2026-01-28",67880,71.305,"Latin America & Caribbean","Roseau","-61.39","15.2976","Upper middle income","Blend"
"Dominica","DM","DMA",2017,"","2026-01-28",68496,68.62,"Latin America & Caribbean","Roseau","-61.39","15.2976","Upper middle income","Blend"
"Dominica","DM","DMA",2018,"","2026-01-28",68174,71.378,"Latin America & Caribbean","Roseau","-61.39","15.2976","Upper middle income","Blend"
"Dominica","DM","DMA",2016,"","2026-01-28",69606,71.189,"Latin America & Caribbean","Roseau","-61.39","15.2976","Upper middle income","Blend"
"Dominica","DM","DMA",2023,"","2026-01-28",66510,71.132,"Latin America & Caribbean","Roseau","-61.39","15.2976","Upper middle income","Blend"
"Dominica","DM","DMA",2014,"","2026-01-28",70373,71.189,"Latin America & Caribbean","Roseau","-61.39","15.2976","Upper middle income","Blend"
"Dominica","DM","DMA",2015,"","2026-01-28",70410,69.968,"Latin America & Caribbean","Roseau","-61.39","15.2976","Upper middle income","Blend"
"Dominica","DM","DMA",2022,"","2026-01-28",66826,71.081,"Latin America & Caribbean","Roseau","-61.39","15.2976","Upper middle income","Blend"
"Dominica","DM","DMA",2011,"","2026-01-28",69053,71.517,"Latin America & Caribbean","Roseau","-61.39","15.2976","Upper middle income","Blend"
"Dominica","DM","DMA",2024,"","2026-01-28",66205,NA,"Latin America & Caribbean","Roseau","-61.39","15.2976","Upper middle income","Blend"
"Dominica","DM","DMA",2013,"","2026-01-28",69715,71.228,"Latin America & Caribbean","Roseau","-61.39","15.2976","Upper middle income","Blend"
"Dominica","DM","DMA",2010,"","2026-01-28",68859,71.68,"Latin America & Caribbean","Roseau","-61.39","15.2976","Upper middle income","Blend"
"Dominica","DM","DMA",2003,"","2026-01-28",68531,71.942,"Latin America & Caribbean","Roseau","-61.39","15.2976","Upper middle income","Blend"
"Dominica","DM","DMA",2006,"","2026-01-28",68806,72.007,"Latin America & Caribbean","Roseau","-61.39","15.2976","Upper middle income","Blend"
"Dominica","DM","DMA",2020,"","2026-01-28",67573,71.269,"Latin America & Caribbean","Roseau","-61.39","15.2976","Upper middle income","Blend"
"Dominica","DM","DMA",2002,"","2026-01-28",68367,71.927,"Latin America & Caribbean","Roseau","-61.39","15.2976","Upper middle income","Blend"
"Dominica","DM","DMA",2005,"","2026-01-28",68734,72.016,"Latin America & Caribbean","Roseau","-61.39","15.2976","Upper middle income","Blend"
"Dominica","DM","DMA",2004,"","2026-01-28",68649,71.987,"Latin America & Caribbean","Roseau","-61.39","15.2976","Upper middle income","Blend"
"Dominica","DM","DMA",2007,"","2026-01-28",68847,71.901,"Latin America & Caribbean","Roseau","-61.39","15.2976","Upper middle income","Blend"
"Dominica","DM","DMA",2021,"","2026-01-28",67202,69.832,"Latin America & Caribbean","Roseau","-61.39","15.2976","Upper middle income","Blend"
"Dominica","DM","DMA",2009,"","2026-01-28",68864,71.835,"Latin America & Caribbean","Roseau","-61.39","15.2976","Upper middle income","Blend"
"Dominica","DM","DMA",2012,"","2026-01-28",69118,71.391,"Latin America & Caribbean","Roseau","-61.39","15.2976","Upper middle income","Blend"
"Dominica","DM","DMA",2001,"","2026-01-28",68288,71.862,"Latin America & Caribbean","Roseau","-61.39","15.2976","Upper middle income","Blend"
"Dominica","DM","DMA",2000,"","2026-01-28",68511,71.715,"Latin America & Caribbean","Roseau","-61.39","15.2976","Upper middle income","Blend"
"Dominica","DM","DMA",2008,"","2026-01-28",68854,71.945,"Latin America & Caribbean","Roseau","-61.39","15.2976","Upper middle income","Blend"
"Dominican Republic","DO","DOM",2008,"","2026-01-28",9573130,71.331,"Latin America & Caribbean","Santo Domingo","-69.8908","18.479","Upper middle income","IBRD"
"Dominican Republic","DO","DOM",2004,"","2026-01-28",9104892,70.73,"Latin America & Caribbean","Santo Domingo","-69.8908","18.479","Upper middle income","IBRD"
"Dominican Republic","DO","DOM",2016,"","2026-01-28",10551430,72.889,"Latin America & Caribbean","Santo Domingo","-69.8908","18.479","Upper middle income","IBRD"
"Dominican Republic","DO","DOM",2017,"","2026-01-28",10666843,73.37,"Latin America & Caribbean","Santo Domingo","-69.8908","18.479","Upper middle income","IBRD"
"Dominican Republic","DO","DOM",2007,"","2026-01-28",9455658,71.097,"Latin America & Caribbean","Santo Domingo","-69.8908","18.479","Upper middle income","IBRD"
"Dominican Republic","DO","DOM",2011,"","2026-01-28",9945621,72.496,"Latin America & Caribbean","Santo Domingo","-69.8908","18.479","Upper middle income","IBRD"
"Dominican Republic","DO","DOM",2012,"","2026-01-28",10070411,72.817,"Latin America & Caribbean","Santo Domingo","-69.8908","18.479","Upper middle income","IBRD"
"Dominican Republic","DO","DOM",2009,"","2026-01-28",9695265,71.587,"Latin America & Caribbean","Santo Domingo","-69.8908","18.479","Upper middle income","IBRD"
"Dominican Republic","DO","DOM",2000,"","2026-01-28",8584190,70.365,"Latin America & Caribbean","Santo Domingo","-69.8908","18.479","Upper middle income","IBRD"
"Dominican Republic","DO","DOM",2001,"","2026-01-28",8720283,70.553,"Latin America & Caribbean","Santo Domingo","-69.8908","18.479","Upper middle income","IBRD"
"Dominican Republic","DO","DOM",2002,"","2026-01-28",8852235,70.719,"Latin America & Caribbean","Santo Domingo","-69.8908","18.479","Upper middle income","IBRD"
"Dominican Republic","DO","DOM",2005,"","2026-01-28",9225034,71.043,"Latin America & Caribbean","Santo Domingo","-69.8908","18.479","Upper middle income","IBRD"
"Dominican Republic","DO","DOM",2006,"","2026-01-28",9341183,71.054,"Latin America & Caribbean","Santo Domingo","-69.8908","18.479","Upper middle income","IBRD"
"Dominican Republic","DO","DOM",2015,"","2026-01-28",10434829,72.982,"Latin America & Caribbean","Santo Domingo","-69.8908","18.479","Upper middle income","IBRD"
"Dominican Republic","DO","DOM",2020,"","2026-01-28",11008300,72.636,"Latin America & Caribbean","Santo Domingo","-69.8908","18.479","Upper middle income","IBRD"
"Dominican Republic","DO","DOM",2021,"","2026-01-28",11123476,71.757,"Latin America & Caribbean","Santo Domingo","-69.8908","18.479","Upper middle income","IBRD"
"Dominican Republic","DO","DOM",2018,"","2026-01-28",10782053,73.555,"Latin America & Caribbean","Santo Domingo","-69.8908","18.479","Upper middle income","IBRD"
"Dominican Republic","DO","DOM",2010,"","2026-01-28",9820175,72.039,"Latin America & Caribbean","Santo Domingo","-69.8908","18.479","Upper middle income","IBRD"
"Dominican Republic","DO","DOM",2024,"","2026-01-28",11427557,NA,"Latin America & Caribbean","Santo Domingo","-69.8908","18.479","Upper middle income","IBRD"
"Dominican Republic","DO","DOM",2019,"","2026-01-28",10894043,73.112,"Latin America & Caribbean","Santo Domingo","-69.8908","18.479","Upper middle income","IBRD"
"Dominican Republic","DO","DOM",2022,"","2026-01-28",11230734,74.211,"Latin America & Caribbean","Santo Domingo","-69.8908","18.479","Upper middle income","IBRD"
"Dominican Republic","DO","DOM",2013,"","2026-01-28",10193833,73.038,"Latin America & Caribbean","Santo Domingo","-69.8908","18.479","Upper middle income","IBRD"
"Dominican Republic","DO","DOM",2023,"","2026-01-28",11331265,73.72,"Latin America & Caribbean","Santo Domingo","-69.8908","18.479","Upper middle income","IBRD"
"Dominican Republic","DO","DOM",2014,"","2026-01-28",10315528,73.145,"Latin America & Caribbean","Santo Domingo","-69.8908","18.479","Upper middle income","IBRD"
"Dominican Republic","DO","DOM",2003,"","2026-01-28",8980620,70.856,"Latin America & Caribbean","Santo Domingo","-69.8908","18.479","Upper middle income","IBRD"
"Early-demographic dividend","V2","EAR",2020,"","2026-01-28",3396051187,69.8801308490982,"Aggregates","","","","Aggregates","Aggregates"
"Early-demographic dividend","V2","EAR",2007,"","2026-01-28",2830531957,66.7605467353128,"Aggregates","","","","Aggregates","Aggregates"
"Early-demographic dividend","V2","EAR",2016,"","2026-01-28",3233033717,69.9484837084835,"Aggregates","","","","Aggregates","Aggregates"
"Early-demographic dividend","V2","EAR",2011,"","2026-01-28",3013476947,68.2600380693651,"Aggregates","","","","Aggregates","Aggregates"
"Early-demographic dividend","V2","EAR",2008,"","2026-01-28",2875943965,67.0218187568003,"Aggregates","","","","Aggregates","Aggregates"
"Early-demographic dividend","V2","EAR",2018,"","2026-01-28",3314245247,70.5486659921503,"Aggregates","","","","Aggregates","Aggregates"
"Early-demographic dividend","V2","EAR",2019,"","2026-01-28",3355014793,70.8424064605001,"Aggregates","","","","Aggregates","Aggregates"
"Early-demographic dividend","V2","EAR",2014,"","2026-01-28",3146800078,69.3249758824304,"Aggregates","","","","Aggregates","Aggregates"
"Early-demographic dividend","V2","EAR",2012,"","2026-01-28",3058869436,68.6094630284121,"Aggregates","","","","Aggregates","Aggregates"
"Early-demographic dividend","V2","EAR",2009,"","2026-01-28",2921563644,67.496408245139,"Aggregates","","","","Aggregates","Aggregates"
"Early-demographic dividend","V2","EAR",2015,"","2026-01-28",3190318707,69.6305484421664,"Aggregates","","","","Aggregates","Aggregates"
"Early-demographic dividend","V2","EAR",2006,"","2026-01-28",2784726644,66.3919300050345,"Aggregates","","","","Aggregates","Aggregates"
"Early-demographic dividend","V2","EAR",2017,"","2026-01-28",3274060446,70.2729949393554,"Aggregates","","","","Aggregates","Aggregates"
"Early-demographic dividend","V2","EAR",2004,"","2026-01-28",2693184997,65.5132392756465,"Aggregates","","","","Aggregates","Aggregates"
"Early-demographic dividend","V2","EAR",2005,"","2026-01-28",2738846905,65.9797864104925,"Aggregates","","","","Aggregates","Aggregates"
"Early-demographic dividend","V2","EAR",2010,"","2026-01-28",2967104472,67.8244434669729,"Aggregates","","","","Aggregates","Aggregates"
"Early-demographic dividend","V2","EAR",2023,"","2026-01-28",3511607650,71.7962449795855,"Aggregates","","","","Aggregates","Aggregates"
"Early-demographic dividend","V2","EAR",2024,"","2026-01-28",3552278604,NA,"Aggregates","","","","Aggregates","Aggregates"
"Early-demographic dividend","V2","EAR",2021,"","2026-01-28",3432026092,68.1790994839633,"Aggregates","","","","Aggregates","Aggregates"
"Early-demographic dividend","V2","EAR",2003,"","2026-01-28",2647109296,65.2791550496845,"Aggregates","","","","Aggregates","Aggregates"
"Early-demographic dividend","V2","EAR",2000,"","2026-01-28",2509431470,64.2196098284934,"Aggregates","","","","Aggregates","Aggregates"
"Early-demographic dividend","V2","EAR",2001,"","2026-01-28",2556335424,64.55670545203,"Aggregates","","","","Aggregates","Aggregates"
"Early-demographic dividend","V2","EAR",2013,"","2026-01-28",3103677284,68.962837783411,"Aggregates","","","","Aggregates","Aggregates"
"Early-demographic dividend","V2","EAR",2022,"","2026-01-28",3470644834,71.4304552508694,"Aggregates","","","","Aggregates","Aggregates"
"Early-demographic dividend","V2","EAR",2002,"","2026-01-28",2601917557,64.9680746751559,"Aggregates","","","","Aggregates","Aggregates"
"East Asia & Pacific","Z4","EAS",2015,"","2026-01-28",2300844269,75.7926010192992,"Aggregates","","","","Aggregates","Aggregates"
"East Asia & Pacific","Z4","EAS",2016,"","2026-01-28",2317076058,75.9870166732102,"Aggregates","","","","Aggregates","Aggregates"
"East Asia & Pacific","Z4","EAS",2017,"","2026-01-28",2333475520,76.0789923585537,"Aggregates","","","","Aggregates","Aggregates"
"East Asia & Pacific","Z4","EAS",2019,"","2026-01-28",2359762190,76.5862412994962,"Aggregates","","","","Aggregates","Aggregates"
"East Asia & Pacific","Z4","EAS",2020,"","2026-01-28",2369420882,76.5433946923267,"Aggregates","","","","Aggregates","Aggregates"
"East Asia & Pacific","Z4","EAS",2021,"","2026-01-28",2375117716,76.152941315904,"Aggregates","","","","Aggregates","Aggregates"
"East Asia & Pacific","Z4","EAS",2010,"","2026-01-28",2214613815,74.6299790050688,"Aggregates","","","","Aggregates","Aggregates"
"East Asia & Pacific","Z4","EAS",2022,"","2026-01-28",2379617118,76.6767167147452,"Aggregates","","","","Aggregates","Aggregates"
"East Asia & Pacific","Z4","EAS",2012,"","2026-01-28",2249081393,75.1059726864745,"Aggregates","","","","Aggregates","Aggregates"
"East Asia & Pacific","Z4","EAS",2013,"","2026-01-28",2267072102,75.3347729864005,"Aggregates","","","","Aggregates","Aggregates"
"East Asia & Pacific","Z4","EAS",2003,"","2026-01-28",2102761941,72.7346908938812,"Aggregates","","","","Aggregates","Aggregates"
"East Asia & Pacific","Z4","EAS",2014,"","2026-01-28",2284385542,75.5644270391791,"Aggregates","","","","Aggregates","Aggregates"
"East Asia & Pacific","Z4","EAS",2001,"","2026-01-28",2068682053,72.0413059988772,"Aggregates","","","","Aggregates","Aggregates"
"East Asia & Pacific","Z4","EAS",2002,"","2026-01-28",2086144389,72.3571058107458,"Aggregates","","","","Aggregates","Aggregates"
"East Asia & Pacific","Z4","EAS",2024,"","2026-01-28",2388319494,NA,"Aggregates","","","","Aggregates","Aggregates"
"East Asia & Pacific","Z4","EAS",2018,"","2026-01-28",2347576325,76.3914229383171,"Aggregates","","","","Aggregates","Aggregates"
"East Asia & Pacific","Z4","EAS",2006,"","2026-01-28",2150688938,73.5640440034614,"Aggregates","","","","Aggregates","Aggregates"
"East Asia & Pacific","Z4","EAS",2023,"","2026-01-28",2384441485,76.6594177267807,"Aggregates","","","","Aggregates","Aggregates"
"East Asia & Pacific","Z4","EAS",2007,"","2026-01-28",2167046538,73.8948513504332,"Aggregates","","","","Aggregates","Aggregates"
"East Asia & Pacific","Z4","EAS",2009,"","2026-01-28",2199148703,74.3683471715786,"Aggregates","","","","Aggregates","Aggregates"
"East Asia & Pacific","Z4","EAS",2011,"","2026-01-28",2230826576,74.8252830592191,"Aggregates","","","","Aggregates","Aggregates"
"East Asia & Pacific","Z4","EAS",2000,"","2026-01-28",2050149617,71.7028323240299,"Aggregates","","","","Aggregates","Aggregates"
"East Asia & Pacific","Z4","EAS",2008,"","2026-01-28",2183472438,73.8481629943996,"Aggregates","","","","Aggregates","Aggregates"
"East Asia & Pacific","Z4","EAS",2004,"","2026-01-28",2118747885,72.812660596894,"Aggregates","","","","Aggregates","Aggregates"
"East Asia & Pacific","Z4","EAS",2005,"","2026-01-28",2134573057,73.2984345512681,"Aggregates","","","","Aggregates","Aggregates"
"East Asia & Pacific (excluding high income)","4E","EAP",2024,"","2026-01-28",2141122258,NA,"Aggregates","","","","Aggregates","Aggregates"
"East Asia & Pacific (excluding high income)","4E","EAP",2005,"","2026-01-28",1898853723,72.3983266445825,"Aggregates","","","","Aggregates","Aggregates"
"East Asia & Pacific (excluding high income)","4E","EAP",2014,"","2026-01-28",2040383789,74.7194528121745,"Aggregates","","","","Aggregates","Aggregates"
"East Asia & Pacific (excluding high income)","4E","EAP",2023,"","2026-01-28",2137527754,75.8806830895266,"Aggregates","","","","Aggregates","Aggregates"
"East Asia & Pacific (excluding high income)","4E","EAP",2022,"","2026-01-28",2133560408,75.9325409436903,"Aggregates","","","","Aggregates","Aggregates"
"East Asia & Pacific (excluding high income)","4E","EAP",2010,"","2026-01-28",1973602166,73.7616390609633,"Aggregates","","","","Aggregates","Aggregates"
"East Asia & Pacific (excluding high income)","4E","EAP",2006,"","2026-01-28",1914002124,72.6518704363172,"Aggregates","","","","Aggregates","Aggregates"
"East Asia & Pacific (excluding high income)","4E","EAP",2021,"","2026-01-28",2128553744,75.2781418410849,"Aggregates","","","","Aggregates","Aggregates"
"East Asia & Pacific (excluding high income)","4E","EAP",2009,"","2026-01-28",1959017463,73.4677878146597,"Aggregates","","","","Aggregates","Aggregates"
"East Asia & Pacific (excluding high income)","4E","EAP",2017,"","2026-01-28",2087238522,75.2396714880306,"Aggregates","","","","Aggregates","Aggregates"
"East Asia & Pacific (excluding high income)","4E","EAP",2011,"","2026-01-28",1989106668,73.9857453156401,"Aggregates","","","","Aggregates","Aggregates"
"East Asia & Pacific (excluding high income)","4E","EAP",2012,"","2026-01-28",2006566431,74.2597872053228,"Aggregates","","","","Aggregates","Aggregates"
"East Asia & Pacific (excluding high income)","4E","EAP",2000,"","2026-01-28",1819011507,70.7357071585237,"Aggregates","","","","Aggregates","Aggregates"
"East Asia & Pacific (excluding high income)","4E","EAP",2004,"","2026-01-28",1883675167,71.8588009229193,"Aggregates","","","","Aggregates","Aggregates"
"East Asia & Pacific (excluding high income)","4E","EAP",2018,"","2026-01-28",2100698838,75.57828618156,"Aggregates","","","","Aggregates","Aggregates"
"East Asia & Pacific (excluding high income)","4E","EAP",2019,"","2026-01-28",2112289891,75.7689690321509,"Aggregates","","","","Aggregates","Aggregates"
"East Asia & Pacific (excluding high income)","4E","EAP",2020,"","2026-01-28",2121866294,75.6976393295064,"Aggregates","","","","Aggregates","Aggregates"
"East Asia & Pacific (excluding high income)","4E","EAP",2007,"","2026-01-28",1929185103,72.9937536648265,"Aggregates","","","","Aggregates","Aggregates"
"East Asia & Pacific (excluding high income)","4E","EAP",2008,"","2026-01-28",1944305887,72.9241376220933,"Aggregates","","","","Aggregates","Aggregates"
"East Asia & Pacific (excluding high income)","4E","EAP",2001,"","2026-01-28",1836260943,71.0740923872156,"Aggregates","","","","Aggregates","Aggregates"
"East Asia & Pacific (excluding high income)","4E","EAP",2002,"","2026-01-28",1852659155,71.3967499620569,"Aggregates","","","","Aggregates","Aggregates"
"East Asia & Pacific (excluding high income)","4E","EAP",2016,"","2026-01-28",2071486140,75.1559117663434,"Aggregates","","","","Aggregates","Aggregates"
"East Asia & Pacific (excluding high income)","4E","EAP",2015,"","2026-01-28",2056050896,74.9511243848739,"Aggregates","","","","Aggregates","Aggregates"
"East Asia & Pacific (excluding high income)","4E","EAP",2003,"","2026-01-28",1868409996,71.80399562865,"Aggregates","","","","Aggregates","Aggregates"
"East Asia & Pacific (excluding high income)","4E","EAP",2013,"","2026-01-28",2023850158,74.4859323786011,"Aggregates","","","","Aggregates","Aggregates"
"East Asia & Pacific (IDA & IBRD countries)","T4","TEA",2001,"","2026-01-28",1812475067,71.2077369930428,"Aggregates","","","","Aggregates","Aggregates"
"East Asia & Pacific (IDA & IBRD countries)","T4","TEA",2002,"","2026-01-28",1828744767,71.534352902059,"Aggregates","","","","Aggregates","Aggregates"
"East Asia & Pacific (IDA & IBRD countries)","T4","TEA",2005,"","2026-01-28",1874487158,72.440234089532,"Aggregates","","","","Aggregates","Aggregates"
"East Asia & Pacific (IDA & IBRD countries)","T4","TEA",2006,"","2026-01-28",1889507244,72.698344733116,"Aggregates","","","","Aggregates","Aggregates"
"East Asia & Pacific (IDA & IBRD countries)","T4","TEA",2000,"","2026-01-28",1795374943,70.8650826611101,"Aggregates","","","","Aggregates","Aggregates"
"East Asia & Pacific (IDA & IBRD countries)","T4","TEA",2013,"","2026-01-28",1998548872,74.5190033698096,"Aggregates","","","","Aggregates","Aggregates"
"East Asia & Pacific (IDA & IBRD countries)","T4","TEA",2022,"","2026-01-28",2107261123,75.9610347461336,"Aggregates","","","","Aggregates","Aggregates"
"East Asia & Pacific (IDA & IBRD countries)","T4","TEA",2023,"","2026-01-28",2111139152,75.9085643603807,"Aggregates","","","","Aggregates","Aggregates"
"East Asia & Pacific (IDA & IBRD countries)","T4","TEA",2024,"","2026-01-28",2114653077,NA,"Aggregates","","","","Aggregates","Aggregates"
"East Asia & Pacific (IDA & IBRD countries)","T4","TEA",2012,"","2026-01-28",1981382735,74.2971126258118,"Aggregates","","","","Aggregates","Aggregates"
"East Asia & Pacific (IDA & IBRD countries)","T4","TEA",2004,"","2026-01-28",1859450104,71.8921244592524,"Aggregates","","","","Aggregates","Aggregates"
"East Asia & Pacific (IDA & IBRD countries)","T4","TEA",2015,"","2026-01-28",2030504270,74.9777768374826,"Aggregates","","","","Aggregates","Aggregates"
"East Asia & Pacific (IDA & IBRD countries)","T4","TEA",2016,"","2026-01-28",2045816761,75.1832269955477,"Aggregates","","","","Aggregates","Aggregates"
"East Asia & Pacific (IDA & IBRD countries)","T4","TEA",2003,"","2026-01-28",1844349334,71.8352733706059,"Aggregates","","","","Aggregates","Aggregates"
"East Asia & Pacific (IDA & IBRD countries)","T4","TEA",2008,"","2026-01-28",1919570287,72.9707321912267,"Aggregates","","","","Aggregates","Aggregates"
"East Asia & Pacific (IDA & IBRD countries)","T4","TEA",2009,"","2026-01-28",1934167856,73.5161019563418,"Aggregates","","","","Aggregates","Aggregates"
"East Asia & Pacific (IDA & IBRD countries)","T4","TEA",2010,"","2026-01-28",1948643347,73.8065980873171,"Aggregates","","","","Aggregates","Aggregates"
"East Asia & Pacific (IDA & IBRD countries)","T4","TEA",2011,"","2026-01-28",1964036970,74.0266932049917,"Aggregates","","","","Aggregates","Aggregates"
"East Asia & Pacific (IDA & IBRD countries)","T4","TEA",2021,"","2026-01-28",2102350702,75.3009806060199,"Aggregates","","","","Aggregates","Aggregates"
"East Asia & Pacific (IDA & IBRD countries)","T4","TEA",2020,"","2026-01-28",2095759417,75.7338497054699,"Aggregates","","","","Aggregates","Aggregates"
"East Asia & Pacific (IDA & IBRD countries)","T4","TEA",2017,"","2026-01-28",2061449949,75.2671640185859,"Aggregates","","","","Aggregates","Aggregates"
"East Asia & Pacific (IDA & IBRD countries)","T4","TEA",2018,"","2026-01-28",2074796982,75.6101241544347,"Aggregates","","","","Aggregates","Aggregates"
"East Asia & Pacific (IDA & IBRD countries)","T4","TEA",2019,"","2026-01-28",2086281644,75.8042877234534,"Aggregates","","","","Aggregates","Aggregates"
"East Asia & Pacific (IDA & IBRD countries)","T4","TEA",2014,"","2026-01-28",2014960984,74.7479822020749,"Aggregates","","","","Aggregates","Aggregates"
"East Asia & Pacific (IDA & IBRD countries)","T4","TEA",2007,"","2026-01-28",1904568042,73.0450331089394,"Aggregates","","","","Aggregates","Aggregates"
"Ecuador","EC","ECU",2005,"","2026-01-28",13846163,73.909,"Latin America & Caribbean","Quito","-78.5243","-0.229498","Upper middle income","IBRD"
"Ecuador","EC","ECU",2004,"","2026-01-28",13608701,73.868,"Latin America & Caribbean","Quito","-78.5243","-0.229498","Upper middle income","IBRD"
"Ecuador","EC","ECU",2012,"","2026-01-28",15572194,75.486,"Latin America & Caribbean","Quito","-78.5243","-0.229498","Upper middle income","IBRD"
"Ecuador","EC","ECU",2013,"","2026-01-28",15807128,75.832,"Latin America & Caribbean","Quito","-78.5243","-0.229498","Upper middle income","IBRD"
"Ecuador","EC","ECU",2003,"","2026-01-28",13372306,73.632,"Latin America & Caribbean","Quito","-78.5243","-0.229498","Upper middle income","IBRD"
"Ecuador","EC","ECU",2007,"","2026-01-28",14328773,74.226,"Latin America & Caribbean","Quito","-78.5243","-0.229498","Upper middle income","IBRD"
"Ecuador","EC","ECU",2008,"","2026-01-28",14575202,74.709,"Latin America & Caribbean","Quito","-78.5243","-0.229498","Upper middle income","IBRD"
"Ecuador","EC","ECU",2001,"","2026-01-28",12910740,72.571,"Latin America & Caribbean","Quito","-78.5243","-0.229498","Upper middle income","IBRD"
"Ecuador","EC","ECU",2002,"","2026-01-28",13138472,73.164,"Latin America & Caribbean","Quito","-78.5243","-0.229498","Upper middle income","IBRD"
"Ecuador","EC","ECU",2023,"","2026-01-28",17980083,77.392,"Latin America & Caribbean","Quito","-78.5243","-0.229498","Upper middle income","IBRD"
"Ecuador","EC","ECU",2011,"","2026-01-28",15326227,75.179,"Latin America & Caribbean","Quito","-78.5243","-0.229498","Upper middle income","IBRD"
"Ecuador","EC","ECU",2016,"","2026-01-28",16505139,76.094,"Latin America & Caribbean","Quito","-78.5243","-0.229498","Upper middle income","IBRD"
"Ecuador","EC","ECU",2017,"","2026-01-28",16759519,76.22,"Latin America & Caribbean","Quito","-78.5243","-0.229498","Upper middle income","IBRD"
"Ecuador","EC","ECU",2006,"","2026-01-28",14086131,74.01,"Latin America & Caribbean","Quito","-78.5243","-0.229498","Upper middle income","IBRD"
"Ecuador","EC","ECU",2015,"","2026-01-28",16266225,76.222,"Latin America & Caribbean","Quito","-78.5243","-0.229498","Upper middle income","IBRD"
"Ecuador","EC","ECU",2020,"","2026-01-28",17546065,72.004,"Latin America & Caribbean","Quito","-78.5243","-0.229498","Upper middle income","IBRD"
"Ecuador","EC","ECU",2021,"","2026-01-28",17682454,72.746,"Latin America & Caribbean","Quito","-78.5243","-0.229498","Upper middle income","IBRD"
"Ecuador","EC","ECU",2009,"","2026-01-28",14825954,74.901,"Latin America & Caribbean","Quito","-78.5243","-0.229498","Upper middle income","IBRD"
"Ecuador","EC","ECU",2019,"","2026-01-28",17340021,77.286,"Latin America & Caribbean","Quito","-78.5243","-0.229498","Upper middle income","IBRD"
"Ecuador","EC","ECU",2014,"","2026-01-28",16035124,76.141,"Latin America & Caribbean","Quito","-78.5243","-0.229498","Upper middle income","IBRD"
"Ecuador","EC","ECU",2000,"","2026-01-28",12689206,72.09,"Latin America & Caribbean","Quito","-78.5243","-0.229498","Upper middle income","IBRD"
"Ecuador","EC","ECU",2018,"","2026-01-28",17049547,77.248,"Latin America & Caribbean","Quito","-78.5243","-0.229498","Upper middle income","IBRD"
"Ecuador","EC","ECU",2022,"","2026-01-28",17823897,76.577,"Latin America & Caribbean","Quito","-78.5243","-0.229498","Upper middle income","IBRD"
"Ecuador","EC","ECU",2010,"","2026-01-28",15076695,75.188,"Latin America & Caribbean","Quito","-78.5243","-0.229498","Upper middle income","IBRD"
"Ecuador","EC","ECU",2024,"","2026-01-28",18135478,NA,"Latin America & Caribbean","Quito","-78.5243","-0.229498","Upper middle income","IBRD"
"Egypt, Arab Rep.","EG","EGY",2003,"","2026-01-28",77853548,68.045,"Middle East & North Africa","Cairo","31.2461","30.0982","Lower middle income","IBRD"
"Egypt, Arab Rep.","EG","EGY",2002,"","2026-01-28",76239137,67.846,"Middle East & North Africa","Cairo","31.2461","30.0982","Lower middle income","IBRD"
"Egypt, Arab Rep.","EG","EGY",2016,"","2026-01-28",101644589,70.437,"Middle East & North Africa","Cairo","31.2461","30.0982","Lower middle income","IBRD"
"Egypt, Arab Rep.","EG","EGY",2006,"","2026-01-28",82700403,68.493,"Middle East & North Africa","Cairo","31.2461","30.0982","Lower middle income","IBRD"
"Egypt, Arab Rep.","EG","EGY",2017,"","2026-01-28",103696057,70.709,"Middle East & North Africa","Cairo","31.2461","30.0982","Lower middle income","IBRD"
"Egypt, Arab Rep.","EG","EGY",2014,"","2026-01-28",97528654,69.911,"Middle East & North Africa","Cairo","31.2461","30.0982","Lower middle income","IBRD"
"Egypt, Arab Rep.","EG","EGY",2015,"","2026-01-28",99597342,70.135,"Middle East & North Africa","Cairo","31.2461","30.0982","Lower middle income","IBRD"
"Egypt, Arab Rep.","EG","EGY",2012,"","2026-01-28",93161001,69.464,"Middle East & North Africa","Cairo","31.2461","30.0982","Lower middle income","IBRD"
"Egypt, Arab Rep.","EG","EGY",2007,"","2026-01-28",84276225,68.627,"Middle East & North Africa","Cairo","31.2461","30.0982","Lower middle income","IBRD"
"Egypt, Arab Rep.","EG","EGY",2004,"","2026-01-28",79477443,68.211,"Middle East & North Africa","Cairo","31.2461","30.0982","Lower middle income","IBRD"
"Egypt, Arab Rep.","EG","EGY",2011,"","2026-01-28",91093059,69.232,"Middle East & North Africa","Cairo","31.2461","30.0982","Lower middle income","IBRD"
"Egypt, Arab Rep.","EG","EGY",2001,"","2026-01-28",74652029,67.612,"Middle East & North Africa","Cairo","31.2461","30.0982","Lower middle income","IBRD"
"Egypt, Arab Rep.","EG","EGY",2023,"","2026-01-28",114535772,71.633,"Middle East & North Africa","Cairo","31.2461","30.0982","Lower middle income","IBRD"
"Egypt, Arab Rep.","EG","EGY",2024,"","2026-01-28",116538258,NA,"Middle East & North Africa","Cairo","31.2461","30.0982","Lower middle income","IBRD"
"Egypt, Arab Rep.","EG","EGY",2000,"","2026-01-28",73083284,67.332,"Middle East & North Africa","Cairo","31.2461","30.0982","Lower middle income","IBRD"
"Egypt, Arab Rep.","EG","EGY",2005,"","2026-01-28",81101004,68.355,"Middle East & North Africa","Cairo","31.2461","30.0982","Lower middle income","IBRD"
"Egypt, Arab Rep.","EG","EGY",2019,"","2026-01-28",107553158,71.213,"Middle East & North Africa","Cairo","31.2461","30.0982","Lower middle income","IBRD"
"Egypt, Arab Rep.","EG","EGY",2020,"","2026-01-28",109315124,69.79,"Middle East & North Africa","Cairo","31.2461","30.0982","Lower middle income","IBRD"
"Egypt, Arab Rep.","EG","EGY",2008,"","2026-01-28",85864789,68.761,"Middle East & North Africa","Cairo","31.2461","30.0982","Lower middle income","IBRD"
"Egypt, Arab Rep.","EG","EGY",2022,"","2026-01-28",112618250,71.01,"Middle East & North Africa","Cairo","31.2461","30.0982","Lower middle income","IBRD"
"Egypt, Arab Rep.","EG","EGY",2009,"","2026-01-28",87501636,68.915,"Middle East & North Africa","Cairo","31.2461","30.0982","Lower middle income","IBRD"
"Egypt, Arab Rep.","EG","EGY",2013,"","2026-01-28",95333553,69.632,"Middle East & North Africa","Cairo","31.2461","30.0982","Lower middle income","IBRD"
"Egypt, Arab Rep.","EG","EGY",2010,"","2026-01-28",89196072,69.078,"Middle East & North Africa","Cairo","31.2461","30.0982","Lower middle income","IBRD"
"Egypt, Arab Rep.","EG","EGY",2018,"","2026-01-28",105682094,70.974,"Middle East & North Africa","Cairo","31.2461","30.0982","Lower middle income","IBRD"
"Egypt, Arab Rep.","EG","EGY",2021,"","2026-01-28",110957008,68.976,"Middle East & North Africa","Cairo","31.2461","30.0982","Lower middle income","IBRD"
"El Salvador","SV","SLV",2008,"","2026-01-28",6029297,70.138,"Latin America & Caribbean","San Salvador","-89.2073","13.7034","Upper middle income","IBRD"
"El Salvador","SV","SLV",2021,"","2026-01-28",6255782,69.941,"Latin America & Caribbean","San Salvador","-89.2073","13.7034","Upper middle income","IBRD"
"El Salvador","SV","SLV",2022,"","2026-01-28",6280319,71.969,"Latin America & Caribbean","San Salvador","-89.2073","13.7034","Upper middle income","IBRD"
"El Salvador","SV","SLV",2000,"","2026-01-28",5943366,67.711,"Latin America & Caribbean","San Salvador","-89.2073","13.7034","Upper middle income","IBRD"
"El Salvador","SV","SLV",2024,"","2026-01-28",6338193,NA,"Latin America & Caribbean","San Salvador","-89.2073","13.7034","Upper middle income","IBRD"
"El Salvador","SV","SLV",2018,"","2026-01-28",6219807,71.384,"Latin America & Caribbean","San Salvador","-89.2073","13.7034","Upper middle income","IBRD"
"El Salvador","SV","SLV",2005,"","2026-01-28",6005578,69.336,"Latin America & Caribbean","San Salvador","-89.2073","13.7034","Upper middle income","IBRD"
"El Salvador","SV","SLV",2015,"","2026-01-28",6183676,70.952,"Latin America & Caribbean","San Salvador","-89.2073","13.7034","Upper middle income","IBRD"
"El Salvador","SV","SLV",2010,"","2026-01-28",6068249,70.909,"Latin America & Caribbean","San Salvador","-89.2073","13.7034","Upper middle income","IBRD"
"El Salvador","SV","SLV",2004,"","2026-01-28",6004671,69.295,"Latin America & Caribbean","San Salvador","-89.2073","13.7034","Upper middle income","IBRD"
"El Salvador","SV","SLV",2012,"","2026-01-28",6113975,71.42,"Latin America & Caribbean","San Salvador","-89.2073","13.7034","Upper middle income","IBRD"
"El Salvador","SV","SLV",2006,"","2026-01-28",6002319,69.612,"Latin America & Caribbean","San Salvador","-89.2073","13.7034","Upper middle income","IBRD"
"El Salvador","SV","SLV",2014,"","2026-01-28",6162955,71.144,"Latin America & Caribbean","San Salvador","-89.2073","13.7034","Upper middle income","IBRD"
"El Salvador","SV","SLV",2016,"","2026-01-28",6200800,70.908,"Latin America & Caribbean","San Salvador","-89.2073","13.7034","Upper middle income","IBRD"
"El Salvador","SV","SLV",2017,"","2026-01-28",6213533,71.007,"Latin America & Caribbean","San Salvador","-89.2073","13.7034","Upper middle income","IBRD"
"El Salvador","SV","SLV",2009,"","2026-01-28",6048279,70.359,"Latin America & Caribbean","San Salvador","-89.2073","13.7034","Upper middle income","IBRD"
"El Salvador","SV","SLV",2023,"","2026-01-28",6309624,72.099,"Latin America & Caribbean","San Salvador","-89.2073","13.7034","Upper middle income","IBRD"
"El Salvador","SV","SLV",2020,"","2026-01-28",6234673,70.244,"Latin America & Caribbean","San Salvador","-89.2073","13.7034","Upper middle income","IBRD"
"El Salvador","SV","SLV",2002,"","2026-01-28",5986631,68.526,"Latin America & Caribbean","San Salvador","-89.2073","13.7034","Upper middle income","IBRD"
"El Salvador","SV","SLV",2001,"","2026-01-28",5968060,67.965,"Latin America & Caribbean","San Salvador","-89.2073","13.7034","Upper middle income","IBRD"
"El Salvador","SV","SLV",2013,"","2026-01-28",6138839,71.225,"Latin America & Caribbean","San Salvador","-89.2073","13.7034","Upper middle income","IBRD"
"El Salvador","SV","SLV",2007,"","2026-01-28",6009824,69.82,"Latin America & Caribbean","San Salvador","-89.2073","13.7034","Upper middle income","IBRD"
"El Salvador","SV","SLV",2011,"","2026-01-28",6090127,71.192,"Latin America & Caribbean","San Salvador","-89.2073","13.7034","Upper middle income","IBRD"
"El Salvador","SV","SLV",2019,"","2026-01-28",6222318,71.725,"Latin America & Caribbean","San Salvador","-89.2073","13.7034","Upper middle income","IBRD"
"El Salvador","SV","SLV",2003,"","2026-01-28",5998599,68.792,"Latin America & Caribbean","San Salvador","-89.2073","13.7034","Upper middle income","IBRD"
"Equatorial Guinea","GQ","GNQ",2010,"","2026-01-28",1189085,58.344,"Sub-Saharan Africa","Malabo","8.7741","3.7523","Upper middle income","IBRD"
"Equatorial Guinea","GQ","GNQ",2002,"","2026-01-28",797957,54.324,"Sub-Saharan Africa","Malabo","8.7741","3.7523","Upper middle income","IBRD"
"Equatorial Guinea","GQ","GNQ",2001,"","2026-01-28",749836,53.827,"Sub-Saharan Africa","Malabo","8.7741","3.7523","Upper middle income","IBRD"
"Equatorial Guinea","GQ","GNQ",2020,"","2026-01-28",1716468,62.141,"Sub-Saharan Africa","Malabo","8.7741","3.7523","Upper middle income","IBRD"
"Equatorial Guinea","GQ","GNQ",2007,"","2026-01-28",1036044,56.857,"Sub-Saharan Africa","Malabo","8.7741","3.7523","Upper middle income","IBRD"
"Equatorial Guinea","GQ","GNQ",2008,"","2026-01-28",1084530,57.384,"Sub-Saharan Africa","Malabo","8.7741","3.7523","Upper middle income","IBRD"
"Equatorial Guinea","GQ","GNQ",2005,"","2026-01-28",947367,55.766,"Sub-Saharan Africa","Malabo","8.7741","3.7523","Upper middle income","IBRD"
"Equatorial Guinea","GQ","GNQ",2012,"","2026-01-28",1293483,59.301,"Sub-Saharan Africa","Malabo","8.7741","3.7523","Upper middle income","IBRD"
"Equatorial Guinea","GQ","GNQ",2013,"","2026-01-28",1346218,59.784,"Sub-Saharan Africa","Malabo","8.7741","3.7523","Upper middle income","IBRD"
"Equatorial Guinea","GQ","GNQ",2014,"","2026-01-28",1399828,60.228,"Sub-Saharan Africa","Malabo","8.7741","3.7523","Upper middle income","IBRD"
"Equatorial Guinea","GQ","GNQ",2009,"","2026-01-28",1135673,57.881,"Sub-Saharan Africa","Malabo","8.7741","3.7523","Upper middle income","IBRD"
"Equatorial Guinea","GQ","GNQ",2004,"","2026-01-28",899917,55.307,"Sub-Saharan Africa","Malabo","8.7741","3.7523","Upper middle income","IBRD"
"Equatorial Guinea","GQ","GNQ",2006,"","2026-01-28",990343,56.354,"Sub-Saharan Africa","Malabo","8.7741","3.7523","Upper middle income","IBRD"
"Equatorial Guinea","GQ","GNQ",2018,"","2026-01-28",1616422,61.915,"Sub-Saharan Africa","Malabo","8.7741","3.7523","Upper middle income","IBRD"
"Equatorial Guinea","GQ","GNQ",2000,"","2026-01-28",703279,53.395,"Sub-Saharan Africa","Malabo","8.7741","3.7523","Upper middle income","IBRD"
"Equatorial Guinea","GQ","GNQ",2019,"","2026-01-28",1670177,62.297,"Sub-Saharan Africa","Malabo","8.7741","3.7523","Upper middle income","IBRD"
"Equatorial Guinea","GQ","GNQ",2023,"","2026-01-28",1847549,63.707,"Sub-Saharan Africa","Malabo","8.7741","3.7523","Upper middle income","IBRD"
"Equatorial Guinea","GQ","GNQ",2021,"","2026-01-28",1758786,62.447,"Sub-Saharan Africa","Malabo","8.7741","3.7523","Upper middle income","IBRD"
"Equatorial Guinea","GQ","GNQ",2017,"","2026-01-28",1562396,61.481,"Sub-Saharan Africa","Malabo","8.7741","3.7523","Upper middle income","IBRD"
"Equatorial Guinea","GQ","GNQ",2011,"","2026-01-28",1241835,58.827,"Sub-Saharan Africa","Malabo","8.7741","3.7523","Upper middle income","IBRD"
"Equatorial Guinea","GQ","GNQ",2015,"","2026-01-28",1453923,60.635,"Sub-Saharan Africa","Malabo","8.7741","3.7523","Upper middle income","IBRD"
"Equatorial Guinea","GQ","GNQ",2024,"","2026-01-28",1892516,NA,"Sub-Saharan Africa","Malabo","8.7741","3.7523","Upper middle income","IBRD"
"Equatorial Guinea","GQ","GNQ",2016,"","2026-01-28",1508186,61.081,"Sub-Saharan Africa","Malabo","8.7741","3.7523","Upper middle income","IBRD"
"Equatorial Guinea","GQ","GNQ",2003,"","2026-01-28",847862,54.791,"Sub-Saharan Africa","Malabo","8.7741","3.7523","Upper middle income","IBRD"
"Equatorial Guinea","GQ","GNQ",2022,"","2026-01-28",1803545,63.355,"Sub-Saharan Africa","Malabo","8.7741","3.7523","Upper middle income","IBRD"
"Eritrea","ER","ERI",2011,"","2026-01-28",2998485,64.231,"Sub-Saharan Africa","Asmara","38.9183","15.3315","Low income","IDA"
"Eritrea","ER","ERI",2017,"","2026-01-28",3150347,66.612,"Sub-Saharan Africa","Asmara","38.9183","15.3315","Low income","IDA"
"Eritrea","ER","ERI",2021,"","2026-01-28",3350183,66.94,"Sub-Saharan Africa","Asmara","38.9183","15.3315","Low income","IDA"
"Eritrea","ER","ERI",2022,"","2026-01-28",3409447,67.789,"Sub-Saharan Africa","Asmara","38.9183","15.3315","Low income","IDA"
"Eritrea","ER","ERI",2018,"","2026-01-28",3192760,66.979,"Sub-Saharan Africa","Asmara","38.9183","15.3315","Low income","IDA"
"Eritrea","ER","ERI",2024,"","2026-01-28",3535603,NA,"Sub-Saharan Africa","Asmara","38.9183","15.3315","Low income","IDA"
"Eritrea","ER","ERI",2012,"","2026-01-28",3036988,64.697,"Sub-Saharan Africa","Asmara","38.9183","15.3315","Low income","IDA"
"Eritrea","ER","ERI",2014,"","2026-01-28",3095173,65.517,"Sub-Saharan Africa","Asmara","38.9183","15.3315","Low income","IDA"
"Eritrea","ER","ERI",2023,"","2026-01-28",3470390,68.624,"Sub-Saharan Africa","Asmara","38.9183","15.3315","Low income","IDA"
"Eritrea","ER","ERI",2016,"","2026-01-28",3124698,66.242,"Sub-Saharan Africa","Asmara","38.9183","15.3315","Low income","IDA"
"Eritrea","ER","ERI",2000,"","2026-01-28",2247031,56.285,"Sub-Saharan Africa","Asmara","38.9183","15.3315","Low income","IDA"
"Eritrea","ER","ERI",2001,"","2026-01-28",2312079,58.359,"Sub-Saharan Africa","Asmara","38.9183","15.3315","Low income","IDA"
"Eritrea","ER","ERI",2003,"","2026-01-28",2493903,59.455,"Sub-Saharan Africa","Asmara","38.9183","15.3315","Low income","IDA"
"Eritrea","ER","ERI",2004,"","2026-01-28",2598284,60.063,"Sub-Saharan Africa","Asmara","38.9183","15.3315","Low income","IDA"
"Eritrea","ER","ERI",2019,"","2026-01-28",3240194,67.306,"Sub-Saharan Africa","Asmara","38.9183","15.3315","Low income","IDA"
"Eritrea","ER","ERI",2007,"","2026-01-28",2743222,61.998,"Sub-Saharan Africa","Asmara","38.9183","15.3315","Low income","IDA"
"Eritrea","ER","ERI",2008,"","2026-01-28",2816327,62.422,"Sub-Saharan Africa","Asmara","38.9183","15.3315","Low income","IDA"
"Eritrea","ER","ERI",2009,"","2026-01-28",2887885,63.203,"Sub-Saharan Africa","Asmara","38.9183","15.3315","Low income","IDA"
"Eritrea","ER","ERI",2010,"","2026-01-28",2945186,63.665,"Sub-Saharan Africa","Asmara","38.9183","15.3315","Low income","IDA"
"Eritrea","ER","ERI",2005,"","2026-01-28",2661215,60.628,"Sub-Saharan Africa","Asmara","38.9183","15.3315","Low income","IDA"
"Eritrea","ER","ERI",2013,"","2026-01-28",3074360,65.005,"Sub-Saharan Africa","Asmara","38.9183","15.3315","Low income","IDA"
"Eritrea","ER","ERI",2015,"","2026-01-28",3105546,65.909,"Sub-Saharan Africa","Asmara","38.9183","15.3315","Low income","IDA"
"Eritrea","ER","ERI",2006,"","2026-01-28",2703502,61.457,"Sub-Saharan Africa","Asmara","38.9183","15.3315","Low income","IDA"
"Eritrea","ER","ERI",2002,"","2026-01-28",2392978,58.941,"Sub-Saharan Africa","Asmara","38.9183","15.3315","Low income","IDA"
"Eritrea","ER","ERI",2020,"","2026-01-28",3291271,66.98,"Sub-Saharan Africa","Asmara","38.9183","15.3315","Low income","IDA"
"Estonia","EE","EST",2023,"","2026-01-28",1370286,78.490243902439,"Europe & Central Asia","Tallinn","24.7586","59.4392","High income","Not classified"
"Estonia","EE","EST",2000,"","2026-01-28",1396985,70.4170731707317,"Europe & Central Asia","Tallinn","24.7586","59.4392","High income","Not classified"
"Estonia","EE","EST",2019,"","2026-01-28",1326898,78.6463414634147,"Europe & Central Asia","Tallinn","24.7586","59.4392","High income","Not classified"
"Estonia","EE","EST",2024,"","2026-01-28",1372341,NA,"Europe & Central Asia","Tallinn","24.7586","59.4392","High income","Not classified"
"Estonia","EE","EST",2004,"","2026-01-28",1362550,71.909756097561,"Europe & Central Asia","Tallinn","24.7586","59.4392","High income","Not classified"
"Estonia","EE","EST",2022,"","2026-01-28",1348840,77.8439024390244,"Europe & Central Asia","Tallinn","24.7586","59.4392","High income","Not classified"
"Estonia","EE","EST",2020,"","2026-01-28",1329522,78.5951219512195,"Europe & Central Asia","Tallinn","24.7586","59.4392","High income","Not classified"
"Estonia","EE","EST",2021,"","2026-01-28",1330932,76.9439024390244,"Europe & Central Asia","Tallinn","24.7586","59.4392","High income","Not classified"
"Estonia","EE","EST",2008,"","2026-01-28",1337090,73.7707317073171,"Europe & Central Asia","Tallinn","24.7586","59.4392","High income","Not classified"
"Estonia","EE","EST",2013,"","2026-01-28",1317997,77.1414634146341,"Europe & Central Asia","Tallinn","24.7586","59.4392","High income","Not classified"
"Estonia","EE","EST",2002,"","2026-01-28",1379350,70.9048780487805,"Europe & Central Asia","Tallinn","24.7586","59.4392","High income","Not classified"
"Estonia","EE","EST",2003,"","2026-01-28",1370720,71.3170731707317,"Europe & Central Asia","Tallinn","24.7586","59.4392","High income","Not classified"
"Estonia","EE","EST",2012,"","2026-01-28",1322696,76.3268292682927,"Europe & Central Asia","Tallinn","24.7586","59.4392","High income","Not classified"
"Estonia","EE","EST",2018,"","2026-01-28",1321977,78.2439024390244,"Europe & Central Asia","Tallinn","24.7586","59.4392","High income","Not classified"
"Estonia","EE","EST",2016,"","2026-01-28",1315790,77.6414634146342,"Europe & Central Asia","Tallinn","24.7586","59.4392","High income","Not classified"
"Estonia","EE","EST",2017,"","2026-01-28",1317384,78.0926829268293,"Europe & Central Asia","Tallinn","24.7586","59.4392","High income","Not classified"
"Estonia","EE","EST",2014,"","2026-01-28",1314545,77.0341463414634,"Europe & Central Asia","Tallinn","24.7586","59.4392","High income","Not classified"
"Estonia","EE","EST",2001,"","2026-01-28",1388115,70.2585365853659,"Europe & Central Asia","Tallinn","24.7586","59.4392","High income","Not classified"
"Estonia","EE","EST",2010,"","2026-01-28",1331475,75.4292682926829,"Europe & Central Asia","Tallinn","24.7586","59.4392","High income","Not classified"
"Estonia","EE","EST",2007,"","2026-01-28",1340680,72.8146341463415,"Europe & Central Asia","Tallinn","24.7586","59.4392","High income","Not classified"
"Estonia","EE","EST",2015,"","2026-01-28",1315407,77.590243902439,"Europe & Central Asia","Tallinn","24.7586","59.4392","High income","Not classified"
"Estonia","EE","EST",2005,"","2026-01-28",1354775,72.5682926829268,"Europe & Central Asia","Tallinn","24.7586","59.4392","High income","Not classified"
"Estonia","EE","EST",2011,"","2026-01-28",1327439,76.2292682926829,"Europe & Central Asia","Tallinn","24.7586","59.4392","High income","Not classified"
"Estonia","EE","EST",2006,"","2026-01-28",1346810,72.6914634146341,"Europe & Central Asia","Tallinn","24.7586","59.4392","High income","Not classified"
"Estonia","EE","EST",2009,"","2026-01-28",1334515,74.8243902439024,"Europe & Central Asia","Tallinn","24.7586","59.4392","High income","Not classified"
"Eswatini","SZ","SWZ",2002,"","2026-01-28",1059441,45.38,"Sub-Saharan Africa","Mbabane","31.4659","-26.5225","Lower middle income","Blend"
"Eswatini","SZ","SWZ",2008,"","2026-01-28",1098091,45.853,"Sub-Saharan Africa","Mbabane","31.4659","-26.5225","Lower middle income","Blend"
"Eswatini","SZ","SWZ",2000,"","2026-01-28",1041414,47.627,"Sub-Saharan Africa","Mbabane","31.4659","-26.5225","Lower middle income","Blend"
"Eswatini","SZ","SWZ",2013,"","2026-01-28",1129990,52.11,"Sub-Saharan Africa","Mbabane","31.4659","-26.5225","Lower middle income","Blend"
"Eswatini","SZ","SWZ",2004,"","2026-01-28",1073159,43.906,"Sub-Saharan Africa","Mbabane","31.4659","-26.5225","Lower middle income","Blend"
"Eswatini","SZ","SWZ",2005,"","2026-01-28",1079022,43.958,"Sub-Saharan Africa","Mbabane","31.4659","-26.5225","Lower middle income","Blend"
"Eswatini","SZ","SWZ",2001,"","2026-01-28",1051064,46.344,"Sub-Saharan Africa","Mbabane","31.4659","-26.5225","Lower middle income","Blend"
"Eswatini","SZ","SWZ",2015,"","2026-01-28",1142813,54.941,"Sub-Saharan Africa","Mbabane","31.4659","-26.5225","Lower middle income","Blend"
"Eswatini","SZ","SWZ",2007,"","2026-01-28",1090705,45.16,"Sub-Saharan Africa","Mbabane","31.4659","-26.5225","Lower middle income","Blend"
"Eswatini","SZ","SWZ",2017,"","2026-01-28",1158195,57.574,"Sub-Saharan Africa","Mbabane","31.4659","-26.5225","Lower middle income","Blend"
"Eswatini","SZ","SWZ",2018,"","2026-01-28",1168929,58.707,"Sub-Saharan Africa","Mbabane","31.4659","-26.5225","Lower middle income","Blend"
"Eswatini","SZ","SWZ",2014,"","2026-01-28",1136299,53.491,"Sub-Saharan Africa","Mbabane","31.4659","-26.5225","Lower middle income","Blend"
"Eswatini","SZ","SWZ",2010,"","2026-01-28",1111650,48.331,"Sub-Saharan Africa","Mbabane","31.4659","-26.5225","Lower middle income","Blend"
"Eswatini","SZ","SWZ",2011,"","2026-01-28",1117833,49.057,"Sub-Saharan Africa","Mbabane","31.4659","-26.5225","Lower middle income","Blend"
"Eswatini","SZ","SWZ",2012,"","2026-01-28",1123863,50.714,"Sub-Saharan Africa","Mbabane","31.4659","-26.5225","Lower middle income","Blend"
"Eswatini","SZ","SWZ",2024,"","2026-01-28",1242822,NA,"Sub-Saharan Africa","Mbabane","31.4659","-26.5225","Lower middle income","Blend"
"Eswatini","SZ","SWZ",2006,"","2026-01-28",1084436,44.563,"Sub-Saharan Africa","Mbabane","31.4659","-26.5225","Lower middle income","Blend"
"Eswatini","SZ","SWZ",2003,"","2026-01-28",1066700,44.632,"Sub-Saharan Africa","Mbabane","31.4659","-26.5225","Lower middle income","Blend"
"Eswatini","SZ","SWZ",2023,"","2026-01-28",1230506,64.123,"Sub-Saharan Africa","Mbabane","31.4659","-26.5225","Lower middle income","Blend"
"Eswatini","SZ","SWZ",2020,"","2026-01-28",1192729,59.862,"Sub-Saharan Africa","Mbabane","31.4659","-26.5225","Lower middle income","Blend"
"Eswatini","SZ","SWZ",2009,"","2026-01-28",1105153,46.913,"Sub-Saharan Africa","Mbabane","31.4659","-26.5225","Lower middle income","Blend"
"Eswatini","SZ","SWZ",2016,"","2026-01-28",1149507,56.228,"Sub-Saharan Africa","Mbabane","31.4659","-26.5225","Lower middle income","Blend"
"Eswatini","SZ","SWZ",2019,"","2026-01-28",1179874,59.85,"Sub-Saharan Africa","Mbabane","31.4659","-26.5225","Lower middle income","Blend"
"Eswatini","SZ","SWZ",2021,"","2026-01-28",1206593,58.228,"Sub-Saharan Africa","Mbabane","31.4659","-26.5225","Lower middle income","Blend"
"Eswatini","SZ","SWZ",2022,"","2026-01-28",1218917,63.028,"Sub-Saharan Africa","Mbabane","31.4659","-26.5225","Lower middle income","Blend"
"Ethiopia","ET","ETH",2022,"","2026-01-28",125384287,66.897,"Sub-Saharan Africa","Addis Ababa","38.7468","9.02274","Low income","IDA"
"Ethiopia","ET","ETH",2021,"","2026-01-28",122138588,65.33,"Sub-Saharan Africa","Addis Ababa","38.7468","9.02274","Low income","IDA"
"Ethiopia","ET","ETH",2006,"","2026-01-28",80703490,55.402,"Sub-Saharan Africa","Addis Ababa","38.7468","9.02274","Low income","IDA"
"Ethiopia","ET","ETH",2007,"","2026-01-28",83103217,56.566,"Sub-Saharan Africa","Addis Ababa","38.7468","9.02274","Low income","IDA"
"Ethiopia","ET","ETH",2004,"","2026-01-28",76077206,53.735,"Sub-Saharan Africa","Addis Ababa","38.7468","9.02274","Low income","IDA"
"Ethiopia","ET","ETH",2014,"","2026-01-28",101115610,62.927,"Sub-Saharan Africa","Addis Ababa","38.7468","9.02274","Low income","IDA"
"Ethiopia","ET","ETH",2015,"","2026-01-28",103867135,63.592,"Sub-Saharan Africa","Addis Ababa","38.7468","9.02274","Low income","IDA"
"Ethiopia","ET","ETH",2003,"","2026-01-28",73832663,52.877,"Sub-Saharan Africa","Addis Ababa","38.7468","9.02274","Low income","IDA"
"Ethiopia","ET","ETH",2010,"","2026-01-28",90538514,59.709,"Sub-Saharan Africa","Addis Ababa","38.7468","9.02274","Low income","IDA"
"Ethiopia","ET","ETH",2005,"","2026-01-28",78367470,54.364,"Sub-Saharan Africa","Addis Ababa","38.7468","9.02274","Low income","IDA"
"Ethiopia","ET","ETH",2024,"","2026-01-28",132059767,NA,"Sub-Saharan Africa","Addis Ababa","38.7468","9.02274","Low income","IDA"
"Ethiopia","ET","ETH",2009,"","2026-01-28",88007636,58.715,"Sub-Saharan Africa","Addis Ababa","38.7468","9.02274","Low income","IDA"
"Ethiopia","ET","ETH",2017,"","2026-01-28",109666481,64.766,"Sub-Saharan Africa","Addis Ababa","38.7468","9.02274","Low income","IDA"
"Ethiopia","ET","ETH",2012,"","2026-01-28",95798767,61.443,"Sub-Saharan Africa","Addis Ababa","38.7468","9.02274","Low income","IDA"
"Ethiopia","ET","ETH",2013,"","2026-01-28",98438751,62.161,"Sub-Saharan Africa","Addis Ababa","38.7468","9.02274","Low income","IDA"
"Ethiopia","ET","ETH",2023,"","2026-01-28",128691692,67.315,"Sub-Saharan Africa","Addis Ababa","38.7468","9.02274","Low income","IDA"
"Ethiopia","ET","ETH",2000,"","2026-01-28",67411494,50.88,"Sub-Saharan Africa","Addis Ababa","38.7468","9.02274","Low income","IDA"
"Ethiopia","ET","ETH",2001,"","2026-01-28",69487762,51.428,"Sub-Saharan Africa","Addis Ababa","38.7468","9.02274","Low income","IDA"
"Ethiopia","ET","ETH",2002,"","2026-01-28",71635517,52.085,"Sub-Saharan Africa","Addis Ababa","38.7468","9.02274","Low income","IDA"
"Ethiopia","ET","ETH",2019,"","2026-01-28",115737383,65.741,"Sub-Saharan Africa","Addis Ababa","38.7468","9.02274","Low income","IDA"
"Ethiopia","ET","ETH",2020,"","2026-01-28",118917671,65.969,"Sub-Saharan Africa","Addis Ababa","38.7468","9.02274","Low income","IDA"
"Ethiopia","ET","ETH",2011,"","2026-01-28",93149970,60.595,"Sub-Saharan Africa","Addis Ababa","38.7468","9.02274","Low income","IDA"
"Ethiopia","ET","ETH",2016,"","2026-01-28",106718162,64.162,"Sub-Saharan Africa","Addis Ababa","38.7468","9.02274","Low income","IDA"
"Ethiopia","ET","ETH",2008,"","2026-01-28",85543668,57.733,"Sub-Saharan Africa","Addis Ababa","38.7468","9.02274","Low income","IDA"
"Ethiopia","ET","ETH",2018,"","2026-01-28",112664152,65.257,"Sub-Saharan Africa","Addis Ababa","38.7468","9.02274","Low income","IDA"
"Euro area","XC","EMU",2014,"","2026-01-28",342228563,81.8932526571977,"Aggregates","","","","Aggregates","Aggregates"
"Euro area","XC","EMU",2017,"","2026-01-28",344810179,81.8840085594743,"Aggregates","","","","Aggregates","Aggregates"
"Euro area","XC","EMU",2004,"","2026-01-28",332140117,79.2321623652194,"Aggregates","","","","Aggregates","Aggregates"
"Euro area","XC","EMU",2001,"","2026-01-28",326861195,78.5435434936,"Aggregates","","","","Aggregates","Aggregates"
"Euro area","XC","EMU",2007,"","2026-01-28",337282985,80.0477786971356,"Aggregates","","","","Aggregates","Aggregates"
"Euro area","XC","EMU",2008,"","2026-01-28",338978475,80.2510876108346,"Aggregates","","","","Aggregates","Aggregates"
"Euro area","XC","EMU",2003,"","2026-01-28",330286340,78.6557621579425,"Aggregates","","","","Aggregates","Aggregates"
"Euro area","XC","EMU",2016,"","2026-01-28",344132977,81.9075874931284,"Aggregates","","","","Aggregates","Aggregates"
"Euro area","XC","EMU",2000,"","2026-01-28",325789631,78.1997793340467,"Aggregates","","","","Aggregates","Aggregates"
"Euro area","XC","EMU",2010,"","2026-01-28",341002804,80.6989426195589,"Aggregates","","","","Aggregates","Aggregates"
"Euro area","XC","EMU",2009,"","2026-01-28",340136844,80.4554611719191,"Aggregates","","","","Aggregates","Aggregates"
"Euro area","XC","EMU",2015,"","2026-01-28",343180482,81.5193991217567,"Aggregates","","","","Aggregates","Aggregates"
"Euro area","XC","EMU",2012,"","2026-01-28",341100659,81.1827315779388,"Aggregates","","","","Aggregates","Aggregates"
"Euro area","XC","EMU",2013,"","2026-01-28",341639530,81.4679843013022,"Aggregates","","","","Aggregates","Aggregates"
"Euro area","XC","EMU",2002,"","2026-01-28",328469678,78.6341349112633,"Aggregates","","","","Aggregates","Aggregates"
"Euro area","XC","EMU",2005,"","2026-01-28",333897752,79.3748507782537,"Aggregates","","","","Aggregates","Aggregates"
"Euro area","XC","EMU",2006,"","2026-01-28",335499702,79.8077212879617,"Aggregates","","","","Aggregates","Aggregates"
"Euro area","XC","EMU",2019,"","2026-01-28",346496601,82.2804211551829,"Aggregates","","","","Aggregates","Aggregates"
"Euro area","XC","EMU",2020,"","2026-01-28",346986142,81.4873571657503,"Aggregates","","","","Aggregates","Aggregates"
"Euro area","XC","EMU",2021,"","2026-01-28",347207191,81.5839330415712,"Aggregates","","","","Aggregates","Aggregates"
"Euro area","XC","EMU",2023,"","2026-01-28",349762722,82.194952481038,"Aggregates","","","","Aggregates","Aggregates"
"Euro area","XC","EMU",2024,"","2026-01-28",351161936,NA,"Aggregates","","","","Aggregates","Aggregates"
"Euro area","XC","EMU",2018,"","2026-01-28",345864630,82.0027602577719,"Aggregates","","","","Aggregates","Aggregates"
"Euro area","XC","EMU",2011,"","2026-01-28",340367367,81.1826341807676,"Aggregates","","","","Aggregates","Aggregates"
"Euro area","XC","EMU",2022,"","2026-01-28",348200155,81.6232025628471,"Aggregates","","","","Aggregates","Aggregates"
"Europe & Central Asia","Z7","ECS",2004,"","2026-01-28",873069464,73.9880965104672,"Aggregates","","","","Aggregates","Aggregates"
"Europe & Central Asia","Z7","ECS",2009,"","2026-01-28",887741128,75.6892479352627,"Aggregates","","","","Aggregates","Aggregates"
"Europe & Central Asia","Z7","ECS",2001,"","2026-01-28",866590696,73.3559009015306,"Aggregates","","","","Aggregates","Aggregates"
"Europe & Central Asia","Z7","ECS",2002,"","2026-01-28",868234843,73.4464892451937,"Aggregates","","","","Aggregates","Aggregates"
"Europe & Central Asia","Z7","ECS",2000,"","2026-01-28",865392479,73.1137949733544,"Aggregates","","","","Aggregates","Aggregates"
"Europe & Central Asia","Z7","ECS",2018,"","2026-01-28",918689254,78.0318800351487,"Aggregates","","","","Aggregates","Aggregates"
"Europe & Central Asia","Z7","ECS",2019,"","2026-01-28",921932163,78.3039072023535,"Aggregates","","","","Aggregates","Aggregates"
"Europe & Central Asia","Z7","ECS",2010,"","2026-01-28",890990371,75.9954040762695,"Aggregates","","","","Aggregates","Aggregates"
"Europe & Central Asia","Z7","ECS",2005,"","2026-01-28",875563919,74.1537050552507,"Aggregates","","","","Aggregates","Aggregates"
"Europe & Central Asia","Z7","ECS",2012,"","2026-01-28",896514510,76.6805329995655,"Aggregates","","","","Aggregates","Aggregates"
"Europe & Central Asia","Z7","ECS",2013,"","2026-01-28",899907172,77.032472979769,"Aggregates","","","","Aggregates","Aggregates"
"Europe & Central Asia","Z7","ECS",2014,"","2026-01-28",903561071,77.3536133592449,"Aggregates","","","","Aggregates","Aggregates"
"Europe & Central Asia","Z7","ECS",2007,"","2026-01-28",880656346,75.0087044515764,"Aggregates","","","","Aggregates","Aggregates"
"Europe & Central Asia","Z7","ECS",2003,"","2026-01-28",870529446,73.5628132914524,"Aggregates","","","","Aggregates","Aggregates"
"Europe & Central Asia","Z7","ECS",2006,"","2026-01-28",878166933,74.6398235785968,"Aggregates","","","","Aggregates","Aggregates"
"Europe & Central Asia","Z7","ECS",2024,"","2026-01-28",928263208,NA,"Aggregates","","","","Aggregates","Aggregates"
"Europe & Central Asia","Z7","ECS",2020,"","2026-01-28",923664467,77.1755313183473,"Aggregates","","","","Aggregates","Aggregates"
"Europe & Central Asia","Z7","ECS",2008,"","2026-01-28",884224673,75.3023652452109,"Aggregates","","","","Aggregates","Aggregates"
"Europe & Central Asia","Z7","ECS",2017,"","2026-01-28",915065824,77.899058722117,"Aggregates","","","","Aggregates","Aggregates"
"Europe & Central Asia","Z7","ECS",2021,"","2026-01-28",924381062,76.7286864916739,"Aggregates","","","","Aggregates","Aggregates"
"Europe & Central Asia","Z7","ECS",2015,"","2026-01-28",907527486,77.3309732346625,"Aggregates","","","","Aggregates","Aggregates"
"Europe & Central Asia","Z7","ECS",2011,"","2026-01-28",893009595,76.4794121218071,"Aggregates","","","","Aggregates","Aggregates"
"Europe & Central Asia","Z7","ECS",2023,"","2026-01-28",924773523,78.3854816068932,"Aggregates","","","","Aggregates","Aggregates"
"Europe & Central Asia","Z7","ECS",2022,"","2026-01-28",924234471,77.8344787151258,"Aggregates","","","","Aggregates","Aggregates"
"Europe & Central Asia","Z7","ECS",2016,"","2026-01-28",911579016,77.681322731133,"Aggregates","","","","Aggregates","Aggregates"
"Europe & Central Asia (excluding high income)","7E","ECA",2019,"","2026-01-28",248576676,74.8158340567546,"Aggregates","","","","Aggregates","Aggregates"
"Europe & Central Asia (excluding high income)","7E","ECA",2018,"","2026-01-28",246400484,74.5927989243036,"Aggregates","","","","Aggregates","Aggregates"
"Europe & Central Asia (excluding high income)","7E","ECA",2022,"","2026-01-28",250514347,74.5731684190474,"Aggregates","","","","Aggregates","Aggregates"
"Europe & Central Asia (excluding high income)","7E","ECA",2009,"","2026-01-28",228250911,71.442292156273,"Aggregates","","","","Aggregates","Aggregates"
"Europe & Central Asia (excluding high income)","7E","ECA",2006,"","2026-01-28",224417513,70.2178659389806,"Aggregates","","","","Aggregates","Aggregates"
"Europe & Central Asia (excluding high income)","7E","ECA",2007,"","2026-01-28",225016072,70.5579786921334,"Aggregates","","","","Aggregates","Aggregates"
"Europe & Central Asia (excluding high income)","7E","ECA",2012,"","2026-01-28",233875199,72.6735984954506,"Aggregates","","","","Aggregates","Aggregates"
"Europe & Central Asia (excluding high income)","7E","ECA",2013,"","2026-01-28",235905150,73.1258294397593,"Aggregates","","","","Aggregates","Aggregates"
"Europe & Central Asia (excluding high income)","7E","ECA",2010,"","2026-01-28",230106440,71.9125911481178,"Aggregates","","","","Aggregates","Aggregates"
"Europe & Central Asia (excluding high income)","7E","ECA",2014,"","2026-01-28",237999321,73.4195161256746,"Aggregates","","","","Aggregates","Aggregates"
"Europe & Central Asia (excluding high income)","7E","ECA",2015,"","2026-01-28",240083379,73.755408258866,"Aggregates","","","","Aggregates","Aggregates"
"Europe & Central Asia (excluding high income)","7E","ECA",2016,"","2026-01-28",242224182,74.0313769065099,"Aggregates","","","","Aggregates","Aggregates"
"Europe & Central Asia (excluding high income)","7E","ECA",2003,"","2026-01-28",221399692,69.5879019097604,"Aggregates","","","","Aggregates","Aggregates"
"Europe & Central Asia (excluding high income)","7E","ECA",2020,"","2026-01-28",250351240,73.5536868675669,"Aggregates","","","","Aggregates","Aggregates"
"Europe & Central Asia (excluding high income)","7E","ECA",2021,"","2026-01-28",251867727,72.8823762052943,"Aggregates","","","","Aggregates","Aggregates"
"Europe & Central Asia (excluding high income)","7E","ECA",2000,"","2026-01-28",218486598,68.8570531906331,"Aggregates","","","","Aggregates","Aggregates"
"Europe & Central Asia (excluding high income)","7E","ECA",2008,"","2026-01-28",226524480,70.9743175160426,"Aggregates","","","","Aggregates","Aggregates"
"Europe & Central Asia (excluding high income)","7E","ECA",2023,"","2026-01-28",248721385,74.7923060983647,"Aggregates","","","","Aggregates","Aggregates"
"Europe & Central Asia (excluding high income)","7E","ECA",2011,"","2026-01-28",231988438,72.1509502224104,"Aggregates","","","","Aggregates","Aggregates"
"Europe & Central Asia (excluding high income)","7E","ECA",2005,"","2026-01-28",223360135,69.9595147646973,"Aggregates","","","","Aggregates","Aggregates"
"Europe & Central Asia (excluding high income)","7E","ECA",2001,"","2026-01-28",219435056,69.0902777061194,"Aggregates","","","","Aggregates","Aggregates"
"Europe & Central Asia (excluding high income)","7E","ECA",2002,"","2026-01-28",220400259,69.3187306210866,"Aggregates","","","","Aggregates","Aggregates"
"Europe & Central Asia (excluding high income)","7E","ECA",2004,"","2026-01-28",222413290,69.7911486482047,"Aggregates","","","","Aggregates","Aggregates"
"Europe & Central Asia (excluding high income)","7E","ECA",2024,"","2026-01-28",250281521,NA,"Aggregates","","","","Aggregates","Aggregates"
"Europe & Central Asia (excluding high income)","7E","ECA",2017,"","2026-01-28",244308649,74.4033539029016,"Aggregates","","","","Aggregates","Aggregates"
"Europe & Central Asia (IDA & IBRD countries)","T7","TEC",2001,"","2026-01-28",438100368,68.5080250387666,"Aggregates","","","","Aggregates","Aggregates"
"Europe & Central Asia (IDA & IBRD countries)","T7","TEC",2002,"","2026-01-28",437806951,68.5629095629382,"Aggregates","","","","Aggregates","Aggregates"
"Europe & Central Asia (IDA & IBRD countries)","T7","TEC",2013,"","2026-01-28",449128604,72.7942035795041,"Aggregates","","","","Aggregates","Aggregates"
"Europe & Central Asia (IDA & IBRD countries)","T7","TEC",2020,"","2026-01-28",462842288,73.1492512511888,"Aggregates","","","","Aggregates","Aggregates"
"Europe & Central Asia (IDA & IBRD countries)","T7","TEC",2006,"","2026-01-28",438714358,69.6987479861711,"Aggregates","","","","Aggregates","Aggregates"
"Europe & Central Asia (IDA & IBRD countries)","T7","TEC",2022,"","2026-01-28",460942269,74.1883654842503,"Aggregates","","","","Aggregates","Aggregates"
"Europe & Central Asia (IDA & IBRD countries)","T7","TEC",2021,"","2026-01-28",463104389,72.1506406826172,"Aggregates","","","","Aggregates","Aggregates"
"Europe & Central Asia (IDA & IBRD countries)","T7","TEC",2000,"","2026-01-28",438423541,68.3665797468115,"Aggregates","","","","Aggregates","Aggregates"
"Europe & Central Asia (IDA & IBRD countries)","T7","TEC",2010,"","2026-01-28",442936599,71.4358973425353,"Aggregates","","","","Aggregates","Aggregates"
"Europe & Central Asia (IDA & IBRD countries)","T7","TEC",2011,"","2026-01-28",444846366,71.9266644042886,"Aggregates","","","","Aggregates","Aggregates"
"Europe & Central Asia (IDA & IBRD countries)","T7","TEC",2024,"","2026-01-28",459734030,NA,"Aggregates","","","","Aggregates","Aggregates"
"Europe & Central Asia (IDA & IBRD countries)","T7","TEC",2019,"","2026-01-28",461933206,74.590946255432,"Aggregates","","","","Aggregates","Aggregates"
"Europe & Central Asia (IDA & IBRD countries)","T7","TEC",2014,"","2026-01-28",451432428,73.0389491798356,"Aggregates","","","","Aggregates","Aggregates"
"Europe & Central Asia (IDA & IBRD countries)","T7","TEC",2015,"","2026-01-28",453662073,73.3408132950813,"Aggregates","","","","Aggregates","Aggregates"
"Europe & Central Asia (IDA & IBRD countries)","T7","TEC",2012,"","2026-01-28",446941101,72.3336150257883,"Aggregates","","","","Aggregates","Aggregates"
"Europe & Central Asia (IDA & IBRD countries)","T7","TEC",2023,"","2026-01-28",458602212,74.7265371994292,"Aggregates","","","","Aggregates","Aggregates"
"Europe & Central Asia (IDA & IBRD countries)","T7","TEC",2005,"","2026-01-28",438333196,69.1399718973032,"Aggregates","","","","Aggregates","Aggregates"
"Europe & Central Asia (IDA & IBRD countries)","T7","TEC",2004,"","2026-01-28",438136036,69.0029078332647,"Aggregates","","","","Aggregates","Aggregates"
"Europe & Central Asia (IDA & IBRD countries)","T7","TEC",2007,"","2026-01-28",438680283,70.1803431982885,"Aggregates","","","","Aggregates","Aggregates"
"Europe & Central Asia (IDA & IBRD countries)","T7","TEC",2018,"","2026-01-28",459946883,74.2976622013592,"Aggregates","","","","Aggregates","Aggregates"
"Europe & Central Asia (IDA & IBRD countries)","T7","TEC",2009,"","2026-01-28",441304973,71.0832338433596,"Aggregates","","","","Aggregates","Aggregates"
"Europe & Central Asia (IDA & IBRD countries)","T7","TEC",2008,"","2026-01-28",439732746,70.5451641405676,"Aggregates","","","","Aggregates","Aggregates"
"Europe & Central Asia (IDA & IBRD countries)","T7","TEC",2003,"","2026-01-28",437905932,68.6968166323048,"Aggregates","","","","Aggregates","Aggregates"
"Europe & Central Asia (IDA & IBRD countries)","T7","TEC",2017,"","2026-01-28",458010325,74.1318681774556,"Aggregates","","","","Aggregates","Aggregates"
"Europe & Central Asia (IDA & IBRD countries)","T7","TEC",2016,"","2026-01-28",455913002,73.6902109808946,"Aggregates","","","","Aggregates","Aggregates"
"European Union","EU","EUU",2020,"","2026-01-28",446870959,80.4414754678551,"Aggregates","","","","Aggregates","Aggregates"
"European Union","EU","EUU",2004,"","2026-01-28",434193248,78.1178281794517,"Aggregates","","","","Aggregates","Aggregates"
"European Union","EU","EUU",2013,"","2026-01-28",442425741,80.4734324600181,"Aggregates","","","","Aggregates","Aggregates"
"European Union","EU","EUU",2005,"","2026-01-28",435789139,78.2751410316852,"Aggregates","","","","Aggregates","Aggregates"
"European Union","EU","EUU",2003,"","2026-01-28",432512916,77.5923748441053,"Aggregates","","","","Aggregates","Aggregates"
"European Union","EU","EUU",2010,"","2026-01-28",442088310,79.6354307923887,"Aggregates","","","","Aggregates","Aggregates"
"European Union","EU","EUU",2022,"","2026-01-28",447202673,80.7135056290876,"Aggregates","","","","Aggregates","Aggregates"
"European Union","EU","EUU",2019,"","2026-01-28",446910453,81.3194524901835,"Aggregates","","","","Aggregates","Aggregates"
"European Union","EU","EUU",2015,"","2026-01-28",443793218,80.5708966220669,"Aggregates","","","","Aggregates","Aggregates"
"European Union","EU","EUU",2016,"","2026-01-28",444676652,80.9530808081627,"Aggregates","","","","Aggregates","Aggregates"
"European Union","EU","EUU",2012,"","2026-01-28",442069839,80.1657773209271,"Aggregates","","","","Aggregates","Aggregates"
"European Union","EU","EUU",2021,"","2026-01-28",446227358,80.3071964400875,"Aggregates","","","","Aggregates","Aggregates"
"European Union","EU","EUU",2000,"","2026-01-28",429339162,77.0782450771112,"Aggregates","","","","Aggregates","Aggregates"
"European Union","EU","EUU",2001,"","2026-01-28",429909307,77.4256390326754,"Aggregates","","","","Aggregates","Aggregates"
"European Union","EU","EUU",2002,"","2026-01-28",430924112,77.5340746440768,"Aggregates","","","","Aggregates","Aggregates"
"European Union","EU","EUU",2011,"","2026-01-28",441414078,80.1439505204152,"Aggregates","","","","Aggregates","Aggregates"
"European Union","EU","EUU",2023,"","2026-01-28",448897545,81.4128063717702,"Aggregates","","","","Aggregates","Aggregates"
"European Union","EU","EUU",2024,"","2026-01-28",450228188,NA,"Aggregates","","","","Aggregates","Aggregates"
"European Union","EU","EUU",2009,"","2026-01-28",441388573,79.362438680677,"Aggregates","","","","Aggregates","Aggregates"
"European Union","EU","EUU",2017,"","2026-01-28",445321060,80.9303097853099,"Aggregates","","","","Aggregates","Aggregates"
"European Union","EU","EUU",2018,"","2026-01-28",446329890,81.0317510064821,"Aggregates","","","","Aggregates","Aggregates"
"European Union","EU","EUU",2007,"","2026-01-28",438796003,78.9060450955774,"Aggregates","","","","Aggregates","Aggregates"
"European Union","EU","EUU",2014,"","2026-01-28",442920819,80.8761653859288,"Aggregates","","","","Aggregates","Aggregates"
"European Union","EU","EUU",2006,"","2026-01-28",437263803,78.6721282949285,"Aggregates","","","","Aggregates","Aggregates"
"European Union","EU","EUU",2008,"","2026-01-28",440270719,79.1296281887548,"Aggregates","","","","Aggregates","Aggregates"
"Faroe Islands","FO","FRO",2002,"","2026-01-28",47335,78.7878048780488,"Europe & Central Asia","Torshavn","-6.91181","61.8926","High income","Not classified"
"Faroe Islands","FO","FRO",2011,"","2026-01-28",48543,80.890243902439,"Europe & Central Asia","Torshavn","-6.91181","61.8926","High income","Not classified"
"Faroe Islands","FO","FRO",2005,"","2026-01-28",48359,79.4414634146342,"Europe & Central Asia","Torshavn","-6.91181","61.8926","High income","Not classified"
"Faroe Islands","FO","FRO",2024,"","2026-01-28",54681,NA,"Europe & Central Asia","Torshavn","-6.91181","61.8926","High income","Not classified"
"Faroe Islands","FO","FRO",2003,"","2026-01-28",48032,78.9390243902439,"Europe & Central Asia","Torshavn","-6.91181","61.8926","High income","Not classified"
"Faroe Islands","FO","FRO",2004,"","2026-01-28",48384,79.190243902439,"Europe & Central Asia","Torshavn","-6.91181","61.8926","High income","Not classified"
"Faroe Islands","FO","FRO",2000,"","2026-01-28",45754,78.3829268292683,"Europe & Central Asia","Torshavn","-6.91181","61.8926","High income","Not classified"
"Faroe Islands","FO","FRO",2001,"","2026-01-28",46635,78.5853658536585,"Europe & Central Asia","Torshavn","-6.91181","61.8926","High income","Not classified"
"Faroe Islands","FO","FRO",2010,"","2026-01-28",48657,80.6390243902439,"Europe & Central Asia","Torshavn","-6.91181","61.8926","High income","Not classified"
"Faroe Islands","FO","FRO",2009,"","2026-01-28",48791,80.390243902439,"Europe & Central Asia","Torshavn","-6.91181","61.8926","High income","Not classified"
"Faroe Islands","FO","FRO",2012,"","2026-01-28",48291,81.090243902439,"Europe & Central Asia","Torshavn","-6.91181","61.8926","High income","Not classified"
"Faroe Islands","FO","FRO",2016,"","2026-01-28",49464,81.9926829268293,"Europe & Central Asia","Torshavn","-6.91181","61.8926","High income","Not classified"
"Faroe Islands","FO","FRO",2018,"","2026-01-28",50996,82.2926829268293,"Europe & Central Asia","Torshavn","-6.91181","61.8926","High income","Not classified"
"Faroe Islands","FO","FRO",2014,"","2026-01-28",48428,81.5926829268293,"Europe & Central Asia","Torshavn","-6.91181","61.8926","High income","Not classified"
"Faroe Islands","FO","FRO",2015,"","2026-01-28",48899,81.7926829268293,"Europe & Central Asia","Torshavn","-6.91181","61.8926","High income","Not classified"
"Faroe Islands","FO","FRO",2021,"","2026-01-28",53296,82.8439024390244,"Europe & Central Asia","Torshavn","-6.91181","61.8926","High income","Not classified"
"Faroe Islands","FO","FRO",2023,"","2026-01-28",54414,83.1439024390244,"Europe & Central Asia","Torshavn","-6.91181","61.8926","High income","Not classified"
"Faroe Islands","FO","FRO",2019,"","2026-01-28",51792,82.4439024390244,"Europe & Central Asia","Torshavn","-6.91181","61.8926","High income","Not classified"
"Faroe Islands","FO","FRO",2020,"","2026-01-28",52565,82.6439024390244,"Europe & Central Asia","Torshavn","-6.91181","61.8926","High income","Not classified"
"Faroe Islands","FO","FRO",2006,"","2026-01-28",48335,79.6926829268293,"Europe & Central Asia","Torshavn","-6.91181","61.8926","High income","Not classified"
"Faroe Islands","FO","FRO",2007,"","2026-01-28",48378,79.9414634146342,"Europe & Central Asia","Torshavn","-6.91181","61.8926","High income","Not classified"
"Faroe Islands","FO","FRO",2008,"","2026-01-28",48547,80.1414634146341,"Europe & Central Asia","Torshavn","-6.91181","61.8926","High income","Not classified"
"Faroe Islands","FO","FRO",2013,"","2026-01-28",48246,81.3414634146341,"Europe & Central Asia","Torshavn","-6.91181","61.8926","High income","Not classified"
"Faroe Islands","FO","FRO",2017,"","2026-01-28",50180,82.1439024390244,"Europe & Central Asia","Torshavn","-6.91181","61.8926","High income","Not classified"
"Faroe Islands","FO","FRO",2022,"","2026-01-28",53912,82.9439024390244,"Europe & Central Asia","Torshavn","-6.91181","61.8926","High income","Not classified"
"Fiji","FJ","FJI",2006,"","2026-01-28",890365,66.126,"East Asia & Pacific","Suva","178.399","-18.1149","Upper middle income","Blend"
"Fiji","FJ","FJI",2007,"","2026-01-28",897832,66.161,"East Asia & Pacific","Suva","178.399","-18.1149","Upper middle income","Blend"
"Fiji","FJ","FJI",2004,"","2026-01-28",874366,65.841,"East Asia & Pacific","Suva","178.399","-18.1149","Upper middle income","Blend"
"Fiji","FJ","FJI",2018,"","2026-01-28",917180,66.965,"East Asia & Pacific","Suva","178.399","-18.1149","Upper middle income","Blend"
"Fiji","FJ","FJI",2019,"","2026-01-28",914899,67.009,"East Asia & Pacific","Suva","178.399","-18.1149","Upper middle income","Blend"
"Fiji","FJ","FJI",2011,"","2026-01-28",912989,66.88,"East Asia & Pacific","Suva","178.399","-18.1149","Upper middle income","Blend"
"Fiji","FJ","FJI",2009,"","2026-01-28",907239,66.347,"East Asia & Pacific","Suva","178.399","-18.1149","Upper middle income","Blend"
"Fiji","FJ","FJI",2010,"","2026-01-28",910419,66.778,"East Asia & Pacific","Suva","178.399","-18.1149","Upper middle income","Blend"
"Fiji","FJ","FJI",2020,"","2026-01-28",914963,66.924,"East Asia & Pacific","Suva","178.399","-18.1149","Upper middle income","Blend"
"Fiji","FJ","FJI",2003,"","2026-01-28",866286,65.653,"East Asia & Pacific","Suva","178.399","-18.1149","Upper middle income","Blend"
"Fiji","FJ","FJI",2017,"","2026-01-28",918759,67.06,"East Asia & Pacific","Suva","178.399","-18.1149","Upper middle income","Blend"
"Fiji","FJ","FJI",2001,"","2026-01-28",849596,66.205,"East Asia & Pacific","Suva","178.399","-18.1149","Upper middle income","Blend"
"Fiji","FJ","FJI",2005,"","2026-01-28",882379,65.983,"East Asia & Pacific","Suva","178.399","-18.1149","Upper middle income","Blend"
"Fiji","FJ","FJI",2002,"","2026-01-28",858049,65.492,"East Asia & Pacific","Suva","178.399","-18.1149","Upper middle income","Blend"
"Fiji","FJ","FJI",2008,"","2026-01-28",903399,66.32,"East Asia & Pacific","Suva","178.399","-18.1149","Upper middle income","Blend"
"Fiji","FJ","FJI",2021,"","2026-01-28",916711,64.904,"East Asia & Pacific","Suva","178.399","-18.1149","Upper middle income","Blend"
"Fiji","FJ","FJI",2022,"","2026-01-28",919422,67.148,"East Asia & Pacific","Suva","178.399","-18.1149","Upper middle income","Blend"
"Fiji","FJ","FJI",2023,"","2026-01-28",924145,67.316,"East Asia & Pacific","Suva","178.399","-18.1149","Upper middle income","Blend"
"Fiji","FJ","FJI",2016,"","2026-01-28",919166,66.657,"East Asia & Pacific","Suva","178.399","-18.1149","Upper middle income","Blend"
"Fiji","FJ","FJI",2012,"","2026-01-28",914918,65.812,"East Asia & Pacific","Suva","178.399","-18.1149","Upper middle income","Blend"
"Fiji","FJ","FJI",2013,"","2026-01-28",916352,66.545,"East Asia & Pacific","Suva","178.399","-18.1149","Upper middle income","Blend"
"Fiji","FJ","FJI",2015,"","2026-01-28",918578,66.48,"East Asia & Pacific","Suva","178.399","-18.1149","Upper middle income","Blend"
"Fiji","FJ","FJI",2024,"","2026-01-28",928784,NA,"East Asia & Pacific","Suva","178.399","-18.1149","Upper middle income","Blend"
"Fiji","FJ","FJI",2000,"","2026-01-28",840909,66.194,"East Asia & Pacific","Suva","178.399","-18.1149","Upper middle income","Blend"
"Fiji","FJ","FJI",2014,"","2026-01-28",917585,66.581,"East Asia & Pacific","Suva","178.399","-18.1149","Upper middle income","Blend"
"Finland","FI","FIN",2015,"","2026-01-28",5479531,81.4804878048781,"Europe & Central Asia","Helsinki","24.9525","60.1608","High income","Not classified"
"Finland","FI","FIN",2016,"","2026-01-28",5495303,81.4292682926829,"Europe & Central Asia","Helsinki","24.9525","60.1608","High income","Not classified"
"Finland","FI","FIN",2022,"","2026-01-28",5556106,81.1878048780488,"Europe & Central Asia","Helsinki","24.9525","60.1608","High income","Not classified"
"Finland","FI","FIN",2019,"","2026-01-28",5521606,81.9829268292683,"Europe & Central Asia","Helsinki","24.9525","60.1608","High income","Not classified"
"Finland","FI","FIN",2020,"","2026-01-28",5529543,81.9317073170732,"Europe & Central Asia","Helsinki","24.9525","60.1608","High income","Not classified"
"Finland","FI","FIN",2017,"","2026-01-28",5508214,81.6317073170732,"Europe & Central Asia","Helsinki","24.9525","60.1608","High income","Not classified"
"Finland","FI","FIN",2018,"","2026-01-28",5515525,81.7341463414634,"Europe & Central Asia","Helsinki","24.9525","60.1608","High income","Not classified"
"Finland","FI","FIN",2024,"","2026-01-28",5619911,NA,"Europe & Central Asia","Helsinki","24.9525","60.1608","High income","Not classified"
"Finland","FI","FIN",2023,"","2026-01-28",5583911,81.6853658536585,"Europe & Central Asia","Helsinki","24.9525","60.1608","High income","Not classified"
"Finland","FI","FIN",2021,"","2026-01-28",5541017,81.8853658536585,"Europe & Central Asia","Helsinki","24.9525","60.1608","High income","Not classified"
"Finland","FI","FIN",2008,"","2026-01-28",5313399,79.5682926829268,"Europe & Central Asia","Helsinki","24.9525","60.1608","High income","Not classified"
"Finland","FI","FIN",2014,"","2026-01-28",5461512,81.1804878048781,"Europe & Central Asia","Helsinki","24.9525","60.1608","High income","Not classified"
"Finland","FI","FIN",2000,"","2026-01-28",5176209,77.4658536585366,"Europe & Central Asia","Helsinki","24.9525","60.1608","High income","Not classified"
"Finland","FI","FIN",2001,"","2026-01-28",5188008,77.9658536585366,"Europe & Central Asia","Helsinki","24.9525","60.1608","High income","Not classified"
"Finland","FI","FIN",2002,"","2026-01-28",5200598,78.119512195122,"Europe & Central Asia","Helsinki","24.9525","60.1608","High income","Not classified"
"Finland","FI","FIN",2007,"","2026-01-28",5288720,79.2634146341464,"Europe & Central Asia","Helsinki","24.9525","60.1608","High income","Not classified"
"Finland","FI","FIN",2004,"","2026-01-28",5228172,78.7146341463415,"Europe & Central Asia","Helsinki","24.9525","60.1608","High income","Not classified"
"Finland","FI","FIN",2005,"","2026-01-28",5246096,78.8170731707317,"Europe & Central Asia","Helsinki","24.9525","60.1608","High income","Not classified"
"Finland","FI","FIN",2006,"","2026-01-28",5266268,79.2146341463415,"Europe & Central Asia","Helsinki","24.9525","60.1608","High income","Not classified"
"Finland","FI","FIN",2013,"","2026-01-28",5438972,80.9756097560976,"Europe & Central Asia","Helsinki","24.9525","60.1608","High income","Not classified"
"Finland","FI","FIN",2012,"","2026-01-28",5413971,80.6268292682927,"Europe & Central Asia","Helsinki","24.9525","60.1608","High income","Not classified"
"Finland","FI","FIN",2009,"","2026-01-28",5338871,79.719512195122,"Europe & Central Asia","Helsinki","24.9525","60.1608","High income","Not classified"
"Finland","FI","FIN",2010,"","2026-01-28",5363352,79.8707317073171,"Europe & Central Asia","Helsinki","24.9525","60.1608","High income","Not classified"
"Finland","FI","FIN",2011,"","2026-01-28",5388272,80.4707317073171,"Europe & Central Asia","Helsinki","24.9525","60.1608","High income","Not classified"
"Finland","FI","FIN",2003,"","2026-01-28",5213014,78.3682926829268,"Europe & Central Asia","Helsinki","24.9525","60.1608","High income","Not classified"
"Fragile and conflict affected situations","F1","FCS",2007,"","2026-01-28",735110300,58.1095746645354,"Aggregates","","","","Aggregates","Aggregates"
"Fragile and conflict affected situations","F1","FCS",2005,"","2026-01-28",700820603,57.1472781506796,"Aggregates","","","","Aggregates","Aggregates"
"Fragile and conflict affected situations","F1","FCS",2006,"","2026-01-28",717975893,57.5943113995222,"Aggregates","","","","Aggregates","Aggregates"
"Fragile and conflict affected situations","F1","FCS",2024,"","2026-01-28",1081767572,NA,"Aggregates","","","","Aggregates","Aggregates"
"Fragile and conflict affected situations","F1","FCS",2004,"","2026-01-28",684007365,56.7557447226361,"Aggregates","","","","Aggregates","Aggregates"
"Fragile and conflict affected situations","F1","FCS",2008,"","2026-01-28",753058095,58.1871780629647,"Aggregates","","","","Aggregates","Aggregates"
"Fragile and conflict affected situations","F1","FCS",2009,"","2026-01-28",772015937,58.9379605951645,"Aggregates","","","","Aggregates","Aggregates"
"Fragile and conflict affected situations","F1","FCS",2015,"","2026-01-28",890869511,60.7449931085508,"Aggregates","","","","Aggregates","Aggregates"
"Fragile and conflict affected situations","F1","FCS",2023,"","2026-01-28",1057033168,63.3499447771075,"Aggregates","","","","Aggregates","Aggregates"
"Fragile and conflict affected situations","F1","FCS",2001,"","2026-01-28",635481068,55.7212693010549,"Aggregates","","","","Aggregates","Aggregates"
"Fragile and conflict affected situations","F1","FCS",2002,"","2026-01-28",651226758,56.1508566104113,"Aggregates","","","","Aggregates","Aggregates"
"Fragile and conflict affected situations","F1","FCS",2010,"","2026-01-28",791371804,59.3431607628088,"Aggregates","","","","Aggregates","Aggregates"
"Fragile and conflict affected situations","F1","FCS",2003,"","2026-01-28",667644273,56.4469254565792,"Aggregates","","","","Aggregates","Aggregates"
"Fragile and conflict affected situations","F1","FCS",2012,"","2026-01-28",831065598,60.1008402450513,"Aggregates","","","","Aggregates","Aggregates"
"Fragile and conflict affected situations","F1","FCS",2013,"","2026-01-28",851404936,60.4548394321653,"Aggregates","","","","Aggregates","Aggregates"
"Fragile and conflict affected situations","F1","FCS",2014,"","2026-01-28",871345375,60.5536917998503,"Aggregates","","","","Aggregates","Aggregates"
"Fragile and conflict affected situations","F1","FCS",2020,"","2026-01-28",994901090,62.0663682854031,"Aggregates","","","","Aggregates","Aggregates"
"Fragile and conflict affected situations","F1","FCS",2021,"","2026-01-28",1016906998,61.6086810439385,"Aggregates","","","","Aggregates","Aggregates"
"Fragile and conflict affected situations","F1","FCS",2018,"","2026-01-28",951851595,61.7825083062786,"Aggregates","","","","Aggregates","Aggregates"
"Fragile and conflict affected situations","F1","FCS",2019,"","2026-01-28",973035228,62.1379545505037,"Aggregates","","","","Aggregates","Aggregates"
"Fragile and conflict affected situations","F1","FCS",2017,"","2026-01-28",931222867,61.2296826870125,"Aggregates","","","","Aggregates","Aggregates"
"Fragile and conflict affected situations","F1","FCS",2011,"","2026-01-28",810972272,59.627635588706,"Aggregates","","","","Aggregates","Aggregates"
"Fragile and conflict affected situations","F1","FCS",2022,"","2026-01-28",1036390026,62.702271566254,"Aggregates","","","","Aggregates","Aggregates"
"Fragile and conflict affected situations","F1","FCS",2000,"","2026-01-28",621080692,55.4884249847297,"Aggregates","","","","Aggregates","Aggregates"
"Fragile and conflict affected situations","F1","FCS",2016,"","2026-01-28",910836458,60.9861836667017,"Aggregates","","","","Aggregates","Aggregates"
"France","FR","FRA",2011,"","2026-01-28",65340830,82.1146341463415,"Europe & Central Asia","Paris","2.35097","48.8566","High income","Not classified"
"France","FR","FRA",2012,"","2026-01-28",65657659,81.9682926829268,"Europe & Central Asia","Paris","2.35097","48.8566","High income","Not classified"
"France","FR","FRA",2021,"","2026-01-28",67842811,82.3243902439024,"Europe & Central Asia","Paris","2.35097","48.8566","High income","Not classified"
"France","FR","FRA",2019,"","2026-01-28",67382061,82.8268292682927,"Europe & Central Asia","Paris","2.35097","48.8566","High income","Not classified"
"France","FR","FRA",2024,"","2026-01-28",68551653,NA,"Europe & Central Asia","Paris","2.35097","48.8566","High income","Not classified"
"France","FR","FRA",2009,"","2026-01-28",64706436,81.4146341463415,"Europe & Central Asia","Paris","2.35097","48.8566","High income","Not classified"
"France","FR","FRA",2022,"","2026-01-28",68184457,82.1292682926829,"Europe & Central Asia","Paris","2.35097","48.8566","High income","Not classified"
"France","FR","FRA",2023,"","2026-01-28",68372286,82.9292682926829,"Europe & Central Asia","Paris","2.35097","48.8566","High income","Not classified"
"France","FR","FRA",2015,"","2026-01-28",66548272,82.3219512195122,"Europe & Central Asia","Paris","2.35097","48.8566","High income","Not classified"
"France","FR","FRA",2016,"","2026-01-28",66724104,82.5731707317073,"Europe & Central Asia","Paris","2.35097","48.8566","High income","Not classified"
"France","FR","FRA",2000,"","2026-01-28",60918661,79.0560975609756,"Europe & Central Asia","Paris","2.35097","48.8566","High income","Not classified"
"France","FR","FRA",2017,"","2026-01-28",66918020,82.5756097560976,"Europe & Central Asia","Paris","2.35097","48.8566","High income","Not classified"
"France","FR","FRA",2018,"","2026-01-28",67158348,82.6756097560976,"Europe & Central Asia","Paris","2.35097","48.8566","High income","Not classified"
"France","FR","FRA",2020,"","2026-01-28",67601110,82.1756097560976,"Europe & Central Asia","Paris","2.35097","48.8566","High income","Not classified"
"France","FR","FRA",2005,"","2026-01-28",63180854,80.1634146341463,"Europe & Central Asia","Paris","2.35097","48.8566","High income","Not classified"
"France","FR","FRA",2006,"","2026-01-28",63622342,80.8121951219512,"Europe & Central Asia","Paris","2.35097","48.8566","High income","Not classified"
"France","FR","FRA",2007,"","2026-01-28",64016890,81.1121951219512,"Europe & Central Asia","Paris","2.35097","48.8566","High income","Not classified"
"France","FR","FRA",2008,"","2026-01-28",64375116,81.2146341463415,"Europe & Central Asia","Paris","2.35097","48.8566","High income","Not classified"
"France","FR","FRA",2003,"","2026-01-28",62249855,79.1146341463415,"Europe & Central Asia","Paris","2.35097","48.8566","High income","Not classified"
"France","FR","FRA",2013,"","2026-01-28",65997932,82.219512195122,"Europe & Central Asia","Paris","2.35097","48.8566","High income","Not classified"
"France","FR","FRA",2014,"","2026-01-28",66312067,82.719512195122,"Europe & Central Asia","Paris","2.35097","48.8566","High income","Not classified"
"France","FR","FRA",2002,"","2026-01-28",61812142,79.2609756097561,"Europe & Central Asia","Paris","2.35097","48.8566","High income","Not classified"
"France","FR","FRA",2004,"","2026-01-28",62707588,80.1634146341463,"Europe & Central Asia","Paris","2.35097","48.8566","High income","Not classified"
"France","FR","FRA",2001,"","2026-01-28",61364377,79.1585365853659,"Europe & Central Asia","Paris","2.35097","48.8566","High income","Not classified"
"France","FR","FRA",2010,"","2026-01-28",65026211,81.6634146341463,"Europe & Central Asia","Paris","2.35097","48.8566","High income","Not classified"
"French Polynesia","PF","PYF",2000,"","2026-01-28",240337,79,"East Asia & Pacific","Papeete","-149.57","-17.535","High income","Not classified"
"French Polynesia","PF","PYF",2001,"","2026-01-28",244097,79.316,"East Asia & Pacific","Papeete","-149.57","-17.535","High income","Not classified"
"French Polynesia","PF","PYF",2002,"","2026-01-28",247775,79.544,"East Asia & Pacific","Papeete","-149.57","-17.535","High income","Not classified"
"French Polynesia","PF","PYF",2003,"","2026-01-28",251637,79.71,"East Asia & Pacific","Papeete","-149.57","-17.535","High income","Not classified"
"French Polynesia","PF","PYF",2022,"","2026-01-28",280378,83.859,"East Asia & Pacific","Papeete","-149.57","-17.535","High income","Not classified"
"French Polynesia","PF","PYF",2023,"","2026-01-28",281118,84.07,"East Asia & Pacific","Papeete","-149.57","-17.535","High income","Not classified"
"French Polynesia","PF","PYF",2024,"","2026-01-28",281807,NA,"East Asia & Pacific","Papeete","-149.57","-17.535","High income","Not classified"
"French Polynesia","PF","PYF",2021,"","2026-01-28",279792,79.571,"East Asia & Pacific","Papeete","-149.57","-17.535","High income","Not classified"
"French Polynesia","PF","PYF",2016,"","2026-01-28",279178,82.555,"East Asia & Pacific","Papeete","-149.57","-17.535","High income","Not classified"
"French Polynesia","PF","PYF",2012,"","2026-01-28",273084,81.695,"East Asia & Pacific","Papeete","-149.57","-17.535","High income","Not classified"
"French Polynesia","PF","PYF",2013,"","2026-01-28",274728,81.935,"East Asia & Pacific","Papeete","-149.57","-17.535","High income","Not classified"
"French Polynesia","PF","PYF",2014,"","2026-01-28",276387,82.151,"East Asia & Pacific","Papeete","-149.57","-17.535","High income","Not classified"
"French Polynesia","PF","PYF",2020,"","2026-01-28",279209,82.459,"East Asia & Pacific","Papeete","-149.57","-17.535","High income","Not classified"
"French Polynesia","PF","PYF",2004,"","2026-01-28",255654,79.829,"East Asia & Pacific","Papeete","-149.57","-17.535","High income","Not classified"
"French Polynesia","PF","PYF",2018,"","2026-01-28",279815,82.985,"East Asia & Pacific","Papeete","-149.57","-17.535","High income","Not classified"
"French Polynesia","PF","PYF",2019,"","2026-01-28",279034,83.195,"East Asia & Pacific","Papeete","-149.57","-17.535","High income","Not classified"
"French Polynesia","PF","PYF",2005,"","2026-01-28",259507,79.951,"East Asia & Pacific","Papeete","-149.57","-17.535","High income","Not classified"
"French Polynesia","PF","PYF",2008,"","2026-01-28",268379,80.587,"East Asia & Pacific","Papeete","-149.57","-17.535","High income","Not classified"
"French Polynesia","PF","PYF",2009,"","2026-01-28",269481,80.867,"East Asia & Pacific","Papeete","-149.57","-17.535","High income","Not classified"
"French Polynesia","PF","PYF",2010,"","2026-01-28",270580,81.141,"East Asia & Pacific","Papeete","-149.57","-17.535","High income","Not classified"
"French Polynesia","PF","PYF",2015,"","2026-01-28",277866,82.339,"East Asia & Pacific","Papeete","-149.57","-17.535","High income","Not classified"
"French Polynesia","PF","PYF",2011,"","2026-01-28",271727,81.434,"East Asia & Pacific","Papeete","-149.57","-17.535","High income","Not classified"
"French Polynesia","PF","PYF",2007,"","2026-01-28",266438,80.328,"East Asia & Pacific","Papeete","-149.57","-17.535","High income","Not classified"
"French Polynesia","PF","PYF",2006,"","2026-01-28",263223,80.1,"East Asia & Pacific","Papeete","-149.57","-17.535","High income","Not classified"
"French Polynesia","PF","PYF",2017,"","2026-01-28",280087,82.774,"East Asia & Pacific","Papeete","-149.57","-17.535","High income","Not classified"
"Gabon","GA","GAB",2003,"","2026-01-28",1382350,62.463,"Sub-Saharan Africa","Libreville","9.45162","0.38832","Upper middle income","IBRD"
"Gabon","GA","GAB",2014,"","2026-01-28",1978399,66.07,"Sub-Saharan Africa","Libreville","9.45162","0.38832","Upper middle income","IBRD"
"Gabon","GA","GAB",2005,"","2026-01-28",1463495,62.978,"Sub-Saharan Africa","Libreville","9.45162","0.38832","Upper middle income","IBRD"
"Gabon","GA","GAB",2006,"","2026-01-28",1508337,63.259,"Sub-Saharan Africa","Libreville","9.45162","0.38832","Upper middle income","IBRD"
"Gabon","GA","GAB",2015,"","2026-01-28",2040989,66.336,"Sub-Saharan Africa","Libreville","9.45162","0.38832","Upper middle income","IBRD"
"Gabon","GA","GAB",2011,"","2026-01-28",1781985,65.102,"Sub-Saharan Africa","Libreville","9.45162","0.38832","Upper middle income","IBRD"
"Gabon","GA","GAB",2007,"","2026-01-28",1556237,63.619,"Sub-Saharan Africa","Libreville","9.45162","0.38832","Upper middle income","IBRD"
"Gabon","GA","GAB",2013,"","2026-01-28",1913059,65.751,"Sub-Saharan Africa","Libreville","9.45162","0.38832","Upper middle income","IBRD"
"Gabon","GA","GAB",2001,"","2026-01-28",1309589,61.982,"Sub-Saharan Africa","Libreville","9.45162","0.38832","Upper middle income","IBRD"
"Gabon","GA","GAB",2002,"","2026-01-28",1345135,62.175,"Sub-Saharan Africa","Libreville","9.45162","0.38832","Upper middle income","IBRD"
"Gabon","GA","GAB",2004,"","2026-01-28",1421609,62.694,"Sub-Saharan Africa","Libreville","9.45162","0.38832","Upper middle income","IBRD"
"Gabon","GA","GAB",2016,"","2026-01-28",2100306,66.583,"Sub-Saharan Africa","Libreville","9.45162","0.38832","Upper middle income","IBRD"
"Gabon","GA","GAB",2017,"","2026-01-28",2156900,66.816,"Sub-Saharan Africa","Libreville","9.45162","0.38832","Upper middle income","IBRD"
"Gabon","GA","GAB",2018,"","2026-01-28",2212318,67.043,"Sub-Saharan Africa","Libreville","9.45162","0.38832","Upper middle income","IBRD"
"Gabon","GA","GAB",2009,"","2026-01-28",1661556,64.361,"Sub-Saharan Africa","Libreville","9.45162","0.38832","Upper middle income","IBRD"
"Gabon","GA","GAB",2012,"","2026-01-28",1846889,65.438,"Sub-Saharan Africa","Libreville","9.45162","0.38832","Upper middle income","IBRD"
"Gabon","GA","GAB",2008,"","2026-01-28",1607175,64.011,"Sub-Saharan Africa","Libreville","9.45162","0.38832","Upper middle income","IBRD"
"Gabon","GA","GAB",2010,"","2026-01-28",1719879,64.715,"Sub-Saharan Africa","Libreville","9.45162","0.38832","Upper middle income","IBRD"
"Gabon","GA","GAB",2000,"","2026-01-28",1275572,61.81,"Sub-Saharan Africa","Libreville","9.45162","0.38832","Upper middle income","IBRD"
"Gabon","GA","GAB",2019,"","2026-01-28",2267706,67.337,"Sub-Saharan Africa","Libreville","9.45162","0.38832","Upper middle income","IBRD"
"Gabon","GA","GAB",2020,"","2026-01-28",2322539,67.073,"Sub-Saharan Africa","Libreville","9.45162","0.38832","Upper middle income","IBRD"
"Gabon","GA","GAB",2021,"","2026-01-28",2376722,67.072,"Sub-Saharan Africa","Libreville","9.45162","0.38832","Upper middle income","IBRD"
"Gabon","GA","GAB",2022,"","2026-01-28",2430747,67.713,"Sub-Saharan Africa","Libreville","9.45162","0.38832","Upper middle income","IBRD"
"Gabon","GA","GAB",2024,"","2026-01-28",2538952,NA,"Sub-Saharan Africa","Libreville","9.45162","0.38832","Upper middle income","IBRD"
"Gabon","GA","GAB",2023,"","2026-01-28",2484789,68.337,"Sub-Saharan Africa","Libreville","9.45162","0.38832","Upper middle income","IBRD"
"Gambia, The","GM","GMB",2016,"","2026-01-28",2283769,63.386,"Sub-Saharan Africa","Banjul","-16.5885","13.4495","Low income","IDA"
"Gambia, The","GM","GMB",2015,"","2026-01-28",2224529,62.971,"Sub-Saharan Africa","Banjul","-16.5885","13.4495","Low income","IDA"
"Gambia, The","GM","GMB",2017,"","2026-01-28",2342189,63.708,"Sub-Saharan Africa","Banjul","-16.5885","13.4495","Low income","IDA"
"Gambia, The","GM","GMB",2009,"","2026-01-28",1871422,60.735,"Sub-Saharan Africa","Banjul","-16.5885","13.4495","Low income","IDA"
"Gambia, The","GM","GMB",2014,"","2026-01-28",2164528,62.576,"Sub-Saharan Africa","Banjul","-16.5885","13.4495","Low income","IDA"
"Gambia, The","GM","GMB",2020,"","2026-01-28",2515733,64.418,"Sub-Saharan Africa","Banjul","-16.5885","13.4495","Low income","IDA"
"Gambia, The","GM","GMB",2012,"","2026-01-28",2043094,61.9,"Sub-Saharan Africa","Banjul","-16.5885","13.4495","Low income","IDA"
"Gambia, The","GM","GMB",2023,"","2026-01-28",2697845,65.86,"Sub-Saharan Africa","Banjul","-16.5885","13.4495","Low income","IDA"
"Gambia, The","GM","GMB",2019,"","2026-01-28",2456844,64.427,"Sub-Saharan Africa","Banjul","-16.5885","13.4495","Low income","IDA"
"Gambia, The","GM","GMB",2021,"","2026-01-28",2576010,63.847,"Sub-Saharan Africa","Banjul","-16.5885","13.4495","Low income","IDA"
"Gambia, The","GM","GMB",2003,"","2026-01-28",1577611,58.223,"Sub-Saharan Africa","Banjul","-16.5885","13.4495","Low income","IDA"
"Gambia, The","GM","GMB",2002,"","2026-01-28",1535691,57.736,"Sub-Saharan Africa","Banjul","-16.5885","13.4495","Low income","IDA"
"Gambia, The","GM","GMB",2010,"","2026-01-28",1926630,61.167,"Sub-Saharan Africa","Banjul","-16.5885","13.4495","Low income","IDA"
"Gambia, The","GM","GMB",2024,"","2026-01-28",2759988,NA,"Sub-Saharan Africa","Banjul","-16.5885","13.4495","Low income","IDA"
"Gambia, The","GM","GMB",2001,"","2026-01-28",1495011,57.283,"Sub-Saharan Africa","Banjul","-16.5885","13.4495","Low income","IDA"
"Gambia, The","GM","GMB",2008,"","2026-01-28",1817852,60.473,"Sub-Saharan Africa","Banjul","-16.5885","13.4495","Low income","IDA"
"Gambia, The","GM","GMB",2006,"","2026-01-28",1715275,59.667,"Sub-Saharan Africa","Banjul","-16.5885","13.4495","Low income","IDA"
"Gambia, The","GM","GMB",2007,"","2026-01-28",1765774,60.001,"Sub-Saharan Africa","Banjul","-16.5885","13.4495","Low income","IDA"
"Gambia, The","GM","GMB",2018,"","2026-01-28",2399632,64.034,"Sub-Saharan Africa","Banjul","-16.5885","13.4495","Low income","IDA"
"Gambia, The","GM","GMB",2022,"","2026-01-28",2636470,64.859,"Sub-Saharan Africa","Banjul","-16.5885","13.4495","Low income","IDA"
"Gambia, The","GM","GMB",2005,"","2026-01-28",1667037,59.11,"Sub-Saharan Africa","Banjul","-16.5885","13.4495","Low income","IDA"
"Gambia, The","GM","GMB",2013,"","2026-01-28",2103820,62.252,"Sub-Saharan Africa","Banjul","-16.5885","13.4495","Low income","IDA"
"Gambia, The","GM","GMB",2011,"","2026-01-28",1983784,61.561,"Sub-Saharan Africa","Banjul","-16.5885","13.4495","Low income","IDA"
"Gambia, The","GM","GMB",2004,"","2026-01-28",1621312,58.749,"Sub-Saharan Africa","Banjul","-16.5885","13.4495","Low income","IDA"
"Gambia, The","GM","GMB",2000,"","2026-01-28",1455084,56.899,"Sub-Saharan Africa","Banjul","-16.5885","13.4495","Low income","IDA"
"Georgia","GE","GEO",2021,"","2026-01-28",3708610,71.635,"Europe & Central Asia","Tbilisi","44.793","41.71","Upper middle income","IBRD"
"Georgia","GE","GEO",2022,"","2026-01-28",3712502,74.141,"Europe & Central Asia","Tbilisi","44.793","41.71","Upper middle income","IBRD"
"Georgia","GE","GEO",2002,"","2026-01-28",3978515,70.438,"Europe & Central Asia","Tbilisi","44.793","41.71","Upper middle income","IBRD"
"Georgia","GE","GEO",2007,"","2026-01-28",3860158,70.985,"Europe & Central Asia","Tbilisi","44.793","41.71","Upper middle income","IBRD"
"Georgia","GE","GEO",2017,"","2026-01-28",3728004,73.435,"Europe & Central Asia","Tbilisi","44.793","41.71","Upper middle income","IBRD"
"Georgia","GE","GEO",2018,"","2026-01-28",3726549,73.985,"Europe & Central Asia","Tbilisi","44.793","41.71","Upper middle income","IBRD"
"Georgia","GE","GEO",2000,"","2026-01-28",4077131,70.091,"Europe & Central Asia","Tbilisi","44.793","41.71","Upper middle income","IBRD"
"Georgia","GE","GEO",2001,"","2026-01-28",4014373,70.371,"Europe & Central Asia","Tbilisi","44.793","41.71","Upper middle income","IBRD"
"Georgia","GE","GEO",2024,"","2026-01-28",3699557,NA,"Europe & Central Asia","Tbilisi","44.793","41.71","Upper middle income","IBRD"
"Georgia","GE","GEO",2004,"","2026-01-28",3927340,71.011,"Europe & Central Asia","Tbilisi","44.793","41.71","Upper middle income","IBRD"
"Georgia","GE","GEO",2005,"","2026-01-28",3902469,70.689,"Europe & Central Asia","Tbilisi","44.793","41.71","Upper middle income","IBRD"
"Georgia","GE","GEO",2006,"","2026-01-28",3880347,70.983,"Europe & Central Asia","Tbilisi","44.793","41.71","Upper middle income","IBRD"
"Georgia","GE","GEO",2013,"","2026-01-28",3717668,73.025,"Europe & Central Asia","Tbilisi","44.793","41.71","Upper middle income","IBRD"
"Georgia","GE","GEO",2014,"","2026-01-28",3719414,73.105,"Europe & Central Asia","Tbilisi","44.793","41.71","Upper middle income","IBRD"
"Georgia","GE","GEO",2011,"","2026-01-28",3756441,72.485,"Europe & Central Asia","Tbilisi","44.793","41.71","Upper middle income","IBRD"
"Georgia","GE","GEO",2012,"","2026-01-28",3728874,72.672,"Europe & Central Asia","Tbilisi","44.793","41.71","Upper middle income","IBRD"
"Georgia","GE","GEO",2023,"","2026-01-28",3715483,74.496,"Europe & Central Asia","Tbilisi","44.793","41.71","Upper middle income","IBRD"
"Georgia","GE","GEO",2003,"","2026-01-28",3951736,71.377,"Europe & Central Asia","Tbilisi","44.793","41.71","Upper middle income","IBRD"
"Georgia","GE","GEO",2015,"","2026-01-28",3725276,73.241,"Europe & Central Asia","Tbilisi","44.793","41.71","Upper middle income","IBRD"
"Georgia","GE","GEO",2019,"","2026-01-28",3720161,74.165,"Europe & Central Asia","Tbilisi","44.793","41.71","Upper middle income","IBRD"
"Georgia","GE","GEO",2009,"","2026-01-28",3814419,71.058,"Europe & Central Asia","Tbilisi","44.793","41.71","Upper middle income","IBRD"
"Georgia","GE","GEO",2010,"","2026-01-28",3786695,71.732,"Europe & Central Asia","Tbilisi","44.793","41.71","Upper middle income","IBRD"
"Georgia","GE","GEO",2020,"","2026-01-28",3722716,73.509,"Europe & Central Asia","Tbilisi","44.793","41.71","Upper middle income","IBRD"
"Georgia","GE","GEO",2008,"","2026-01-28",3848449,70.949,"Europe & Central Asia","Tbilisi","44.793","41.71","Upper middle income","IBRD"
"Georgia","GE","GEO",2016,"","2026-01-28",3727505,73.136,"Europe & Central Asia","Tbilisi","44.793","41.71","Upper middle income","IBRD"
"Germany","DE","DEU",2007,"","2026-01-28",82266372,79.5341463414634,"Europe & Central Asia","Berlin","13.4115","52.5235","High income","Not classified"
"Germany","DE","DEU",2017,"","2026-01-28",82657002,80.9926829268293,"Europe & Central Asia","Berlin","13.4115","52.5235","High income","Not classified"
"Germany","DE","DEU",2002,"","2026-01-28",82488495,78.2292682926829,"Europe & Central Asia","Berlin","13.4115","52.5235","High income","Not classified"
"Germany","DE","DEU",2005,"","2026-01-28",82469422,78.9317073170732,"Europe & Central Asia","Berlin","13.4115","52.5235","High income","Not classified"
"Germany","DE","DEU",2019,"","2026-01-28",83092962,81.2926829268293,"Europe & Central Asia","Berlin","13.4115","52.5235","High income","Not classified"
"Germany","DE","DEU",2020,"","2026-01-28",83160871,81.0414634146342,"Europe & Central Asia","Berlin","13.4115","52.5235","High income","Not classified"
"Germany","DE","DEU",2012,"","2026-01-28",80425823,80.5390243902439,"Europe & Central Asia","Berlin","13.4115","52.5235","High income","Not classified"
"Germany","DE","DEU",2018,"","2026-01-28",82905782,80.8926829268293,"Europe & Central Asia","Berlin","13.4115","52.5235","High income","Not classified"
"Germany","DE","DEU",2014,"","2026-01-28",80982500,81.090243902439,"Europe & Central Asia","Berlin","13.4115","52.5235","High income","Not classified"
"Germany","DE","DEU",2011,"","2026-01-28",80274983,80.4365853658537,"Europe & Central Asia","Berlin","13.4115","52.5235","High income","Not classified"
"Germany","DE","DEU",2000,"","2026-01-28",82211508,77.9268292682927,"Europe & Central Asia","Berlin","13.4115","52.5235","High income","Not classified"
"Germany","DE","DEU",2001,"","2026-01-28",82349925,78.3292682926829,"Europe & Central Asia","Berlin","13.4115","52.5235","High income","Not classified"
"Germany","DE","DEU",2003,"","2026-01-28",82534176,78.3804878048781,"Europe & Central Asia","Berlin","13.4115","52.5235","High income","Not classified"
"Germany","DE","DEU",2004,"","2026-01-28",82516260,78.6804878048781,"Europe & Central Asia","Berlin","13.4115","52.5235","High income","Not classified"
"Germany","DE","DEU",2022,"","2026-01-28",83177813,80.6080487804878,"Europe & Central Asia","Berlin","13.4115","52.5235","High income","Not classified"
"Germany","DE","DEU",2008,"","2026-01-28",82110097,79.7365853658537,"Europe & Central Asia","Berlin","13.4115","52.5235","High income","Not classified"
"Germany","DE","DEU",2009,"","2026-01-28",81902307,79.8365853658537,"Europe & Central Asia","Berlin","13.4115","52.5235","High income","Not classified"
"Germany","DE","DEU",2010,"","2026-01-28",81776930,79.9878048780488,"Europe & Central Asia","Berlin","13.4115","52.5235","High income","Not classified"
"Germany","DE","DEU",2016,"","2026-01-28",82348669,80.990243902439,"Europe & Central Asia","Berlin","13.4115","52.5235","High income","Not classified"
"Germany","DE","DEU",2023,"","2026-01-28",83287273,80.5414634146342,"Europe & Central Asia","Berlin","13.4115","52.5235","High income","Not classified"
"Germany","DE","DEU",2024,"","2026-01-28",83516593,NA,"Europe & Central Asia","Berlin","13.4115","52.5235","High income","Not classified"
"Germany","DE","DEU",2013,"","2026-01-28",80645605,80.490243902439,"Europe & Central Asia","Berlin","13.4115","52.5235","High income","Not classified"
"Germany","DE","DEU",2021,"","2026-01-28",83196078,80.790243902439,"Europe & Central Asia","Berlin","13.4115","52.5235","High income","Not classified"
"Germany","DE","DEU",2015,"","2026-01-28",81686611,80.6414634146341,"Europe & Central Asia","Berlin","13.4115","52.5235","High income","Not classified"
"Germany","DE","DEU",2006,"","2026-01-28",82376451,79.1317073170732,"Europe & Central Asia","Berlin","13.4115","52.5235","High income","Not classified"
"Ghana","GH","GHA",2016,"","2026-01-28",29356742,63.522,"Sub-Saharan Africa","Accra","-0.20795","5.57045","Lower middle income","IDA"
"Ghana","GH","GHA",2020,"","2026-01-28",31887809,64.309,"Sub-Saharan Africa","Accra","-0.20795","5.57045","Lower middle income","IDA"
"Ghana","GH","GHA",2013,"","2026-01-28",27386193,62.397,"Sub-Saharan Africa","Accra","-0.20795","5.57045","Lower middle income","IDA"
"Ghana","GH","GHA",2014,"","2026-01-28",28041592,62.832,"Sub-Saharan Africa","Accra","-0.20795","5.57045","Lower middle income","IDA"
"Ghana","GH","GHA",2022,"","2026-01-28",33149152,65.246,"Sub-Saharan Africa","Accra","-0.20795","5.57045","Lower middle income","IDA"
"Ghana","GH","GHA",2017,"","2026-01-28",30008354,63.829,"Sub-Saharan Africa","Accra","-0.20795","5.57045","Lower middle income","IDA"
"Ghana","GH","GHA",2018,"","2026-01-28",30637585,64.138,"Sub-Saharan Africa","Accra","-0.20795","5.57045","Lower middle income","IDA"
"Ghana","GH","GHA",2008,"","2026-01-28",24249946,60.578,"Sub-Saharan Africa","Accra","-0.20795","5.57045","Lower middle income","IDA"
"Ghana","GH","GHA",2009,"","2026-01-28",24862664,60.928,"Sub-Saharan Africa","Accra","-0.20795","5.57045","Lower middle income","IDA"
"Ghana","GH","GHA",2011,"","2026-01-28",26095088,61.617,"Sub-Saharan Africa","Accra","-0.20795","5.57045","Lower middle income","IDA"
"Ghana","GH","GHA",2024,"","2026-01-28",34427414,NA,"Sub-Saharan Africa","Accra","-0.20795","5.57045","Lower middle income","IDA"
"Ghana","GH","GHA",2000,"","2026-01-28",19637087,58.139,"Sub-Saharan Africa","Accra","-0.20795","5.57045","Lower middle income","IDA"
"Ghana","GH","GHA",2001,"","2026-01-28",20167069,58.403,"Sub-Saharan Africa","Accra","-0.20795","5.57045","Lower middle income","IDA"
"Ghana","GH","GHA",2015,"","2026-01-28",28696068,63.175,"Sub-Saharan Africa","Accra","-0.20795","5.57045","Lower middle income","IDA"
"Ghana","GH","GHA",2005,"","2026-01-28",22449438,59.638,"Sub-Saharan Africa","Accra","-0.20795","5.57045","Lower middle income","IDA"
"Ghana","GH","GHA",2006,"","2026-01-28",23040702,59.975,"Sub-Saharan Africa","Accra","-0.20795","5.57045","Lower middle income","IDA"
"Ghana","GH","GHA",2019,"","2026-01-28",31258945,64.455,"Sub-Saharan Africa","Accra","-0.20795","5.57045","Lower middle income","IDA"
"Ghana","GH","GHA",2021,"","2026-01-28",32518665,64.286,"Sub-Saharan Africa","Accra","-0.20795","5.57045","Lower middle income","IDA"
"Ghana","GH","GHA",2023,"","2026-01-28",33787914,65.498,"Sub-Saharan Africa","Accra","-0.20795","5.57045","Lower middle income","IDA"
"Ghana","GH","GHA",2007,"","2026-01-28",23642279,60.282,"Sub-Saharan Africa","Accra","-0.20795","5.57045","Lower middle income","IDA"
"Ghana","GH","GHA",2012,"","2026-01-28",26734268,61.995,"Sub-Saharan Africa","Accra","-0.20795","5.57045","Lower middle income","IDA"
"Ghana","GH","GHA",2010,"","2026-01-28",25474995,61.297,"Sub-Saharan Africa","Accra","-0.20795","5.57045","Lower middle income","IDA"
"Ghana","GH","GHA",2002,"","2026-01-28",20729388,58.709,"Sub-Saharan Africa","Accra","-0.20795","5.57045","Lower middle income","IDA"
"Ghana","GH","GHA",2003,"","2026-01-28",21296705,59.014,"Sub-Saharan Africa","Accra","-0.20795","5.57045","Lower middle income","IDA"
"Ghana","GH","GHA",2004,"","2026-01-28",21868298,59.316,"Sub-Saharan Africa","Accra","-0.20795","5.57045","Lower middle income","IDA"
"Gibraltar","GI","GIB",2001,"","2026-01-28",27657,80.419,"Europe & Central Asia","","","","High income","Not classified"
"Gibraltar","GI","GIB",2008,"","2026-01-28",30413,81.541,"Europe & Central Asia","","","","High income","Not classified"
"Gibraltar","GI","GIB",2002,"","2026-01-28",27831,80.59,"Europe & Central Asia","","","","High income","Not classified"
"Gibraltar","GI","GIB",2000,"","2026-01-28",27709,80.145,"Europe & Central Asia","","","","High income","Not classified"
"Gibraltar","GI","GIB",2011,"","2026-01-28",31660,82.333,"Europe & Central Asia","","","","High income","Not classified"
"Gibraltar","GI","GIB",2012,"","2026-01-28",32029,82.527,"Europe & Central Asia","","","","High income","Not classified"
"Gibraltar","GI","GIB",2021,"","2026-01-28",36858,80.274,"Europe & Central Asia","","","","High income","Not classified"
"Gibraltar","GI","GIB",2013,"","2026-01-28",32407,82.586,"Europe & Central Asia","","","","High income","Not classified"
"Gibraltar","GI","GIB",2014,"","2026-01-28",32813,82.644,"Europe & Central Asia","","","","High income","Not classified"
"Gibraltar","GI","GIB",2015,"","2026-01-28",33193,82.668,"Europe & Central Asia","","","","High income","Not classified"
"Gibraltar","GI","GIB",2016,"","2026-01-28",33658,82.741,"Europe & Central Asia","","","","High income","Not classified"
"Gibraltar","GI","GIB",2009,"","2026-01-28",30823,81.807,"Europe & Central Asia","","","","High income","Not classified"
"Gibraltar","GI","GIB",2007,"","2026-01-28",30006,81.269,"Europe & Central Asia","","","","High income","Not classified"
"Gibraltar","GI","GIB",2004,"","2026-01-28",28715,80.856,"Europe & Central Asia","","","","High income","Not classified"
"Gibraltar","GI","GIB",2005,"","2026-01-28",29163,80.991,"Europe & Central Asia","","","","High income","Not classified"
"Gibraltar","GI","GIB",2017,"","2026-01-28",34245,82.858,"Europe & Central Asia","","","","High income","Not classified"
"Gibraltar","GI","GIB",2010,"","2026-01-28",31248,82.08,"Europe & Central Asia","","","","High income","Not classified"
"Gibraltar","GI","GIB",2019,"","2026-01-28",35494,83.183,"Europe & Central Asia","","","","High income","Not classified"
"Gibraltar","GI","GIB",2020,"","2026-01-28",36173,83.07,"Europe & Central Asia","","","","High income","Not classified"
"Gibraltar","GI","GIB",2022,"","2026-01-28",37609,83.517,"Europe & Central Asia","","","","High income","Not classified"
"Gibraltar","GI","GIB",2023,"","2026-01-28",38471,83.553,"Europe & Central Asia","","","","High income","Not classified"
"Gibraltar","GI","GIB",2024,"","2026-01-28",39329,NA,"Europe & Central Asia","","","","High income","Not classified"
"Gibraltar","GI","GIB",2003,"","2026-01-28",28274,80.713,"Europe & Central Asia","","","","High income","Not classified"
"Gibraltar","GI","GIB",2018,"","2026-01-28",34854,83.028,"Europe & Central Asia","","","","High income","Not classified"
"Gibraltar","GI","GIB",2006,"","2026-01-28",29594,81.103,"Europe & Central Asia","","","","High income","Not classified"
"Greece","GR","GRC",2016,"","2026-01-28",10775971,81.3878048780488,"Europe & Central Asia","Athens","23.7166","37.9792","High income","Not classified"
"Greece","GR","GRC",2011,"","2026-01-28",11104899,80.7317073170732,"Europe & Central Asia","Athens","23.7166","37.9792","High income","Not classified"
"Greece","GR","GRC",2002,"","2026-01-28",10902022,78.6414634146341,"Europe & Central Asia","Athens","23.7166","37.9792","High income","Not classified"
"Greece","GR","GRC",2015,"","2026-01-28",10820883,81.0365853658537,"Europe & Central Asia","Athens","23.7166","37.9792","High income","Not classified"
"Greece","GR","GRC",2021,"","2026-01-28",10569207,80.0829268292683,"Europe & Central Asia","Athens","23.7166","37.9792","High income","Not classified"
"Greece","GR","GRC",2019,"","2026-01-28",10721582,81.6390243902439,"Europe & Central Asia","Athens","23.7166","37.9792","High income","Not classified"
"Greece","GR","GRC",2023,"","2026-01-28",10407351,81.5365853658537,"Europe & Central Asia","Athens","23.7166","37.9792","High income","Not classified"
"Greece","GR","GRC",2024,"","2026-01-28",10405134,NA,"Europe & Central Asia","Athens","23.7166","37.9792","High income","Not classified"
"Greece","GR","GRC",2012,"","2026-01-28",11045011,80.6341463414634,"Europe & Central Asia","Athens","23.7166","37.9792","High income","Not classified"
"Greece","GR","GRC",2013,"","2026-01-28",10965211,81.2853658536585,"Europe & Central Asia","Athens","23.7166","37.9792","High income","Not classified"
"Greece","GR","GRC",2014,"","2026-01-28",10892413,81.3853658536585,"Europe & Central Asia","Athens","23.7166","37.9792","High income","Not classified"
"Greece","GR","GRC",2000,"","2026-01-28",10805808,77.8878048780488,"Europe & Central Asia","Athens","23.7166","37.9792","High income","Not classified"
"Greece","GR","GRC",2001,"","2026-01-28",10862132,78.3878048780488,"Europe & Central Asia","Athens","23.7166","37.9792","High income","Not classified"
"Greece","GR","GRC",2018,"","2026-01-28",10732882,81.7878048780488,"Europe & Central Asia","Athens","23.7166","37.9792","High income","Not classified"
"Greece","GR","GRC",2017,"","2026-01-28",10754679,81.2878048780488,"Europe & Central Asia","Athens","23.7166","37.9792","High income","Not classified"
"Greece","GR","GRC",2020,"","2026-01-28",10698599,81.2878048780488,"Europe & Central Asia","Athens","23.7166","37.9792","High income","Not classified"
"Greece","GR","GRC",2007,"","2026-01-28",11048473,79.4390243902439,"Europe & Central Asia","Athens","23.7166","37.9792","High income","Not classified"
"Greece","GR","GRC",2008,"","2026-01-28",11077841,79.9390243902439,"Europe & Central Asia","Athens","23.7166","37.9792","High income","Not classified"
"Greece","GR","GRC",2022,"","2026-01-28",10436882,80.7878048780488,"Europe & Central Asia","Athens","23.7166","37.9792","High income","Not classified"
"Greece","GR","GRC",2010,"","2026-01-28",11121341,80.3878048780488,"Europe & Central Asia","Athens","23.7166","37.9792","High income","Not classified"
"Greece","GR","GRC",2004,"","2026-01-28",10955141,79.0390243902439,"Europe & Central Asia","Athens","23.7166","37.9792","High income","Not classified"
"Greece","GR","GRC",2005,"","2026-01-28",10987314,79.2390243902439,"Europe & Central Asia","Athens","23.7166","37.9792","High income","Not classified"
"Greece","GR","GRC",2006,"","2026-01-28",11020362,79.4390243902439,"Europe & Central Asia","Athens","23.7166","37.9792","High income","Not classified"
"Greece","GR","GRC",2003,"","2026-01-28",10928070,78.8414634146341,"Europe & Central Asia","Athens","23.7166","37.9792","High income","Not classified"
"Greece","GR","GRC",2009,"","2026-01-28",11107017,80.1878048780488,"Europe & Central Asia","Athens","23.7166","37.9792","High income","Not classified"
"Greenland","GL","GRL",2008,"","2026-01-28",56328,69.37,"Europe & Central Asia","Nuuk","-51.7214","64.1836","High income","Not classified"
"Greenland","GL","GRL",2009,"","2026-01-28",56323,69.779512195122,"Europe & Central Asia","Nuuk","-51.7214","64.1836","High income","Not classified"
"Greenland","GL","GRL",2000,"","2026-01-28",56185,66.0990243902439,"Europe & Central Asia","Nuuk","-51.7214","64.1836","High income","Not classified"
"Greenland","GL","GRL",2002,"","2026-01-28",56595,66.6117073170732,"Europe & Central Asia","Nuuk","-51.7214","64.1836","High income","Not classified"
"Greenland","GL","GRL",2003,"","2026-01-28",56751,67.1817073170732,"Europe & Central Asia","Nuuk","-51.7214","64.1836","High income","Not classified"
"Greenland","GL","GRL",2017,"","2026-01-28",56172,71.9321951219512,"Europe & Central Asia","Nuuk","-51.7214","64.1836","High income","Not classified"
"Greenland","GL","GRL",2001,"","2026-01-28",56379,66.1965853658537,"Europe & Central Asia","Nuuk","-51.7214","64.1836","High income","Not classified"
"Greenland","GL","GRL",2007,"","2026-01-28",56555,69.0482926829268,"Europe & Central Asia","Nuuk","-51.7214","64.1836","High income","Not classified"
"Greenland","GL","GRL",2013,"","2026-01-28",56483,70.8385365853659,"Europe & Central Asia","Nuuk","-51.7214","64.1836","High income","Not classified"
"Greenland","GL","GRL",2014,"","2026-01-28",56295,71.0609756097561,"Europe & Central Asia","Nuuk","-51.7214","64.1836","High income","Not classified"
"Greenland","GL","GRL",2010,"","2026-01-28",56534,70.0807317073171,"Europe & Central Asia","Nuuk","-51.7214","64.1836","High income","Not classified"
"Greenland","GL","GRL",2012,"","2026-01-28",56810,70.5463414634146,"Europe & Central Asia","Nuuk","-51.7214","64.1836","High income","Not classified"
"Greenland","GL","GRL",2020,"","2026-01-28",56367,71.8507317073171,"Europe & Central Asia","Nuuk","-51.7214","64.1836","High income","Not classified"
"Greenland","GL","GRL",2021,"","2026-01-28",56653,71.8139024390244,"Europe & Central Asia","Nuuk","-51.7214","64.1836","High income","Not classified"
"Greenland","GL","GRL",2015,"","2026-01-28",56114,71.4790243902439,"Europe & Central Asia","Nuuk","-51.7214","64.1836","High income","Not classified"
"Greenland","GL","GRL",2018,"","2026-01-28",56023,71.9675609756098,"Europe & Central Asia","Nuuk","-51.7214","64.1836","High income","Not classified"
"Greenland","GL","GRL",2006,"","2026-01-28",56775,68.6165853658537,"Europe & Central Asia","Nuuk","-51.7214","64.1836","High income","Not classified"
"Greenland","GL","GRL",2011,"","2026-01-28",56890,70.2648780487805,"Europe & Central Asia","Nuuk","-51.7214","64.1836","High income","Not classified"
"Greenland","GL","GRL",2022,"","2026-01-28",56661,71.5404878048781,"Europe & Central Asia","Nuuk","-51.7214","64.1836","High income","Not classified"
"Greenland","GL","GRL",2024,"","2026-01-28",56836,NA,"Europe & Central Asia","Nuuk","-51.7214","64.1836","High income","Not classified"
"Greenland","GL","GRL",2016,"","2026-01-28",56186,71.8385365853659,"Europe & Central Asia","Nuuk","-51.7214","64.1836","High income","Not classified"
"Greenland","GL","GRL",2004,"","2026-01-28",56898,67.7263414634146,"Europe & Central Asia","Nuuk","-51.7214","64.1836","High income","Not classified"
"Greenland","GL","GRL",2005,"","2026-01-28",56935,68.2351219512195,"Europe & Central Asia","Nuuk","-51.7214","64.1836","High income","Not classified"
"Greenland","GL","GRL",2023,"","2026-01-28",56865,71.549756097561,"Europe & Central Asia","Nuuk","-51.7214","64.1836","High income","Not classified"
"Greenland","GL","GRL",2019,"","2026-01-28",56225,71.9443902439024,"Europe & Central Asia","Nuuk","-51.7214","64.1836","High income","Not classified"
"Grenada","GD","GRD",2004,"","2026-01-28",109323,72.447,"Latin America & Caribbean","Saint George's","-61.7449","12.0653","Upper middle income","Blend"
"Grenada","GD","GRD",2016,"","2026-01-28",115130,75.01,"Latin America & Caribbean","Saint George's","-61.7449","12.0653","Upper middle income","Blend"
"Grenada","GD","GRD",2017,"","2026-01-28",115438,74.977,"Latin America & Caribbean","Saint George's","-61.7449","12.0653","Upper middle income","Blend"
"Grenada","GD","GRD",2002,"","2026-01-28",108404,73.142,"Latin America & Caribbean","Saint George's","-61.7449","12.0653","Upper middle income","Blend"
"Grenada","GD","GRD",2011,"","2026-01-28",112079,74.861,"Latin America & Caribbean","Saint George's","-61.7449","12.0653","Upper middle income","Blend"
"Grenada","GD","GRD",2008,"","2026-01-28",110896,74.374,"Latin America & Caribbean","Saint George's","-61.7449","12.0653","Upper middle income","Blend"
"Grenada","GD","GRD",2005,"","2026-01-28",109734,73.7,"Latin America & Caribbean","Saint George's","-61.7449","12.0653","Upper middle income","Blend"
"Grenada","GD","GRD",2006,"","2026-01-28",110135,73.93,"Latin America & Caribbean","Saint George's","-61.7449","12.0653","Upper middle income","Blend"
"Grenada","GD","GRD",2015,"","2026-01-28",114676,75.037,"Latin America & Caribbean","Saint George's","-61.7449","12.0653","Upper middle income","Blend"
"Grenada","GD","GRD",2001,"","2026-01-28",107987,73.034,"Latin America & Caribbean","Saint George's","-61.7449","12.0653","Upper middle income","Blend"
"Grenada","GD","GRD",2009,"","2026-01-28",111254,74.567,"Latin America & Caribbean","Saint George's","-61.7449","12.0653","Upper middle income","Blend"
"Grenada","GD","GRD",2003,"","2026-01-28",108884,73.291,"Latin America & Caribbean","Saint George's","-61.7449","12.0653","Upper middle income","Blend"
"Grenada","GD","GRD",2020,"","2026-01-28",116341,75.019,"Latin America & Caribbean","Saint George's","-61.7449","12.0653","Upper middle income","Blend"
"Grenada","GD","GRD",2007,"","2026-01-28",110522,74.159,"Latin America & Caribbean","Saint George's","-61.7449","12.0653","Upper middle income","Blend"
"Grenada","GD","GRD",2018,"","2026-01-28",115691,74.957,"Latin America & Caribbean","Saint George's","-61.7449","12.0653","Upper middle income","Blend"
"Grenada","GD","GRD",2019,"","2026-01-28",115981,74.971,"Latin America & Caribbean","Saint George's","-61.7449","12.0653","Upper middle income","Blend"
"Grenada","GD","GRD",2014,"","2026-01-28",114132,75.045,"Latin America & Caribbean","Saint George's","-61.7449","12.0653","Upper middle income","Blend"
"Grenada","GD","GRD",2010,"","2026-01-28",111586,74.731,"Latin America & Caribbean","Saint George's","-61.7449","12.0653","Upper middle income","Blend"
"Grenada","GD","GRD",2024,"","2026-01-28",117207,NA,"Latin America & Caribbean","Saint George's","-61.7449","12.0653","Upper middle income","Blend"
"Grenada","GD","GRD",2013,"","2026-01-28",113487,75.022,"Latin America & Caribbean","Saint George's","-61.7449","12.0653","Upper middle income","Blend"
"Grenada","GD","GRD",2021,"","2026-01-28",116688,74.522,"Latin America & Caribbean","Saint George's","-61.7449","12.0653","Upper middle income","Blend"
"Grenada","GD","GRD",2000,"","2026-01-28",107451,72.955,"Latin America & Caribbean","Saint George's","-61.7449","12.0653","Upper middle income","Blend"
"Grenada","GD","GRD",2012,"","2026-01-28",112775,74.961,"Latin America & Caribbean","Saint George's","-61.7449","12.0653","Upper middle income","Blend"
"Grenada","GD","GRD",2022,"","2026-01-28",116913,75.151,"Latin America & Caribbean","Saint George's","-61.7449","12.0653","Upper middle income","Blend"
"Grenada","GD","GRD",2023,"","2026-01-28",117081,75.205,"Latin America & Caribbean","Saint George's","-61.7449","12.0653","Upper middle income","Blend"
"Guam","GU","GUM",2018,"","2026-01-28",162679,76.561,"East Asia & Pacific","Agana","144.794","13.4443","High income","Not classified"
"Guam","GU","GUM",2020,"","2026-01-28",162158,75.529,"East Asia & Pacific","Agana","144.794","13.4443","High income","Not classified"
"Guam","GU","GUM",2021,"","2026-01-28",163730,75.434,"East Asia & Pacific","Agana","144.794","13.4443","High income","Not classified"
"Guam","GU","GUM",2016,"","2026-01-28",164233,76.449,"East Asia & Pacific","Agana","144.794","13.4443","High income","Not classified"
"Guam","GU","GUM",2019,"","2026-01-28",161808,76.645,"East Asia & Pacific","Agana","144.794","13.4443","High income","Not classified"
"Guam","GU","GUM",2008,"","2026-01-28",165693,76.233,"East Asia & Pacific","Agana","144.794","13.4443","High income","Not classified"
"Guam","GU","GUM",2015,"","2026-01-28",164905,76.444,"East Asia & Pacific","Agana","144.794","13.4443","High income","Not classified"
"Guam","GU","GUM",2023,"","2026-01-28",166506,77.209,"East Asia & Pacific","Agana","144.794","13.4443","High income","Not classified"
"Guam","GU","GUM",2024,"","2026-01-28",167777,NA,"East Asia & Pacific","Agana","144.794","13.4443","High income","Not classified"
"Guam","GU","GUM",2013,"","2026-01-28",165966,76.361,"East Asia & Pacific","Agana","144.794","13.4443","High income","Not classified"
"Guam","GU","GUM",2022,"","2026-01-28",165180,77.102,"East Asia & Pacific","Agana","144.794","13.4443","High income","Not classified"
"Guam","GU","GUM",2001,"","2026-01-28",161329,75.195,"East Asia & Pacific","Agana","144.794","13.4443","High income","Not classified"
"Guam","GU","GUM",2002,"","2026-01-28",162315,75.506,"East Asia & Pacific","Agana","144.794","13.4443","High income","Not classified"
"Guam","GU","GUM",2003,"","2026-01-28",163137,75.885,"East Asia & Pacific","Agana","144.794","13.4443","High income","Not classified"
"Guam","GU","GUM",2017,"","2026-01-28",163490,76.463,"East Asia & Pacific","Agana","144.794","13.4443","High income","Not classified"
"Guam","GU","GUM",2004,"","2026-01-28",163810,76.114,"East Asia & Pacific","Agana","144.794","13.4443","High income","Not classified"
"Guam","GU","GUM",2005,"","2026-01-28",164365,76.427,"East Asia & Pacific","Agana","144.794","13.4443","High income","Not classified"
"Guam","GU","GUM",2006,"","2026-01-28",164839,76.477,"East Asia & Pacific","Agana","144.794","13.4443","High income","Not classified"
"Guam","GU","GUM",2007,"","2026-01-28",165267,76.397,"East Asia & Pacific","Agana","144.794","13.4443","High income","Not classified"
"Guam","GU","GUM",2014,"","2026-01-28",165486,76.423,"East Asia & Pacific","Agana","144.794","13.4443","High income","Not classified"
"Guam","GU","GUM",2010,"","2026-01-28",166522,76.095,"East Asia & Pacific","Agana","144.794","13.4443","High income","Not classified"
"Guam","GU","GUM",2011,"","2026-01-28",166543,76.153,"East Asia & Pacific","Agana","144.794","13.4443","High income","Not classified"
"Guam","GU","GUM",2012,"","2026-01-28",166331,76.237,"East Asia & Pacific","Agana","144.794","13.4443","High income","Not classified"
"Guam","GU","GUM",2000,"","2026-01-28",160065,74.894,"East Asia & Pacific","Agana","144.794","13.4443","High income","Not classified"
"Guam","GU","GUM",2009,"","2026-01-28",166173,76.141,"East Asia & Pacific","Agana","144.794","13.4443","High income","Not classified"
"Guatemala","GT","GTM",2000,"","2026-01-28",11697592,67.102,"Latin America & Caribbean","Guatemala City","-90.5328","14.6248","Upper middle income","IBRD"
"Guatemala","GT","GTM",2008,"","2026-01-28",13935174,69.493,"Latin America & Caribbean","Guatemala City","-90.5328","14.6248","Upper middle income","IBRD"
"Guatemala","GT","GTM",2009,"","2026-01-28",14215611,69.676,"Latin America & Caribbean","Guatemala City","-90.5328","14.6248","Upper middle income","IBRD"
"Guatemala","GT","GTM",2016,"","2026-01-28",16268760,71.215,"Latin America & Caribbean","Guatemala City","-90.5328","14.6248","Upper middle income","IBRD"
"Guatemala","GT","GTM",2007,"","2026-01-28",13652040,69.299,"Latin America & Caribbean","Guatemala City","-90.5328","14.6248","Upper middle income","IBRD"
"Guatemala","GT","GTM",2011,"","2026-01-28",14792126,70.321,"Latin America & Caribbean","Guatemala City","-90.5328","14.6248","Upper middle income","IBRD"
"Guatemala","GT","GTM",2012,"","2026-01-28",15089647,70.722,"Latin America & Caribbean","Guatemala City","-90.5328","14.6248","Upper middle income","IBRD"
"Guatemala","GT","GTM",2021,"","2026-01-28",17598650,67.858,"Latin America & Caribbean","Guatemala City","-90.5328","14.6248","Upper middle income","IBRD"
"Guatemala","GT","GTM",2010,"","2026-01-28",14500112,69.885,"Latin America & Caribbean","Guatemala City","-90.5328","14.6248","Upper middle income","IBRD"
"Guatemala","GT","GTM",2002,"","2026-01-28",12246915,67.835,"Latin America & Caribbean","Guatemala City","-90.5328","14.6248","Upper middle income","IBRD"
"Guatemala","GT","GTM",2003,"","2026-01-28",12525842,68.204,"Latin America & Caribbean","Guatemala City","-90.5328","14.6248","Upper middle income","IBRD"
"Guatemala","GT","GTM",2005,"","2026-01-28",13087629,68.167,"Latin America & Caribbean","Guatemala City","-90.5328","14.6248","Upper middle income","IBRD"
"Guatemala","GT","GTM",2006,"","2026-01-28",13367459,68.79,"Latin America & Caribbean","Guatemala City","-90.5328","14.6248","Upper middle income","IBRD"
"Guatemala","GT","GTM",2017,"","2026-01-28",16567357,71.583,"Latin America & Caribbean","Guatemala City","-90.5328","14.6248","Upper middle income","IBRD"
"Guatemala","GT","GTM",2014,"","2026-01-28",15681725,70.942,"Latin America & Caribbean","Guatemala City","-90.5328","14.6248","Upper middle income","IBRD"
"Guatemala","GT","GTM",2015,"","2026-01-28",15971743,70.915,"Latin America & Caribbean","Guatemala City","-90.5328","14.6248","Upper middle income","IBRD"
"Guatemala","GT","GTM",2020,"","2026-01-28",17357325,69.971,"Latin America & Caribbean","Guatemala City","-90.5328","14.6248","Upper middle income","IBRD"
"Guatemala","GT","GTM",2001,"","2026-01-28",11969422,67.436,"Latin America & Caribbean","Guatemala City","-90.5328","14.6248","Upper middle income","IBRD"
"Guatemala","GT","GTM",2018,"","2026-01-28",16845685,71.496,"Latin America & Caribbean","Guatemala City","-90.5328","14.6248","Upper middle income","IBRD"
"Guatemala","GT","GTM",2019,"","2026-01-28",17103803,71.639,"Latin America & Caribbean","Guatemala City","-90.5328","14.6248","Upper middle income","IBRD"
"Guatemala","GT","GTM",2024,"","2026-01-28",18406359,NA,"Latin America & Caribbean","Guatemala City","-90.5328","14.6248","Upper middle income","IBRD"
"Guatemala","GT","GTM",2004,"","2026-01-28",12807402,68.245,"Latin America & Caribbean","Guatemala City","-90.5328","14.6248","Upper middle income","IBRD"
"Guatemala","GT","GTM",2022,"","2026-01-28",17847877,71.206,"Latin America & Caribbean","Guatemala City","-90.5328","14.6248","Upper middle income","IBRD"
"Guatemala","GT","GTM",2023,"","2026-01-28",18124838,72.602,"Latin America & Caribbean","Guatemala City","-90.5328","14.6248","Upper middle income","IBRD"
"Guatemala","GT","GTM",2013,"","2026-01-28",15387337,70.878,"Latin America & Caribbean","Guatemala City","-90.5328","14.6248","Upper middle income","IBRD"
"Guinea","GN","GIN",2019,"","2026-01-28",13034346,59.379,"Sub-Saharan Africa","Conakry","-13.7","9.51667","Lower middle income","IDA"
"Guinea","GN","GIN",2023,"","2026-01-28",14405468,60.74,"Sub-Saharan Africa","Conakry","-13.7","9.51667","Lower middle income","IDA"
"Guinea","GN","GIN",2002,"","2026-01-28",8674066,53.2,"Sub-Saharan Africa","Conakry","-13.7","9.51667","Lower middle income","IDA"
"Guinea","GN","GIN",2020,"","2026-01-28",13371183,59.35,"Sub-Saharan Africa","Conakry","-13.7","9.51667","Lower middle income","IDA"
"Guinea","GN","GIN",2024,"","2026-01-28",14754785,NA,"Sub-Saharan Africa","Conakry","-13.7","9.51667","Lower middle income","IDA"
"Guinea","GN","GIN",2012,"","2026-01-28",10921581,57.117,"Sub-Saharan Africa","Conakry","-13.7","9.51667","Lower middle income","IDA"
"Guinea","GN","GIN",2005,"","2026-01-28",9245844,54.422,"Sub-Saharan Africa","Conakry","-13.7","9.51667","Lower middle income","IDA"
"Guinea","GN","GIN",2007,"","2026-01-28",9662281,55.233,"Sub-Saharan Africa","Conakry","-13.7","9.51667","Lower middle income","IDA"
"Guinea","GN","GIN",2021,"","2026-01-28",13710513,59.373,"Sub-Saharan Africa","Conakry","-13.7","9.51667","Lower middle income","IDA"
"Guinea","GN","GIN",2022,"","2026-01-28",14055137,60.432,"Sub-Saharan Africa","Conakry","-13.7","9.51667","Lower middle income","IDA"
"Guinea","GN","GIN",2010,"","2026-01-28",10396086,56.431,"Sub-Saharan Africa","Conakry","-13.7","9.51667","Lower middle income","IDA"
"Guinea","GN","GIN",2013,"","2026-01-28",11191873,57.459,"Sub-Saharan Africa","Conakry","-13.7","9.51667","Lower middle income","IDA"
"Guinea","GN","GIN",2008,"","2026-01-28",9898870,55.703,"Sub-Saharan Africa","Conakry","-13.7","9.51667","Lower middle income","IDA"
"Guinea","GN","GIN",2009,"","2026-01-28",10143534,56.052,"Sub-Saharan Africa","Conakry","-13.7","9.51667","Lower middle income","IDA"
"Guinea","GN","GIN",2017,"","2026-01-28",12385659,58.715,"Sub-Saharan Africa","Conakry","-13.7","9.51667","Lower middle income","IDA"
"Guinea","GN","GIN",2018,"","2026-01-28",12704774,59.043,"Sub-Saharan Africa","Conakry","-13.7","9.51667","Lower middle income","IDA"
"Guinea","GN","GIN",2011,"","2026-01-28",10656810,56.778,"Sub-Saharan Africa","Conakry","-13.7","9.51667","Lower middle income","IDA"
"Guinea","GN","GIN",2003,"","2026-01-28",8870781,53.589,"Sub-Saharan Africa","Conakry","-13.7","9.51667","Lower middle income","IDA"
"Guinea","GN","GIN",2004,"","2026-01-28",9062726,53.975,"Sub-Saharan Africa","Conakry","-13.7","9.51667","Lower middle income","IDA"
"Guinea","GN","GIN",2000,"","2026-01-28",8428832,52.42,"Sub-Saharan Africa","Conakry","-13.7","9.51667","Lower middle income","IDA"
"Guinea","GN","GIN",2001,"","2026-01-28",8539960,52.669,"Sub-Saharan Africa","Conakry","-13.7","9.51667","Lower middle income","IDA"
"Guinea","GN","GIN",2006,"","2026-01-28",9441171,54.875,"Sub-Saharan Africa","Conakry","-13.7","9.51667","Lower middle income","IDA"
"Guinea","GN","GIN",2016,"","2026-01-28",12073030,58.49,"Sub-Saharan Africa","Conakry","-13.7","9.51667","Lower middle income","IDA"
"Guinea","GN","GIN",2014,"","2026-01-28",11472924,57.581,"Sub-Saharan Africa","Conakry","-13.7","9.51667","Lower middle income","IDA"
"Guinea","GN","GIN",2015,"","2026-01-28",11767070,57.899,"Sub-Saharan Africa","Conakry","-13.7","9.51667","Lower middle income","IDA"
"Guinea-Bissau","GW","GNB",2018,"","2026-01-28",1922168,61.652,"Sub-Saharan Africa","Bissau","-15.1804","11.8037","Low income","IDA"
"Guinea-Bissau","GW","GNB",2003,"","2026-01-28",1318806,52.186,"Sub-Saharan Africa","Bissau","-15.1804","11.8037","Low income","IDA"
"Guinea-Bissau","GW","GNB",2019,"","2026-01-28",1967696,62.161,"Sub-Saharan Africa","Bissau","-15.1804","11.8037","Low income","IDA"
"Guinea-Bissau","GW","GNB",2006,"","2026-01-28",1415303,54.089,"Sub-Saharan Africa","Bissau","-15.1804","11.8037","Low income","IDA"
"Guinea-Bissau","GW","GNB",2021,"","2026-01-28",2058841,61.653,"Sub-Saharan Africa","Bissau","-15.1804","11.8037","Low income","IDA"
"Guinea-Bissau","GW","GNB",2007,"","2026-01-28",1450986,54.87,"Sub-Saharan Africa","Bissau","-15.1804","11.8037","Low income","IDA"
"Guinea-Bissau","GW","GNB",2008,"","2026-01-28",1488054,55.3,"Sub-Saharan Africa","Bissau","-15.1804","11.8037","Low income","IDA"
"Guinea-Bissau","GW","GNB",2005,"","2026-01-28",1381585,52.949,"Sub-Saharan Africa","Bissau","-15.1804","11.8037","Low income","IDA"
"Guinea-Bissau","GW","GNB",2010,"","2026-01-28",1566347,56.999,"Sub-Saharan Africa","Bissau","-15.1804","11.8037","Low income","IDA"
"Guinea-Bissau","GW","GNB",2014,"","2026-01-28",1741122,59.476,"Sub-Saharan Africa","Bissau","-15.1804","11.8037","Low income","IDA"
"Guinea-Bissau","GW","GNB",2015,"","2026-01-28",1786457,60.071,"Sub-Saharan Africa","Bissau","-15.1804","11.8037","Low income","IDA"
"Guinea-Bissau","GW","GNB",2009,"","2026-01-28",1526377,56.297,"Sub-Saharan Africa","Bissau","-15.1804","11.8037","Low income","IDA"
"Guinea-Bissau","GW","GNB",2017,"","2026-01-28",1877072,61.148,"Sub-Saharan Africa","Bissau","-15.1804","11.8037","Low income","IDA"
"Guinea-Bissau","GW","GNB",2002,"","2026-01-28",1289307,51.608,"Sub-Saharan Africa","Bissau","-15.1804","11.8037","Low income","IDA"
"Guinea-Bissau","GW","GNB",2000,"","2026-01-28",1234741,50.565,"Sub-Saharan Africa","Bissau","-15.1804","11.8037","Low income","IDA"
"Guinea-Bissau","GW","GNB",2004,"","2026-01-28",1349563,52.8,"Sub-Saharan Africa","Bissau","-15.1804","11.8037","Low income","IDA"
"Guinea-Bissau","GW","GNB",2020,"","2026-01-28",2013255,61.343,"Sub-Saharan Africa","Bissau","-15.1804","11.8037","Low income","IDA"
"Guinea-Bissau","GW","GNB",2024,"","2026-01-28",2201352,NA,"Sub-Saharan Africa","Bissau","-15.1804","11.8037","Low income","IDA"
"Guinea-Bissau","GW","GNB",2013,"","2026-01-28",1695973,58.879,"Sub-Saharan Africa","Bissau","-15.1804","11.8037","Low income","IDA"
"Guinea-Bissau","GW","GNB",2022,"","2026-01-28",2105529,63.605,"Sub-Saharan Africa","Bissau","-15.1804","11.8037","Low income","IDA"
"Guinea-Bissau","GW","GNB",2023,"","2026-01-28",2153339,64.085,"Sub-Saharan Africa","Bissau","-15.1804","11.8037","Low income","IDA"
"Guinea-Bissau","GW","GNB",2001,"","2026-01-28",1261273,51.054,"Sub-Saharan Africa","Bissau","-15.1804","11.8037","Low income","IDA"
"Guinea-Bissau","GW","GNB",2011,"","2026-01-28",1608076,57.663,"Sub-Saharan Africa","Bissau","-15.1804","11.8037","Low income","IDA"
"Guinea-Bissau","GW","GNB",2016,"","2026-01-28",1831893,60.619,"Sub-Saharan Africa","Bissau","-15.1804","11.8037","Low income","IDA"
"Guinea-Bissau","GW","GNB",2012,"","2026-01-28",1651417,58.27,"Sub-Saharan Africa","Bissau","-15.1804","11.8037","Low income","IDA"
"Guyana","GY","GUY",2011,"","2026-01-28",746153,66.469,"Latin America & Caribbean","Georgetown","-58.1548","6.80461","High income","IDA"
"Guyana","GY","GUY",2004,"","2026-01-28",762418,64.214,"Latin America & Caribbean","Georgetown","-58.1548","6.80461","High income","IDA"
"Guyana","GY","GUY",2001,"","2026-01-28",764477,64.38,"Latin America & Caribbean","Georgetown","-58.1548","6.80461","High income","IDA"
"Guyana","GY","GUY",2002,"","2026-01-28",763652,64.183,"Latin America & Caribbean","Georgetown","-58.1548","6.80461","High income","IDA"
"Guyana","GY","GUY",2022,"","2026-01-28",821637,69.888,"Latin America & Caribbean","Georgetown","-58.1548","6.80461","High income","IDA"
"Guyana","GY","GUY",2012,"","2026-01-28",746288,66.443,"Latin America & Caribbean","Georgetown","-58.1548","6.80461","High income","IDA"
"Guyana","GY","GUY",2005,"","2026-01-28",760914,64.392,"Latin America & Caribbean","Georgetown","-58.1548","6.80461","High income","IDA"
"Guyana","GY","GUY",2014,"","2026-01-28",754229,67.334,"Latin America & Caribbean","Georgetown","-58.1548","6.80461","High income","IDA"
"Guyana","GY","GUY",2000,"","2026-01-28",764832,64.075,"Latin America & Caribbean","Georgetown","-58.1548","6.80461","High income","IDA"
"Guyana","GY","GUY",2003,"","2026-01-28",763101,64.117,"Latin America & Caribbean","Georgetown","-58.1548","6.80461","High income","IDA"
"Guyana","GY","GUY",2013,"","2026-01-28",750021,66.71,"Latin America & Caribbean","Georgetown","-58.1548","6.80461","High income","IDA"
"Guyana","GY","GUY",2016,"","2026-01-28",763548,68.069,"Latin America & Caribbean","Georgetown","-58.1548","6.80461","High income","IDA"
"Guyana","GY","GUY",2017,"","2026-01-28",768479,68.543,"Latin America & Caribbean","Georgetown","-58.1548","6.80461","High income","IDA"
"Guyana","GY","GUY",2006,"","2026-01-28",758966,64.848,"Latin America & Caribbean","Georgetown","-58.1548","6.80461","High income","IDA"
"Guyana","GY","GUY",2015,"","2026-01-28",758781,67.719,"Latin America & Caribbean","Georgetown","-58.1548","6.80461","High income","IDA"
"Guyana","GY","GUY",2009,"","2026-01-28",752094,66.03,"Latin America & Caribbean","Georgetown","-58.1548","6.80461","High income","IDA"
"Guyana","GY","GUY",2010,"","2026-01-28",749256,66.204,"Latin America & Caribbean","Georgetown","-58.1548","6.80461","High income","IDA"
"Guyana","GY","GUY",2020,"","2026-01-28",807481,67.751,"Latin America & Caribbean","Georgetown","-58.1548","6.80461","High income","IDA"
"Guyana","GY","GUY",2021,"","2026-01-28",815482,64.323,"Latin America & Caribbean","Georgetown","-58.1548","6.80461","High income","IDA"
"Guyana","GY","GUY",2023,"","2026-01-28",826353,70.18,"Latin America & Caribbean","Georgetown","-58.1548","6.80461","High income","IDA"
"Guyana","GY","GUY",2024,"","2026-01-28",831087,NA,"Latin America & Caribbean","Georgetown","-58.1548","6.80461","High income","IDA"
"Guyana","GY","GUY",2019,"","2026-01-28",807665,69.067,"Latin America & Caribbean","Georgetown","-58.1548","6.80461","High income","IDA"
"Guyana","GY","GUY",2007,"","2026-01-28",756861,65.462,"Latin America & Caribbean","Georgetown","-58.1548","6.80461","High income","IDA"
"Guyana","GY","GUY",2008,"","2026-01-28",754606,65.721,"Latin America & Caribbean","Georgetown","-58.1548","6.80461","High income","IDA"
"Guyana","GY","GUY",2018,"","2026-01-28",791556,68.829,"Latin America & Caribbean","Georgetown","-58.1548","6.80461","High income","IDA"
"Haiti","HT","HTI",2017,"","2026-01-28",10817754,63.832,"Latin America & Caribbean","Port-au-Prince","-72.3288","18.5392","Lower middle income","IDA"
"Haiti","HT","HTI",2015,"","2026-01-28",10523242,63.224,"Latin America & Caribbean","Port-au-Prince","-72.3288","18.5392","Lower middle income","IDA"
"Haiti","HT","HTI",2005,"","2026-01-28",9061273,60.318,"Latin America & Caribbean","Port-au-Prince","-72.3288","18.5392","Lower middle income","IDA"
"Haiti","HT","HTI",2018,"","2026-01-28",10962362,64.077,"Latin America & Caribbean","Port-au-Prince","-72.3288","18.5392","Lower middle income","IDA"
"Haiti","HT","HTI",2020,"","2026-01-28",11243848,63.773,"Latin America & Caribbean","Port-au-Prince","-72.3288","18.5392","Lower middle income","IDA"
"Haiti","HT","HTI",2022,"","2026-01-28",11503606,63.948,"Latin America & Caribbean","Port-au-Prince","-72.3288","18.5392","Lower middle income","IDA"
"Haiti","HT","HTI",2024,"","2026-01-28",11772557,NA,"Latin America & Caribbean","Port-au-Prince","-72.3288","18.5392","Lower middle income","IDA"
"Haiti","HT","HTI",2019,"","2026-01-28",11105163,64.328,"Latin America & Caribbean","Port-au-Prince","-72.3288","18.5392","Lower middle income","IDA"
"Haiti","HT","HTI",2013,"","2026-01-28",10222362,62.624,"Latin America & Caribbean","Port-au-Prince","-72.3288","18.5392","Lower middle income","IDA"
"Haiti","HT","HTI",2000,"","2026-01-28",8303151,58.175,"Latin America & Caribbean","Port-au-Prince","-72.3288","18.5392","Lower middle income","IDA"
"Haiti","HT","HTI",2016,"","2026-01-28",10671457,63.325,"Latin America & Caribbean","Port-au-Prince","-72.3288","18.5392","Lower middle income","IDA"
"Haiti","HT","HTI",2012,"","2026-01-28",10069771,62.273,"Latin America & Caribbean","Port-au-Prince","-72.3288","18.5392","Lower middle income","IDA"
"Haiti","HT","HTI",2002,"","2026-01-28",8607641,59.041,"Latin America & Caribbean","Port-au-Prince","-72.3288","18.5392","Lower middle income","IDA"
"Haiti","HT","HTI",2003,"","2026-01-28",8759912,59.44,"Latin America & Caribbean","Port-au-Prince","-72.3288","18.5392","Lower middle income","IDA"
"Haiti","HT","HTI",2004,"","2026-01-28",8910263,58.517,"Latin America & Caribbean","Port-au-Prince","-72.3288","18.5392","Lower middle income","IDA"
"Haiti","HT","HTI",2001,"","2026-01-28",8455918,58.591,"Latin America & Caribbean","Port-au-Prince","-72.3288","18.5392","Lower middle income","IDA"
"Haiti","HT","HTI",2007,"","2026-01-28",9373296,61.09,"Latin America & Caribbean","Port-au-Prince","-72.3288","18.5392","Lower middle income","IDA"
"Haiti","HT","HTI",2021,"","2026-01-28",11374586,62.613,"Latin America & Caribbean","Port-au-Prince","-72.3288","18.5392","Lower middle income","IDA"
"Haiti","HT","HTI",2010,"","2026-01-28",9803294,45.577,"Latin America & Caribbean","Port-au-Prince","-72.3288","18.5392","Lower middle income","IDA"
"Haiti","HT","HTI",2011,"","2026-01-28",9914904,61.581,"Latin America & Caribbean","Port-au-Prince","-72.3288","18.5392","Lower middle income","IDA"
"Haiti","HT","HTI",2023,"","2026-01-28",11637398,64.936,"Latin America & Caribbean","Port-au-Prince","-72.3288","18.5392","Lower middle income","IDA"
"Haiti","HT","HTI",2006,"","2026-01-28",9216562,60.74,"Latin America & Caribbean","Port-au-Prince","-72.3288","18.5392","Lower middle income","IDA"
"Haiti","HT","HTI",2008,"","2026-01-28",9530774,61.28,"Latin America & Caribbean","Port-au-Prince","-72.3288","18.5392","Lower middle income","IDA"
"Haiti","HT","HTI",2014,"","2026-01-28",10373235,62.969,"Latin America & Caribbean","Port-au-Prince","-72.3288","18.5392","Lower middle income","IDA"
"Haiti","HT","HTI",2009,"","2026-01-28",9689581,61.694,"Latin America & Caribbean","Port-au-Prince","-72.3288","18.5392","Lower middle income","IDA"
"Heavily indebted poor countries (HIPC)","XE","HPC",2010,"","2026-01-28",638796398,58.7324571528893,"Aggregates","","","","Aggregates","Aggregates"
"Heavily indebted poor countries (HIPC)","XE","HPC",2001,"","2026-01-28",495197350,53.5348860926679,"Aggregates","","","","Aggregates","Aggregates"
"Heavily indebted poor countries (HIPC)","XE","HPC",2002,"","2026-01-28",509679981,54.0577678602154,"Aggregates","","","","Aggregates","Aggregates"
"Heavily indebted poor countries (HIPC)","XE","HPC",2015,"","2026-01-28",735429414,61.561793936137,"Aggregates","","","","Aggregates","Aggregates"
"Heavily indebted poor countries (HIPC)","XE","HPC",2004,"","2026-01-28",539803501,55.1512913034256,"Aggregates","","","","Aggregates","Aggregates"
"Heavily indebted poor countries (HIPC)","XE","HPC",2005,"","2026-01-28",555358929,55.7773809734173,"Aggregates","","","","Aggregates","Aggregates"
"Heavily indebted poor countries (HIPC)","XE","HPC",2006,"","2026-01-28",571454590,56.5738226920515,"Aggregates","","","","Aggregates","Aggregates"
"Heavily indebted poor countries (HIPC)","XE","HPC",2021,"","2026-01-28",870930036,62.5313735700637,"Aggregates","","","","Aggregates","Aggregates"
"Heavily indebted poor countries (HIPC)","XE","HPC",2000,"","2026-01-28",481984327,53.0026707565576,"Aggregates","","","","Aggregates","Aggregates"
"Heavily indebted poor countries (HIPC)","XE","HPC",2023,"","2026-01-28",917304254,64.7159054177481,"Aggregates","","","","Aggregates","Aggregates"
"Heavily indebted poor countries (HIPC)","XE","HPC",2024,"","2026-01-28",941413026,NA,"Aggregates","","","","Aggregates","Aggregates"
"Heavily indebted poor countries (HIPC)","XE","HPC",2003,"","2026-01-28",524773987,54.6076004659831,"Aggregates","","","","Aggregates","Aggregates"
"Heavily indebted poor countries (HIPC)","XE","HPC",2014,"","2026-01-28",714769441,61.0402807980245,"Aggregates","","","","Aggregates","Aggregates"
"Heavily indebted poor countries (HIPC)","XE","HPC",2011,"","2026-01-28",656783491,59.230074734651,"Aggregates","","","","Aggregates","Aggregates"
"Heavily indebted poor countries (HIPC)","XE","HPC",2012,"","2026-01-28",675397557,60.0854649142786,"Aggregates","","","","Aggregates","Aggregates"
"Heavily indebted poor countries (HIPC)","XE","HPC",2013,"","2026-01-28",694622934,60.6282276656734,"Aggregates","","","","Aggregates","Aggregates"
"Heavily indebted poor countries (HIPC)","XE","HPC",2017,"","2026-01-28",779389964,62.3151956659401,"Aggregates","","","","Aggregates","Aggregates"
"Heavily indebted poor countries (HIPC)","XE","HPC",2022,"","2026-01-28",893906294,63.8404458555462,"Aggregates","","","","Aggregates","Aggregates"
"Heavily indebted poor countries (HIPC)","XE","HPC",2019,"","2026-01-28",824649053,63.0898004183278,"Aggregates","","","","Aggregates","Aggregates"
"Heavily indebted poor countries (HIPC)","XE","HPC",2016,"","2026-01-28",756895035,62.0038083727554,"Aggregates","","","","Aggregates","Aggregates"
"Heavily indebted poor countries (HIPC)","XE","HPC",2009,"","2026-01-28",621337653,58.2392037207183,"Aggregates","","","","Aggregates","Aggregates"
"Heavily indebted poor countries (HIPC)","XE","HPC",2018,"","2026-01-28",802020674,62.798544258222,"Aggregates","","","","Aggregates","Aggregates"
"Heavily indebted poor countries (HIPC)","XE","HPC",2020,"","2026-01-28",847743308,63.0726319690016,"Aggregates","","","","Aggregates","Aggregates"
"Heavily indebted poor countries (HIPC)","XE","HPC",2008,"","2026-01-28",604007702,57.8555615917543,"Aggregates","","","","Aggregates","Aggregates"
"Heavily indebted poor countries (HIPC)","XE","HPC",2007,"","2026-01-28",587432384,57.2459304003012,"Aggregates","","","","Aggregates","Aggregates"
"High income","XD","",2010,"","2026-01-28",1328657754,78.595698767804,NA,NA,NA,NA,NA,NA
"High income","XD","",2011,"","2026-01-28",1334557663,78.9211536869619,NA,NA,NA,NA,NA,NA
"High income","XD","",2012,"","2026-01-28",1342428400,79.0753647852261,NA,NA,NA,NA,NA,NA
"High income","XD","",2013,"","2026-01-28",1350149879,79.312724764351,NA,NA,NA,NA,NA,NA
"High income","XD","",2014,"","2026-01-28",1357496263,79.5654246205344,NA,NA,NA,NA,NA,NA
"High income","XD","",2015,"","2026-01-28",1366013614,79.5243746206717,NA,NA,NA,NA,NA,NA
"High income","XD","",2016,"","2026-01-28",1374284415,79.7243724353495,NA,NA,NA,NA,NA,NA
"High income","XD","",2017,"","2026-01-28",1380319892,79.8538410660347,NA,NA,NA,NA,NA,NA
"High income","XD","",2018,"","2026-01-28",1385103279,79.9668020572923,NA,NA,NA,NA,NA,NA
"High income","XD","",2019,"","2026-01-28",1389770301,80.1994263126691,NA,NA,NA,NA,NA,NA
"High income","XD","",2020,"","2026-01-28",1393472875,79.2043116686782,NA,NA,NA,NA,NA,NA
"High income","XD","",2005,"","2026-01-28",1289125857,77.1097253238474,NA,NA,NA,NA,NA,NA
"High income","XD","",2006,"","2026-01-28",1296891494,77.5423234217224,NA,NA,NA,NA,NA,NA
"High income","XD","",2007,"","2026-01-28",1305578110,77.8631478397578,NA,NA,NA,NA,NA,NA
"High income","XD","",2008,"","2026-01-28",1314671040,78.0528745698147,NA,NA,NA,NA,NA,NA
"High income","XD","",2009,"","2026-01-28",1322754052,78.405012546677,NA,NA,NA,NA,NA,NA
"High income","XD","",2004,"","2026-01-28",1282168195,76.9899666995342,NA,NA,NA,NA,NA,NA
"High income","XD","",2021,"","2026-01-28",1391814501,78.7999875245092,NA,NA,NA,NA,NA,NA
"High income","XD","",2022,"","2026-01-28",1398001706,79.4309739106372,NA,NA,NA,NA,NA,NA
"High income","XD","",2023,"","2026-01-28",1408190184,80.1498888009661,NA,NA,NA,NA,NA,NA
"High income","XD","",2000,"","2026-01-28",1255696330,76.0418137892099,NA,NA,NA,NA,NA,NA
"High income","XD","",2001,"","2026-01-28",1262093741,76.3147664315926,NA,NA,NA,NA,NA,NA
"High income","XD","",2002,"","2026-01-28",1268559564,76.4394570651819,NA,NA,NA,NA,NA,NA
"High income","XD","",2003,"","2026-01-28",1275200577,76.5483637518276,NA,NA,NA,NA,NA,NA
"High income","XD","",2024,"","2026-01-28",1417841927,NA,NA,NA,NA,NA,NA,NA
"Honduras","HN","HND",2007,"","2026-01-28",7834798,69.539,"Latin America & Caribbean","Tegucigalpa","-87.4667","15.1333","Lower middle income","IDA"
"Honduras","HN","HND",2019,"","2026-01-28",9943633,72.124,"Latin America & Caribbean","Tegucigalpa","-87.4667","15.1333","Lower middle income","IDA"
"Honduras","HN","HND",2011,"","2026-01-28",8540583,70.116,"Latin America & Caribbean","Tegucigalpa","-87.4667","15.1333","Lower middle income","IDA"
"Honduras","HN","HND",2021,"","2026-01-28",10289877,69.492,"Latin America & Caribbean","Tegucigalpa","-87.4667","15.1333","Lower middle income","IDA"
"Honduras","HN","HND",2002,"","2026-01-28",6938859,68.714,"Latin America & Caribbean","Tegucigalpa","-87.4667","15.1333","Lower middle income","IDA"
"Honduras","HN","HND",2022,"","2026-01-28",10463872,72.715,"Latin America & Caribbean","Tegucigalpa","-87.4667","15.1333","Lower middle income","IDA"
"Honduras","HN","HND",2023,"","2026-01-28",10644851,72.884,"Latin America & Caribbean","Tegucigalpa","-87.4667","15.1333","Lower middle income","IDA"
"Honduras","HN","HND",2024,"","2026-01-28",10825703,NA,"Latin America & Caribbean","Tegucigalpa","-87.4667","15.1333","Lower middle income","IDA"
"Honduras","HN","HND",2012,"","2026-01-28",8715076,70.46,"Latin America & Caribbean","Tegucigalpa","-87.4667","15.1333","Lower middle income","IDA"
"Honduras","HN","HND",2003,"","2026-01-28",7119213,68.874,"Latin America & Caribbean","Tegucigalpa","-87.4667","15.1333","Lower middle income","IDA"
"Honduras","HN","HND",2008,"","2026-01-28",8012587,69.657,"Latin America & Caribbean","Tegucigalpa","-87.4667","15.1333","Lower middle income","IDA"
"Honduras","HN","HND",2009,"","2026-01-28",8189899,69.823,"Latin America & Caribbean","Tegucigalpa","-87.4667","15.1333","Lower middle income","IDA"
"Honduras","HN","HND",2017,"","2026-01-28",9588137,71.805,"Latin America & Caribbean","Tegucigalpa","-87.4667","15.1333","Lower middle income","IDA"
"Honduras","HN","HND",2018,"","2026-01-28",9765210,72.001,"Latin America & Caribbean","Tegucigalpa","-87.4667","15.1333","Lower middle income","IDA"
"Honduras","HN","HND",2014,"","2026-01-28",9063122,71.032,"Latin America & Caribbean","Tegucigalpa","-87.4667","15.1333","Lower middle income","IDA"
"Honduras","HN","HND",2000,"","2026-01-28",6577773,68.302,"Latin America & Caribbean","Tegucigalpa","-87.4667","15.1333","Lower middle income","IDA"
"Honduras","HN","HND",2001,"","2026-01-28",6757993,68.491,"Latin America & Caribbean","Tegucigalpa","-87.4667","15.1333","Lower middle income","IDA"
"Honduras","HN","HND",2006,"","2026-01-28",7656832,69.364,"Latin America & Caribbean","Tegucigalpa","-87.4667","15.1333","Lower middle income","IDA"
"Honduras","HN","HND",2020,"","2026-01-28",10119640,70.864,"Latin America & Caribbean","Tegucigalpa","-87.4667","15.1333","Lower middle income","IDA"
"Honduras","HN","HND",2004,"","2026-01-28",7298994,69.05,"Latin America & Caribbean","Tegucigalpa","-87.4667","15.1333","Lower middle income","IDA"
"Honduras","HN","HND",2005,"","2026-01-28",7478355,69.198,"Latin America & Caribbean","Tegucigalpa","-87.4667","15.1333","Lower middle income","IDA"
"Honduras","HN","HND",2016,"","2026-01-28",9412380,71.615,"Latin America & Caribbean","Tegucigalpa","-87.4667","15.1333","Lower middle income","IDA"
"Honduras","HN","HND",2013,"","2026-01-28",8889278,70.765,"Latin America & Caribbean","Tegucigalpa","-87.4667","15.1333","Lower middle income","IDA"
"Honduras","HN","HND",2015,"","2026-01-28",9237305,71.323,"Latin America & Caribbean","Tegucigalpa","-87.4667","15.1333","Lower middle income","IDA"
"Honduras","HN","HND",2010,"","2026-01-28",8365878,69.77,"Latin America & Caribbean","Tegucigalpa","-87.4667","15.1333","Lower middle income","IDA"
"Hong Kong SAR, China","HK","HKG",2001,"","2026-01-28",6714300,81.4192682926829,"East Asia & Pacific","","114.109","22.3964","High income","Not classified"
"Hong Kong SAR, China","HK","HKG",2000,"","2026-01-28",6665000,80.8731707317073,"East Asia & Pacific","","114.109","22.3964","High income","Not classified"
"Hong Kong SAR, China","HK","HKG",2009,"","2026-01-28",6972800,82.7751219512195,"East Asia & Pacific","","114.109","22.3964","High income","Not classified"
"Hong Kong SAR, China","HK","HKG",2006,"","2026-01-28",6857100,82.3848780487805,"East Asia & Pacific","","114.109","22.3964","High income","Not classified"
"Hong Kong SAR, China","HK","HKG",2010,"","2026-01-28",7024200,82.9575609756098,"East Asia & Pacific","","114.109","22.3964","High income","Not classified"
"Hong Kong SAR, China","HK","HKG",2011,"","2026-01-28",7071600,83.4119512195122,"East Asia & Pacific","","114.109","22.3964","High income","Not classified"
"Hong Kong SAR, China","HK","HKG",2021,"","2026-01-28",7413100,85.5326829268293,"East Asia & Pacific","","114.109","22.3964","High income","Not classified"
"Hong Kong SAR, China","HK","HKG",2002,"","2026-01-28",6744100,81.4521951219512,"East Asia & Pacific","","114.109","22.3964","High income","Not classified"
"Hong Kong SAR, China","HK","HKG",2003,"","2026-01-28",6730800,81.3434146341464,"East Asia & Pacific","","114.109","22.3964","High income","Not classified"
"Hong Kong SAR, China","HK","HKG",2004,"","2026-01-28",6783500,81.7992682926829,"East Asia & Pacific","","114.109","22.3964","High income","Not classified"
"Hong Kong SAR, China","HK","HKG",2012,"","2026-01-28",7150100,83.450243902439,"East Asia & Pacific","","114.109","22.3964","High income","Not classified"
"Hong Kong SAR, China","HK","HKG",2005,"","2026-01-28",6813200,81.6090243902439,"East Asia & Pacific","","114.109","22.3964","High income","Not classified"
"Hong Kong SAR, China","HK","HKG",2007,"","2026-01-28",6916300,82.3668292682927,"East Asia & Pacific","","114.109","22.3964","High income","Not classified"
"Hong Kong SAR, China","HK","HKG",2008,"","2026-01-28",6957800,82.3404878048781,"East Asia & Pacific","","114.109","22.3964","High income","Not classified"
"Hong Kong SAR, China","HK","HKG",2020,"","2026-01-28",7481000,85.4963414634146,"East Asia & Pacific","","114.109","22.3964","High income","Not classified"
"Hong Kong SAR, China","HK","HKG",2022,"","2026-01-28",7346100,83.6609756097561,"East Asia & Pacific","","114.109","22.3964","High income","Not classified"
"Hong Kong SAR, China","HK","HKG",2023,"","2026-01-28",7536100,85.2473170731707,"East Asia & Pacific","","114.109","22.3964","High income","Not classified"
"Hong Kong SAR, China","HK","HKG",2013,"","2026-01-28",7178900,83.8312195121951,"East Asia & Pacific","","114.109","22.3964","High income","Not classified"
"Hong Kong SAR, China","HK","HKG",2014,"","2026-01-28",7229500,83.9356097560976,"East Asia & Pacific","","114.109","22.3964","High income","Not classified"
"Hong Kong SAR, China","HK","HKG",2017,"","2026-01-28",7393200,84.6956097560976,"East Asia & Pacific","","114.109","22.3964","High income","Not classified"
"Hong Kong SAR, China","HK","HKG",2018,"","2026-01-28",7452600,84.869756097561,"East Asia & Pacific","","114.109","22.3964","High income","Not classified"
"Hong Kong SAR, China","HK","HKG",2016,"","2026-01-28",7336600,84.2114634146342,"East Asia & Pacific","","114.109","22.3964","High income","Not classified"
"Hong Kong SAR, China","HK","HKG",2019,"","2026-01-28",7507900,85.1558536585366,"East Asia & Pacific","","114.109","22.3964","High income","Not classified"
"Hong Kong SAR, China","HK","HKG",2015,"","2026-01-28",7291300,84.2526829268293,"East Asia & Pacific","","114.109","22.3964","High income","Not classified"
"Hong Kong SAR, China","HK","HKG",2024,"","2026-01-28",7524100,NA,"East Asia & Pacific","","114.109","22.3964","High income","Not classified"
"Hungary","HU","HUN",2012,"","2026-01-28",9920362,75.0634146341463,"Europe & Central Asia","Budapest","19.0408","47.4984","High income","Not classified"
"Hungary","HU","HUN",2011,"","2026-01-28",9971727,74.8585365853659,"Europe & Central Asia","Budapest","19.0408","47.4984","High income","Not classified"
"Hungary","HU","HUN",2010,"","2026-01-28",10000023,74.2073170731707,"Europe & Central Asia","Budapest","19.0408","47.4984","High income","Not classified"
"Hungary","HU","HUN",2008,"","2026-01-28",10038188,73.7024390243903,"Europe & Central Asia","Budapest","19.0408","47.4984","High income","Not classified"
"Hungary","HU","HUN",2013,"","2026-01-28",9872734,75.5658536585366,"Europe & Central Asia","Budapest","19.0408","47.4984","High income","Not classified"
"Hungary","HU","HUN",2014,"","2026-01-28",9833038,75.7634146341463,"Europe & Central Asia","Budapest","19.0408","47.4984","High income","Not classified"
"Hungary","HU","HUN",2000,"","2026-01-28",10210971,71.2463414634146,"Europe & Central Asia","Budapest","19.0408","47.4984","High income","Not classified"
"Hungary","HU","HUN",2015,"","2026-01-28",9797755,75.5682926829269,"Europe & Central Asia","Budapest","19.0408","47.4984","High income","Not classified"
"Hungary","HU","HUN",2009,"","2026-01-28",10022650,73.9048780487805,"Europe & Central Asia","Budapest","19.0408","47.4984","High income","Not classified"
"Hungary","HU","HUN",2022,"","2026-01-28",9605074,75.8682926829268,"Europe & Central Asia","Budapest","19.0408","47.4984","High income","Not classified"
"Hungary","HU","HUN",2023,"","2026-01-28",9592186,76.7707317073171,"Europe & Central Asia","Budapest","19.0408","47.4984","High income","Not classified"
"Hungary","HU","HUN",2018,"","2026-01-28",9706964,76.0658536585366,"Europe & Central Asia","Budapest","19.0408","47.4984","High income","Not classified"
"Hungary","HU","HUN",2016,"","2026-01-28",9759755,76.0634146341464,"Europe & Central Asia","Budapest","19.0408","47.4984","High income","Not classified"
"Hungary","HU","HUN",2003,"","2026-01-28",10129552,72.3,"Europe & Central Asia","Budapest","19.0408","47.4984","High income","Not classified"
"Hungary","HU","HUN",2017,"","2026-01-28",9726756,75.8170731707317,"Europe & Central Asia","Budapest","19.0408","47.4984","High income","Not classified"
"Hungary","HU","HUN",2024,"","2026-01-28",9562065,NA,"Europe & Central Asia","Budapest","19.0408","47.4984","High income","Not classified"
"Hungary","HU","HUN",2001,"","2026-01-28",10187576,72.2487804878049,"Europe & Central Asia","Budapest","19.0408","47.4984","High income","Not classified"
"Hungary","HU","HUN",2007,"","2026-01-28",10055780,73.1512195121951,"Europe & Central Asia","Budapest","19.0408","47.4984","High income","Not classified"
"Hungary","HU","HUN",2019,"","2026-01-28",9694824,76.3195121951219,"Europe & Central Asia","Budapest","19.0408","47.4984","High income","Not classified"
"Hungary","HU","HUN",2020,"","2026-01-28",9670419,75.419512195122,"Europe & Central Asia","Budapest","19.0408","47.4984","High income","Not classified"
"Hungary","HU","HUN",2021,"","2026-01-28",9630932,74.0658536585366,"Europe & Central Asia","Budapest","19.0408","47.4984","High income","Not classified"
"Hungary","HU","HUN",2002,"","2026-01-28",10158608,72.3487804878049,"Europe & Central Asia","Budapest","19.0408","47.4984","High income","Not classified"
"Hungary","HU","HUN",2004,"","2026-01-28",10107146,72.6487804878049,"Europe & Central Asia","Budapest","19.0408","47.4984","High income","Not classified"
"Hungary","HU","HUN",2005,"","2026-01-28",10087065,72.6487804878049,"Europe & Central Asia","Budapest","19.0408","47.4984","High income","Not classified"
"Hungary","HU","HUN",2006,"","2026-01-28",10071370,73.0975609756098,"Europe & Central Asia","Budapest","19.0408","47.4984","High income","Not classified"
"IBRD only","XF","IBD",2024,"","2026-01-28",4979421568,NA,"Aggregates","","","","Aggregates","Aggregates"
"IBRD only","XF","IBD",2001,"","2026-01-28",4031080605,68.5847135093888,"Aggregates","","","","Aggregates","Aggregates"
"IBRD only","XF","IBD",2011,"","2026-01-28",4483152627,71.8270333930904,"Aggregates","","","","Aggregates","Aggregates"
"IBRD only","XF","IBD",2000,"","2026-01-28",3983328255,68.2869649318369,"Aggregates","","","","Aggregates","Aggregates"
"IBRD only","XF","IBD",2004,"","2026-01-28",4168676771,69.3984001306866,"Aggregates","","","","Aggregates","Aggregates"
"IBRD only","XF","IBD",2002,"","2026-01-28",4077229003,68.9043764886684,"Aggregates","","","","Aggregates","Aggregates"
"IBRD only","XF","IBD",2005,"","2026-01-28",4214082145,69.8265165341661,"Aggregates","","","","Aggregates","Aggregates"
"IBRD only","XF","IBD",2003,"","2026-01-28",4122775918,69.1727555942431,"Aggregates","","","","Aggregates","Aggregates"
"IBRD only","XF","IBD",2022,"","2026-01-28",4928196300,74.2512624750087,"Aggregates","","","","Aggregates","Aggregates"
"IBRD only","XF","IBD",2010,"","2026-01-28",4436714947,71.5021795019761,"Aggregates","","","","Aggregates","Aggregates"
"IBRD only","XF","IBD",2013,"","2026-01-28",4581958556,72.4633474422255,"Aggregates","","","","Aggregates","Aggregates"
"IBRD only","XF","IBD",2014,"","2026-01-28",4630607878,72.7509651570745,"Aggregates","","","","Aggregates","Aggregates"
"IBRD only","XF","IBD",2006,"","2026-01-28",4258827055,70.1501236836392,"Aggregates","","","","Aggregates","Aggregates"
"IBRD only","XF","IBD",2023,"","2026-01-28",4952212190,74.5206328779372,"Aggregates","","","","Aggregates","Aggregates"
"IBRD only","XF","IBD",2009,"","2026-01-28",4391389527,71.1602132108325,"Aggregates","","","","Aggregates","Aggregates"
"IBRD only","XF","IBD",2017,"","2026-01-28",4765773411,73.4857607809887,"Aggregates","","","","Aggregates","Aggregates"
"IBRD only","XF","IBD",2007,"","2026-01-28",4302067550,70.514245068,"Aggregates","","","","Aggregates","Aggregates"
"IBRD only","XF","IBD",2012,"","2026-01-28",4532100585,72.1636704451454,"Aggregates","","","","Aggregates","Aggregates"
"IBRD only","XF","IBD",2016,"","2026-01-28",4721566970,73.2592309044272,"Aggregates","","","","Aggregates","Aggregates"
"IBRD only","XF","IBD",2021,"","2026-01-28",4905212516,71.974203378406,"Aggregates","","","","Aggregates","Aggregates"
"IBRD only","XF","IBD",2008,"","2026-01-28",4346234014,70.7624457262186,"Aggregates","","","","Aggregates","Aggregates"
"IBRD only","XF","IBD",2020,"","2026-01-28",4878296727,73.2951356970762,"Aggregates","","","","Aggregates","Aggregates"
"IBRD only","XF","IBD",2015,"","2026-01-28",4676773551,73.0328490236397,"Aggregates","","","","Aggregates","Aggregates"
"IBRD only","XF","IBD",2019,"","2026-01-28",4845075024,74.031271888226,"Aggregates","","","","Aggregates","Aggregates"
"IBRD only","XF","IBD",2018,"","2026-01-28",4806981820,73.794943952938,"Aggregates","","","","Aggregates","Aggregates"
"Iceland","IS","ISL",2003,"","2026-01-28",289521,80.9634146341464,"Europe & Central Asia","Reykjavik","-21.8952","64.1353","High income","Not classified"
"Iceland","IS","ISL",2002,"","2026-01-28",287523,80.5024390243903,"Europe & Central Asia","Reykjavik","-21.8952","64.1353","High income","Not classified"
"Iceland","IS","ISL",2024,"","2026-01-28",386506,NA,"Europe & Central Asia","Reykjavik","-21.8952","64.1353","High income","Not classified"
"Iceland","IS","ISL",2014,"","2026-01-28",327386,82.8609756097561,"Europe & Central Asia","Reykjavik","-21.8952","64.1353","High income","Not classified"
"Iceland","IS","ISL",2008,"","2026-01-28",317414,81.609756097561,"Europe & Central Asia","Reykjavik","-21.8952","64.1353","High income","Not classified"
"Iceland","IS","ISL",2001,"","2026-01-28",284968,80.690243902439,"Europe & Central Asia","Reykjavik","-21.8952","64.1353","High income","Not classified"
"Iceland","IS","ISL",2005,"","2026-01-28",296734,81.5024390243902,"Europe & Central Asia","Reykjavik","-21.8952","64.1353","High income","Not classified"
"Iceland","IS","ISL",2000,"","2026-01-28",281205,79.6536585365854,"Europe & Central Asia","Reykjavik","-21.8952","64.1353","High income","Not classified"
"Iceland","IS","ISL",2015,"","2026-01-28",330815,82.4682926829268,"Europe & Central Asia","Reykjavik","-21.8952","64.1353","High income","Not classified"
"Iceland","IS","ISL",2004,"","2026-01-28",292074,80.9975609756098,"Europe & Central Asia","Reykjavik","-21.8952","64.1353","High income","Not classified"
"Iceland","IS","ISL",2016,"","2026-01-28",335439,82.2048780487805,"Europe & Central Asia","Reykjavik","-21.8952","64.1353","High income","Not classified"
"Iceland","IS","ISL",2017,"","2026-01-28",343400,82.6609756097561,"Europe & Central Asia","Reykjavik","-21.8952","64.1353","High income","Not classified"
"Iceland","IS","ISL",2006,"","2026-01-28",303782,81.1585365853659,"Europe & Central Asia","Reykjavik","-21.8952","64.1353","High income","Not classified"
"Iceland","IS","ISL",2007,"","2026-01-28",311566,81.4536585365854,"Europe & Central Asia","Reykjavik","-21.8952","64.1353","High income","Not classified"
"Iceland","IS","ISL",2009,"","2026-01-28",318499,81.7512195121951,"Europe & Central Asia","Reykjavik","-21.8952","64.1353","High income","Not classified"
"Iceland","IS","ISL",2019,"","2026-01-28",360563,83.1634146341463,"Europe & Central Asia","Reykjavik","-21.8952","64.1353","High income","Not classified"
"Iceland","IS","ISL",2023,"","2026-01-28",385663,82.6073170731707,"Europe & Central Asia","Reykjavik","-21.8952","64.1353","High income","Not classified"
"Iceland","IS","ISL",2012,"","2026-01-28",320716,82.9170731707317,"Europe & Central Asia","Reykjavik","-21.8952","64.1353","High income","Not classified"
"Iceland","IS","ISL",2013,"","2026-01-28",323764,82.0609756097561,"Europe & Central Asia","Reykjavik","-21.8952","64.1353","High income","Not classified"
"Iceland","IS","ISL",2022,"","2026-01-28",382003,82.119512195122,"Europe & Central Asia","Reykjavik","-21.8952","64.1353","High income","Not classified"
"Iceland","IS","ISL",2010,"","2026-01-28",318041,81.8975609756097,"Europe & Central Asia","Reykjavik","-21.8952","64.1353","High income","Not classified"
"Iceland","IS","ISL",2018,"","2026-01-28",352721,82.8609756097561,"Europe & Central Asia","Reykjavik","-21.8952","64.1353","High income","Not classified"
"Iceland","IS","ISL",2021,"","2026-01-28",372520,83.1658536585366,"Europe & Central Asia","Reykjavik","-21.8952","64.1353","High income","Not classified"
"Iceland","IS","ISL",2011,"","2026-01-28",319014,82.3585365853659,"Europe & Central Asia","Reykjavik","-21.8952","64.1353","High income","Not classified"
"Iceland","IS","ISL",2020,"","2026-01-28",366463,83.0634146341463,"Europe & Central Asia","Reykjavik","-21.8952","64.1353","High income","Not classified"
"IDA & IBRD total","ZT","IBT",2019,"","2026-01-28",6594216452,71.3939237835386,"Aggregates","","","","Aggregates","Aggregates"
"IDA & IBRD total","ZT","IBT",2016,"","2026-01-28",6360153661,70.614038767053,"Aggregates","","","","Aggregates","Aggregates"
"IDA & IBRD total","ZT","IBT",2022,"","2026-01-28",6794724390,71.677581962506,"Aggregates","","","","Aggregates","Aggregates"
"IDA & IBRD total","ZT","IBT",2017,"","2026-01-28",6440011821,70.8308848986919,"Aggregates","","","","Aggregates","Aggregates"
"IDA & IBRD total","ZT","IBT",2018,"","2026-01-28",6518058354,71.1530074814471,"Aggregates","","","","Aggregates","Aggregates"
"IDA & IBRD total","ZT","IBT",2009,"","2026-01-28",5797994405,68.5871126679736,"Aggregates","","","","Aggregates","Aggregates"
"IDA & IBRD total","ZT","IBT",2023,"","2026-01-28",6858521511,72.0004516179201,"Aggregates","","","","Aggregates","Aggregates"
"IDA & IBRD total","ZT","IBT",2021,"","2026-01-28",6732651035,69.6679168391603,"Aggregates","","","","Aggregates","Aggregates"
"IDA & IBRD total","ZT","IBT",2014,"","2026-01-28",6201607778,70.1204467725798,"Aggregates","","","","Aggregates","Aggregates"
"IDA & IBRD total","ZT","IBT",2015,"","2026-01-28",6280961830,70.371709207031,"Aggregates","","","","Aggregates","Aggregates"
"IDA & IBRD total","ZT","IBT",2020,"","2026-01-28",6666470352,70.7488282427992,"Aggregates","","","","Aggregates","Aggregates"
"IDA & IBRD total","ZT","IBT",2007,"","2026-01-28",5643505923,67.9660838410754,"Aggregates","","","","Aggregates","Aggregates"
"IDA & IBRD total","ZT","IBT",2001,"","2026-01-28",5192348770,65.9667602590208,"Aggregates","","","","Aggregates","Aggregates"
"IDA & IBRD total","ZT","IBT",2002,"","2026-01-28",5267145775,66.2936838191505,"Aggregates","","","","Aggregates","Aggregates"
"IDA & IBRD total","ZT","IBT",2000,"","2026-01-28",5116723507,65.6560955300551,"Aggregates","","","","Aggregates","Aggregates"
"IDA & IBRD total","ZT","IBT",2024,"","2026-01-28",6926222113,NA,"Aggregates","","","","Aggregates","Aggregates"
"IDA & IBRD total","ZT","IBT",2005,"","2026-01-28",5492481030,67.2247322340305,"Aggregates","","","","Aggregates","Aggregates"
"IDA & IBRD total","ZT","IBT",2006,"","2026-01-28",5568236362,67.6014865733253,"Aggregates","","","","Aggregates","Aggregates"
"IDA & IBRD total","ZT","IBT",2003,"","2026-01-28",5341840046,66.5869021191877,"Aggregates","","","","Aggregates","Aggregates"
"IDA & IBRD total","ZT","IBT",2010,"","2026-01-28",5876645582,68.9258375211718,"Aggregates","","","","Aggregates","Aggregates"
"IDA & IBRD total","ZT","IBT",2012,"","2026-01-28",6038958543,69.5733107675202,"Aggregates","","","","Aggregates","Aggregates"
"IDA & IBRD total","ZT","IBT",2013,"","2026-01-28",6120456890,69.8686478501223,"Aggregates","","","","Aggregates","Aggregates"
"IDA & IBRD total","ZT","IBT",2004,"","2026-01-28",5417128229,66.8238305316927,"Aggregates","","","","Aggregates","Aggregates"
"IDA & IBRD total","ZT","IBT",2011,"","2026-01-28",5956718993,69.2348841118727,"Aggregates","","","","Aggregates","Aggregates"
"IDA & IBRD total","ZT","IBT",2008,"","2026-01-28",5720065907,68.1835059010945,"Aggregates","","","","Aggregates","Aggregates"
"IDA blend","XH","IDB",2006,"","2026-01-28",458394453,57.7016203087693,"Aggregates","","","","Aggregates","Aggregates"
"IDA blend","XH","IDB",2017,"","2026-01-28",590024074,60.818392907263,"Aggregates","","","","Aggregates","Aggregates"
"IDA blend","XH","IDB",2000,"","2026-01-28",394129957,55.5992722966425,"Aggregates","","","","Aggregates","Aggregates"
"IDA blend","XH","IDB",2007,"","2026-01-28",470476526,58.0600906051007,"Aggregates","","","","Aggregates","Aggregates"
"IDA blend","XH","IDB",2016,"","2026-01-28",578463670,60.5761664527178,"Aggregates","","","","Aggregates","Aggregates"
"IDA blend","XH","IDB",2004,"","2026-01-28",436147454,57.0294559998555,"Aggregates","","","","Aggregates","Aggregates"
"IDA blend","XH","IDB",2001,"","2026-01-28",404662385,55.889906446422,"Aggregates","","","","Aggregates","Aggregates"
"IDA blend","XH","IDB",2008,"","2026-01-28",482975881,58.4143046583873,"Aggregates","","","","Aggregates","Aggregates"
"IDA blend","XH","IDB",2019,"","2026-01-28",614017319,61.3259973798573,"Aggregates","","","","Aggregates","Aggregates"
"IDA blend","XH","IDB",2005,"","2026-01-28",447132945,56.9989286118875,"Aggregates","","","","Aggregates","Aggregates"
"IDA blend","XH","IDB",2015,"","2026-01-28",567234056,60.2944946354402,"Aggregates","","","","Aggregates","Aggregates"
"IDA blend","XH","IDB",2018,"","2026-01-28",601951913,61.0740542759518,"Aggregates","","","","Aggregates","Aggregates"
"IDA blend","XH","IDB",2002,"","2026-01-28",414935066,56.270235525387,"Aggregates","","","","Aggregates","Aggregates"
"IDA blend","XH","IDB",2009,"","2026-01-28",495610570,58.7507843707772,"Aggregates","","","","Aggregates","Aggregates"
"IDA blend","XH","IDB",2010,"","2026-01-28",508422508,59.0515129063523,"Aggregates","","","","Aggregates","Aggregates"
"IDA blend","XH","IDB",2013,"","2026-01-28",544442648,59.8685731055257,"Aggregates","","","","Aggregates","Aggregates"
"IDA blend","XH","IDB",2022,"","2026-01-28",651895919,62.1288641416852,"Aggregates","","","","Aggregates","Aggregates"
"IDA blend","XH","IDB",2003,"","2026-01-28",425311302,56.6359126305936,"Aggregates","","","","Aggregates","Aggregates"
"IDA blend","XH","IDB",2014,"","2026-01-28",555868551,60.0998681978251,"Aggregates","","","","Aggregates","Aggregates"
"IDA blend","XH","IDB",2021,"","2026-01-28",639196319,60.8765357381791,"Aggregates","","","","Aggregates","Aggregates"
"IDA blend","XH","IDB",2011,"","2026-01-28",520984443,59.364406133511,"Aggregates","","","","Aggregates","Aggregates"
"IDA blend","XH","IDB",2020,"","2026-01-28",626440308,60.8180066140619,"Aggregates","","","","Aggregates","Aggregates"
"IDA blend","XH","IDB",2023,"","2026-01-28",664395892,62.4621643327349,"Aggregates","","","","Aggregates","Aggregates"
"IDA blend","XH","IDB",2012,"","2026-01-28",532980174,59.6305637403653,"Aggregates","","","","Aggregates","Aggregates"
"IDA blend","XH","IDB",2024,"","2026-01-28",676957651,NA,"Aggregates","","","","Aggregates","Aggregates"
"IDA only","XI","IDX",2010,"","2026-01-28",931508127,62.0443451288407,"Aggregates","","","","Aggregates","Aggregates"
"IDA only","XI","IDX",2022,"","2026-01-28",1214632171,66.3600605315493,"Aggregates","","","","Aggregates","Aggregates"
"IDA only","XI","IDX",2023,"","2026-01-28",1241913429,67.0538318903115,"Aggregates","","","","Aggregates","Aggregates"
"IDA only","XI","IDX",2009,"","2026-01-28",910994308,61.5349297450613,"Aggregates","","","","Aggregates","Aggregates"
"IDA only","XI","IDX",2007,"","2026-01-28",870961847,60.7306068061325,"Aggregates","","","","Aggregates","Aggregates"
"IDA only","XI","IDX",2008,"","2026-01-28",890856012,60.8979431123566,"Aggregates","","","","Aggregates","Aggregates"
"IDA only","XI","IDX",2021,"","2026-01-28",1188242200,64.8764634139942,"Aggregates","","","","Aggregates","Aggregates"
"IDA only","XI","IDX",2012,"","2026-01-28",973877784,62.9600748198823,"Aggregates","","","","Aggregates","Aggregates"
"IDA only","XI","IDX",2013,"","2026-01-28",994055686,63.3857727829593,"Aggregates","","","","Aggregates","Aggregates"
"IDA only","XI","IDX",2011,"","2026-01-28",952581923,62.4337521235987,"Aggregates","","","","Aggregates","Aggregates"
"IDA only","XI","IDX",2019,"","2026-01-28",1135124109,65.5828691146811,"Aggregates","","","","Aggregates","Aggregates"
"IDA only","XI","IDX",2020,"","2026-01-28",1161733317,65.411479068422,"Aggregates","","","","Aggregates","Aggregates"
"IDA only","XI","IDX",2004,"","2026-01-28",812304004,58.8702110305568,"Aggregates","","","","Aggregates","Aggregates"
"IDA only","XI","IDX",2006,"","2026-01-28",851014854,60.1795704128966,"Aggregates","","","","Aggregates","Aggregates"
"IDA only","XI","IDX",2014,"","2026-01-28",1015131349,63.6082110225495,"Aggregates","","","","Aggregates","Aggregates"
"IDA only","XI","IDX",2017,"","2026-01-28",1084214336,64.6098588988294,"Aggregates","","","","Aggregates","Aggregates"
"IDA only","XI","IDX",2024,"","2026-01-28",1269842894,NA,"Aggregates","","","","Aggregates","Aggregates"
"IDA only","XI","IDX",2005,"","2026-01-28",831265940,59.5354492161524,"Aggregates","","","","Aggregates","Aggregates"
"IDA only","XI","IDX",2016,"","2026-01-28",1060123021,64.3101407903027,"Aggregates","","","","Aggregates","Aggregates"
"IDA only","XI","IDX",2000,"","2026-01-28",739265295,56.8420457445975,"Aggregates","","","","Aggregates","Aggregates"
"IDA only","XI","IDX",2015,"","2026-01-28",1036954223,63.8821179927396,"Aggregates","","","","Aggregates","Aggregates"
"IDA only","XI","IDX",2003,"","2026-01-28",793752826,58.4878744013921,"Aggregates","","","","Aggregates","Aggregates"
"IDA only","XI","IDX",2002,"","2026-01-28",774981706,57.9253421659891,"Aggregates","","","","Aggregates","Aggregates"
"IDA only","XI","IDX",2018,"","2026-01-28",1109124621,65.172890099339,"Aggregates","","","","Aggregates","Aggregates"
"IDA only","XI","IDX",2001,"","2026-01-28",756605780,57.4081990552557,"Aggregates","","","","Aggregates","Aggregates"
"IDA total","XG","IDA",2020,"","2026-01-28",1788173625,63.8022749850664,"Aggregates","","","","Aggregates","Aggregates"
"IDA total","XG","IDA",2024,"","2026-01-28",1946800545,NA,"Aggregates","","","","Aggregates","Aggregates"
"IDA total","XG","IDA",2022,"","2026-01-28",1866528090,64.8822902939527,"Aggregates","","","","Aggregates","Aggregates"
"IDA total","XG","IDA",2001,"","2026-01-28",1161268165,56.8791258172766,"Aggregates","","","","Aggregates","Aggregates"
"IDA total","XG","IDA",2017,"","2026-01-28",1674238410,63.2736954244909,"Aggregates","","","","Aggregates","Aggregates"
"IDA total","XG","IDA",2021,"","2026-01-28",1827438519,63.4773799318061,"Aggregates","","","","Aggregates","Aggregates"
"IDA total","XG","IDA",2019,"","2026-01-28",1749141428,64.0885399952044,"Aggregates","","","","Aggregates","Aggregates"
"IDA total","XG","IDA",2006,"","2026-01-28",1309409307,59.3120963721437,"Aggregates","","","","Aggregates","Aggregates"
"IDA total","XG","IDA",2023,"","2026-01-28",1906309321,65.4535223135408,"Aggregates","","","","Aggregates","Aggregates"
"IDA total","XG","IDA",2018,"","2026-01-28",1711076534,63.7309311828707,"Aggregates","","","","Aggregates","Aggregates"
"IDA total","XG","IDA",2008,"","2026-01-28",1373831893,60.0248104703622,"Aggregates","","","","Aggregates","Aggregates"
"IDA total","XG","IDA",2009,"","2026-01-28",1406604878,60.5539493023703,"Aggregates","","","","Aggregates","Aggregates"
"IDA total","XG","IDA",2002,"","2026-01-28",1189916772,57.3481910581843,"Aggregates","","","","Aggregates","Aggregates"
"IDA total","XG","IDA",2000,"","2026-01-28",1133395252,56.4098803153362,"Aggregates","","","","Aggregates","Aggregates"
"IDA total","XG","IDA",2004,"","2026-01-28",1248451458,58.2271418788221,"Aggregates","","","","Aggregates","Aggregates"
"IDA total","XG","IDA",2005,"","2026-01-28",1278398885,58.6482754700347,"Aggregates","","","","Aggregates","Aggregates"
"IDA total","XG","IDA",2003,"","2026-01-28",1219064128,57.8417555845873,"Aggregates","","","","Aggregates","Aggregates"
"IDA total","XG","IDA",2015,"","2026-01-28",1604188279,62.6135498483383,"Aggregates","","","","Aggregates","Aggregates"
"IDA total","XG","IDA",2007,"","2026-01-28",1341438373,59.7939889113586,"Aggregates","","","","Aggregates","Aggregates"
"IDA total","XG","IDA",2012,"","2026-01-28",1506857958,61.7824167764851,"Aggregates","","","","Aggregates","Aggregates"
"IDA total","XG","IDA",2010,"","2026-01-28",1439930635,60.9876114032049,"Aggregates","","","","Aggregates","Aggregates"
"IDA total","XG","IDA",2011,"","2026-01-28",1473566366,61.348574321013,"Aggregates","","","","Aggregates","Aggregates"
"IDA total","XG","IDA",2016,"","2026-01-28",1638586691,62.9919508459629,"Aggregates","","","","Aggregates","Aggregates"
"IDA total","XG","IDA",2013,"","2026-01-28",1538498334,62.1411087728605,"Aggregates","","","","Aggregates","Aggregates"
"IDA total","XG","IDA",2014,"","2026-01-28",1570999900,62.3668503818576,"Aggregates","","","","Aggregates","Aggregates"
"India","IN","IND",2011,"","2026-01-28",1261224954,67.623,"South Asia","New Delhi","77.225","28.6353","Lower middle income","IBRD"
"India","IN","IND",2004,"","2026-01-28",1135991513,64.484,"South Asia","New Delhi","77.225","28.6353","Lower middle income","IBRD"
"India","IN","IND",2000,"","2026-01-28",1057922733,62.749,"South Asia","New Delhi","77.225","28.6353","Lower middle income","IBRD"
"India","IN","IND",2010,"","2026-01-28",1243481564,67.162,"South Asia","New Delhi","77.225","28.6353","Lower middle income","IBRD"
"India","IN","IND",2019,"","2026-01-28",1389030312,70.746,"South Asia","New Delhi","77.225","28.6353","Lower middle income","IBRD"
"India","IN","IND",2008,"","2026-01-28",1207930964,66.247,"South Asia","New Delhi","77.225","28.6353","Lower middle income","IBRD"
"India","IN","IND",2012,"","2026-01-28",1278674502,68.076,"South Asia","New Delhi","77.225","28.6353","Lower middle income","IBRD"
"India","IN","IND",2013,"","2026-01-28",1295829511,68.499,"South Asia","New Delhi","77.225","28.6353","Lower middle income","IBRD"
"India","IN","IND",2018,"","2026-01-28",1374659064,70.415,"South Asia","New Delhi","77.225","28.6353","Lower middle income","IBRD"
"India","IN","IND",2002,"","2026-01-28",1097600380,63.649,"South Asia","New Delhi","77.225","28.6353","Lower middle income","IBRD"
"India","IN","IND",2005,"","2026-01-28",1154676322,64.939,"South Asia","New Delhi","77.225","28.6353","Lower middle income","IBRD"
"India","IN","IND",2003,"","2026-01-28",1116803006,64.086,"South Asia","New Delhi","77.225","28.6353","Lower middle income","IBRD"
"India","IN","IND",2001,"","2026-01-28",1077898575,63.158,"South Asia","New Delhi","77.225","28.6353","Lower middle income","IBRD"
"India","IN","IND",2021,"","2026-01-28",1414203896,67.282,"South Asia","New Delhi","77.225","28.6353","Lower middle income","IBRD"
"India","IN","IND",2007,"","2026-01-28",1190676021,65.803,"South Asia","New Delhi","77.225","28.6353","Lower middle income","IBRD"
"India","IN","IND",2009,"","2026-01-28",1225524753,66.7,"South Asia","New Delhi","77.225","28.6353","Lower middle income","IBRD"
"India","IN","IND",2017,"","2026-01-28",1359657400,70.068,"South Asia","New Delhi","77.225","28.6353","Lower middle income","IBRD"
"India","IN","IND",2022,"","2026-01-28",1425423212,71.698,"South Asia","New Delhi","77.225","28.6353","Lower middle income","IBRD"
"India","IN","IND",2023,"","2026-01-28",1438069596,72.003,"South Asia","New Delhi","77.225","28.6353","Lower middle income","IBRD"
"India","IN","IND",2020,"","2026-01-28",1402617695,70.156,"South Asia","New Delhi","77.225","28.6353","Lower middle income","IBRD"
"India","IN","IND",2006,"","2026-01-28",1172878890,65.373,"South Asia","New Delhi","77.225","28.6353","Lower middle income","IBRD"
"India","IN","IND",2016,"","2026-01-28",1343944296,69.709,"South Asia","New Delhi","77.225","28.6353","Lower middle income","IBRD"
"India","IN","IND",2024,"","2026-01-28",1450935791,NA,"South Asia","New Delhi","77.225","28.6353","Lower middle income","IBRD"
"India","IN","IND",2014,"","2026-01-28",1312277191,68.932,"South Asia","New Delhi","77.225","28.6353","Lower middle income","IBRD"
"India","IN","IND",2015,"","2026-01-28",1328024498,69.326,"South Asia","New Delhi","77.225","28.6353","Lower middle income","IBRD"
"Indonesia","ID","IDN",2015,"","2026-01-28",261799249,69.52,"East Asia & Pacific","Jakarta","106.83","-6.19752","Upper middle income","IBRD"
"Indonesia","ID","IDN",2014,"","2026-01-28",258877399,69.292,"East Asia & Pacific","Jakarta","106.83","-6.19752","Upper middle income","IBRD"
"Indonesia","ID","IDN",2022,"","2026-01-28",278830529,70.925,"East Asia & Pacific","Jakarta","106.83","-6.19752","Upper middle income","IBRD"
"Indonesia","ID","IDN",2011,"","2026-01-28",249470032,68.629,"East Asia & Pacific","Jakarta","106.83","-6.19752","Upper middle income","IBRD"
"Indonesia","ID","IDN",2008,"","2026-01-28",240157903,68.085,"East Asia & Pacific","Jakarta","106.83","-6.19752","Upper middle income","IBRD"
"Indonesia","ID","IDN",2009,"","2026-01-28",243220028,68.267,"East Asia & Pacific","Jakarta","106.83","-6.19752","Upper middle income","IBRD"
"Indonesia","ID","IDN",2016,"","2026-01-28",264627418,69.733,"East Asia & Pacific","Jakarta","106.83","-6.19752","Upper middle income","IBRD"
"Indonesia","ID","IDN",2024,"","2026-01-28",283487931,NA,"East Asia & Pacific","Jakarta","106.83","-6.19752","Upper middle income","IBRD"
"Indonesia","ID","IDN",2017,"","2026-01-28",267346658,69.953,"East Asia & Pacific","Jakarta","106.83","-6.19752","Upper middle income","IBRD"
"Indonesia","ID","IDN",2018,"","2026-01-28",269951846,70.08,"East Asia & Pacific","Jakarta","106.83","-6.19752","Upper middle income","IBRD"
"Indonesia","ID","IDN",2010,"","2026-01-28",246305322,68.364,"East Asia & Pacific","Jakarta","106.83","-6.19752","Upper middle income","IBRD"
"Indonesia","ID","IDN",2012,"","2026-01-28",252698525,68.862,"East Asia & Pacific","Jakarta","106.83","-6.19752","Upper middle income","IBRD"
"Indonesia","ID","IDN",2001,"","2026-01-28",219097902,66.583,"East Asia & Pacific","Jakarta","106.83","-6.19752","Upper middle income","IBRD"
"Indonesia","ID","IDN",2021,"","2026-01-28",276758053,67.452,"East Asia & Pacific","Jakarta","106.83","-6.19752","Upper middle income","IBRD"
"Indonesia","ID","IDN",2019,"","2026-01-28",272489381,70.349,"East Asia & Pacific","Jakarta","106.83","-6.19752","Upper middle income","IBRD"
"Indonesia","ID","IDN",2020,"","2026-01-28",274814866,68.817,"East Asia & Pacific","Jakarta","106.83","-6.19752","Upper middle income","IBRD"
"Indonesia","ID","IDN",2006,"","2026-01-28",233951652,67.664,"East Asia & Pacific","Jakarta","106.83","-6.19752","Upper middle income","IBRD"
"Indonesia","ID","IDN",2007,"","2026-01-28",237062337,67.914,"East Asia & Pacific","Jakarta","106.83","-6.19752","Upper middle income","IBRD"
"Indonesia","ID","IDN",2003,"","2026-01-28",225048008,67.134,"East Asia & Pacific","Jakarta","106.83","-6.19752","Upper middle income","IBRD"
"Indonesia","ID","IDN",2004,"","2026-01-28",227926649,65.521,"East Asia & Pacific","Jakarta","106.83","-6.19752","Upper middle income","IBRD"
"Indonesia","ID","IDN",2023,"","2026-01-28",281190067,71.146,"East Asia & Pacific","Jakarta","106.83","-6.19752","Upper middle income","IBRD"
"Indonesia","ID","IDN",2013,"","2026-01-28",255852467,69.064,"East Asia & Pacific","Jakarta","106.83","-6.19752","Upper middle income","IBRD"
"Indonesia","ID","IDN",2000,"","2026-01-28",216077790,66.292,"East Asia & Pacific","Jakarta","106.83","-6.19752","Upper middle income","IBRD"
"Indonesia","ID","IDN",2002,"","2026-01-28",222088495,66.954,"East Asia & Pacific","Jakarta","106.83","-6.19752","Upper middle income","IBRD"
"Indonesia","ID","IDN",2005,"","2026-01-28",230871650,67.531,"East Asia & Pacific","Jakarta","106.83","-6.19752","Upper middle income","IBRD"
"Iran, Islamic Rep.","IR","IRN",2002,"","2026-01-28",68011317,71.112,"Middle East & North Africa","Tehran","51.4447","35.6878","Upper middle income","IBRD"
"Iran, Islamic Rep.","IR","IRN",2004,"","2026-01-28",70256316,72.04,"Middle East & North Africa","Tehran","51.4447","35.6878","Upper middle income","IBRD"
"Iran, Islamic Rep.","IR","IRN",2003,"","2026-01-28",68769340,70.464,"Middle East & North Africa","Tehran","51.4447","35.6878","Upper middle income","IBRD"
"Iran, Islamic Rep.","IR","IRN",2014,"","2026-01-28",81502045,75.635,"Middle East & North Africa","Tehran","51.4447","35.6878","Upper middle income","IBRD"
"Iran, Islamic Rep.","IR","IRN",2007,"","2026-01-28",74602648,73.299,"Middle East & North Africa","Tehran","51.4447","35.6878","Upper middle income","IBRD"
"Iran, Islamic Rep.","IR","IRN",2001,"","2026-01-28",67452005,70.619,"Middle East & North Africa","Tehran","51.4447","35.6878","Upper middle income","IBRD"
"Iran, Islamic Rep.","IR","IRN",2005,"","2026-01-28",71828455,72.446,"Middle East & North Africa","Tehran","51.4447","35.6878","Upper middle income","IBRD"
"Iran, Islamic Rep.","IR","IRN",2006,"","2026-01-28",73392747,72.895,"Middle East & North Africa","Tehran","51.4447","35.6878","Upper middle income","IBRD"
"Iran, Islamic Rep.","IR","IRN",2000,"","2026-01-28",66418659,70.166,"Middle East & North Africa","Tehran","51.4447","35.6878","Upper middle income","IBRD"
"Iran, Islamic Rep.","IR","IRN",2017,"","2026-01-28",85026754,76.396,"Middle East & North Africa","Tehran","51.4447","35.6878","Upper middle income","IBRD"
"Iran, Islamic Rep.","IR","IRN",2012,"","2026-01-28",79370580,75.039,"Middle East & North Africa","Tehran","51.4447","35.6878","Upper middle income","IBRD"
"Iran, Islamic Rep.","IR","IRN",2013,"","2026-01-28",80414686,75.349,"Middle East & North Africa","Tehran","51.4447","35.6878","Upper middle income","IBRD"
"Iran, Islamic Rep.","IR","IRN",2016,"","2026-01-28",83812228,76.155,"Middle East & North Africa","Tehran","51.4447","35.6878","Upper middle income","IBRD"
"Iran, Islamic Rep.","IR","IRN",2011,"","2026-01-28",78383598,74.721,"Middle East & North Africa","Tehran","51.4447","35.6878","Upper middle income","IBRD"
"Iran, Islamic Rep.","IR","IRN",2010,"","2026-01-28",77420842,74.39,"Middle East & North Africa","Tehran","51.4447","35.6878","Upper middle income","IBRD"
"Iran, Islamic Rep.","IR","IRN",2015,"","2026-01-28",82619362,75.907,"Middle East & North Africa","Tehran","51.4447","35.6878","Upper middle income","IBRD"
"Iran, Islamic Rep.","IR","IRN",2019,"","2026-01-28",87051648,76.855,"Middle East & North Africa","Tehran","51.4447","35.6878","Upper middle income","IBRD"
"Iran, Islamic Rep.","IR","IRN",2008,"","2026-01-28",75514204,73.683,"Middle East & North Africa","Tehran","51.4447","35.6878","Upper middle income","IBRD"
"Iran, Islamic Rep.","IR","IRN",2009,"","2026-01-28",76457825,74.041,"Middle East & North Africa","Tehran","51.4447","35.6878","Upper middle income","IBRD"
"Iran, Islamic Rep.","IR","IRN",2024,"","2026-01-28",91567738,NA,"Middle East & North Africa","Tehran","51.4447","35.6878","Upper middle income","IBRD"
"Iran, Islamic Rep.","IR","IRN",2021,"","2026-01-28",88455488,73.752,"Middle East & North Africa","Tehran","51.4447","35.6878","Upper middle income","IBRD"
"Iran, Islamic Rep.","IR","IRN",2018,"","2026-01-28",86117998,76.621,"Middle East & North Africa","Tehran","51.4447","35.6878","Upper middle income","IBRD"
"Iran, Islamic Rep.","IR","IRN",2023,"","2026-01-28",90608707,77.654,"Middle East & North Africa","Tehran","51.4447","35.6878","Upper middle income","IBRD"
"Iran, Islamic Rep.","IR","IRN",2022,"","2026-01-28",89524246,76.799,"Middle East & North Africa","Tehran","51.4447","35.6878","Upper middle income","IBRD"
"Iran, Islamic Rep.","IR","IRN",2020,"","2026-01-28",87723443,74.141,"Middle East & North Africa","Tehran","51.4447","35.6878","Upper middle income","IBRD"
"Iraq","IQ","IRQ",2017,"","2026-01-28",39337353,69.788,"Middle East & North Africa","Baghdad","44.394","33.3302","Upper middle income","IBRD"
"Iraq","IQ","IRQ",2018,"","2026-01-28",40265624,71.116,"Middle East & North Africa","Baghdad","44.394","33.3302","Upper middle income","IBRD"
"Iraq","IQ","IRQ",2016,"","2026-01-28",38469627,68.683,"Middle East & North Africa","Baghdad","44.394","33.3302","Upper middle income","IBRD"
"Iraq","IQ","IRQ",2004,"","2026-01-28",27577878,64.634,"Middle East & North Africa","Baghdad","44.394","33.3302","Upper middle income","IBRD"
"Iraq","IQ","IRQ",2007,"","2026-01-28",28391607,64.428,"Middle East & North Africa","Baghdad","44.394","33.3302","Upper middle income","IBRD"
"Iraq","IQ","IRQ",2008,"","2026-01-28",28971036,66.465,"Middle East & North Africa","Baghdad","44.394","33.3302","Upper middle income","IBRD"
"Iraq","IQ","IRQ",2009,"","2026-01-28",30058206,67.834,"Middle East & North Africa","Baghdad","44.394","33.3302","Upper middle income","IBRD"
"Iraq","IQ","IRQ",2005,"","2026-01-28",28407448,64.899,"Middle East & North Africa","Baghdad","44.394","33.3302","Upper middle income","IBRD"
"Iraq","IQ","IRQ",2015,"","2026-01-28",37560535,69.977,"Middle East & North Africa","Baghdad","44.394","33.3302","Upper middle income","IBRD"
"Iraq","IQ","IRQ",2001,"","2026-01-28",25197840,65.292,"Middle East & North Africa","Baghdad","44.394","33.3302","Upper middle income","IBRD"
"Iraq","IQ","IRQ",2010,"","2026-01-28",31045366,68.092,"Middle East & North Africa","Baghdad","44.394","33.3302","Upper middle income","IBRD"
"Iraq","IQ","IRQ",2022,"","2026-01-28",44070551,72.037,"Middle East & North Africa","Baghdad","44.394","33.3302","Upper middle income","IBRD"
"Iraq","IQ","IRQ",2019,"","2026-01-28",41192171,71.245,"Middle East & North Africa","Baghdad","44.394","33.3302","Upper middle income","IBRD"
"Iraq","IQ","IRQ",2002,"","2026-01-28",26006559,65.724,"Middle East & North Africa","Baghdad","44.394","33.3302","Upper middle income","IBRD"
"Iraq","IQ","IRQ",2006,"","2026-01-28",28616515,64.029,"Middle East & North Africa","Baghdad","44.394","33.3302","Upper middle income","IBRD"
"Iraq","IQ","IRQ",2014,"","2026-01-28",36550059,69.679,"Middle East & North Africa","Baghdad","44.394","33.3302","Upper middle income","IBRD"
"Iraq","IQ","IRQ",2013,"","2026-01-28",35281989,69.047,"Middle East & North Africa","Baghdad","44.394","33.3302","Upper middle income","IBRD"
"Iraq","IQ","IRQ",2020,"","2026-01-28",42116605,69.651,"Middle East & North Africa","Baghdad","44.394","33.3302","Upper middle income","IBRD"
"Iraq","IQ","IRQ",2003,"","2026-01-28",26802659,64.834,"Middle East & North Africa","Baghdad","44.394","33.3302","Upper middle income","IBRD"
"Iraq","IQ","IRQ",2011,"","2026-01-28",32161424,68.435,"Middle East & North Africa","Baghdad","44.394","33.3302","Upper middle income","IBRD"
"Iraq","IQ","IRQ",2012,"","2026-01-28",33654842,68.827,"Middle East & North Africa","Baghdad","44.394","33.3302","Upper middle income","IBRD"
"Iraq","IQ","IRQ",2000,"","2026-01-28",24424056,64.86,"Middle East & North Africa","Baghdad","44.394","33.3302","Upper middle income","IBRD"
"Iraq","IQ","IRQ",2021,"","2026-01-28",43071211,70.704,"Middle East & North Africa","Baghdad","44.394","33.3302","Upper middle income","IBRD"
"Iraq","IQ","IRQ",2024,"","2026-01-28",46042015,NA,"Middle East & North Africa","Baghdad","44.394","33.3302","Upper middle income","IBRD"
"Iraq","IQ","IRQ",2023,"","2026-01-28",45074049,72.324,"Middle East & North Africa","Baghdad","44.394","33.3302","Upper middle income","IBRD"
"Ireland","IE","IRL",2015,"","2026-01-28",4701957,81.4536585365854,"Europe & Central Asia","Dublin","-6.26749","53.3441","High income","Not classified"
"Ireland","IE","IRL",2023,"","2026-01-28",5311538,82.8609756097561,"Europe & Central Asia","Dublin","-6.26749","53.3441","High income","Not classified"
"Ireland","IE","IRL",2024,"","2026-01-28",5395790,NA,"Europe & Central Asia","Dublin","-6.26749","53.3441","High income","Not classified"
"Ireland","IE","IRL",2013,"","2026-01-28",4623816,80.9487804878049,"Europe & Central Asia","Dublin","-6.26749","53.3441","High income","Not classified"
"Ireland","IE","IRL",2014,"","2026-01-28",4657740,81.3487804878049,"Europe & Central Asia","Dublin","-6.26749","53.3441","High income","Not classified"
"Ireland","IE","IRL",2017,"","2026-01-28",4827445,82.1560975609756,"Europe & Central Asia","Dublin","-6.26749","53.3441","High income","Not classified"
"Ireland","IE","IRL",2019,"","2026-01-28",4976456,82.7024390243903,"Europe & Central Asia","Dublin","-6.26749","53.3441","High income","Not classified"
"Ireland","IE","IRL",2020,"","2026-01-28",5039747,82.4560975609756,"Europe & Central Asia","Dublin","-6.26749","53.3441","High income","Not classified"
"Ireland","IE","IRL",2021,"","2026-01-28",5110585,82.2536585365854,"Europe & Central Asia","Dublin","-6.26749","53.3441","High income","Not classified"
"Ireland","IE","IRL",2018,"","2026-01-28",4898022,82.2048780487805,"Europe & Central Asia","Dublin","-6.26749","53.3441","High income","Not classified"
"Ireland","IE","IRL",2012,"","2026-01-28",4599533,80.8463414634146,"Europe & Central Asia","Dublin","-6.26749","53.3441","High income","Not classified"
"Ireland","IE","IRL",2000,"","2026-01-28",3805174,76.5365853658537,"Europe & Central Asia","Dublin","-6.26749","53.3441","High income","Not classified"
"Ireland","IE","IRL",2001,"","2026-01-28",3866243,77.1341463414634,"Europe & Central Asia","Dublin","-6.26749","53.3441","High income","Not classified"
"Ireland","IE","IRL",2011,"","2026-01-28",4580084,80.7463414634146,"Europe & Central Asia","Dublin","-6.26749","53.3441","High income","Not classified"
"Ireland","IE","IRL",2002,"","2026-01-28",3931947,77.6341463414634,"Europe & Central Asia","Dublin","-6.26749","53.3441","High income","Not classified"
"Ireland","IE","IRL",2003,"","2026-01-28",3996521,78.1390243902439,"Europe & Central Asia","Dublin","-6.26749","53.3441","High income","Not classified"
"Ireland","IE","IRL",2004,"","2026-01-28",4070262,78.5390243902439,"Europe & Central Asia","Dublin","-6.26749","53.3441","High income","Not classified"
"Ireland","IE","IRL",2016,"","2026-01-28",4762722,81.6536585365854,"Europe & Central Asia","Dublin","-6.26749","53.3441","High income","Not classified"
"Ireland","IE","IRL",2022,"","2026-01-28",5212836,82.509756097561,"Europe & Central Asia","Dublin","-6.26749","53.3441","High income","Not classified"
"Ireland","IE","IRL",2009,"","2026-01-28",4535375,80.190243902439,"Europe & Central Asia","Dublin","-6.26749","53.3441","High income","Not classified"
"Ireland","IE","IRL",2010,"","2026-01-28",4560155,80.7439024390244,"Europe & Central Asia","Dublin","-6.26749","53.3441","High income","Not classified"
"Ireland","IE","IRL",2005,"","2026-01-28",4159914,78.9439024390244,"Europe & Central Asia","Dublin","-6.26749","53.3441","High income","Not classified"
"Ireland","IE","IRL",2008,"","2026-01-28",4489544,80.0951219512195,"Europe & Central Asia","Dublin","-6.26749","53.3441","High income","Not classified"
"Ireland","IE","IRL",2006,"","2026-01-28",4273591,79.2414634146342,"Europe & Central Asia","Dublin","-6.26749","53.3441","High income","Not classified"
"Ireland","IE","IRL",2007,"","2026-01-28",4398942,79.6414634146341,"Europe & Central Asia","Dublin","-6.26749","53.3441","High income","Not classified"
"Isle of Man","IM","IMN",2008,"","2026-01-28",82029,78.899,"Europe & Central Asia","Douglas","-4.47928","54.1509","High income","Not classified"
"Isle of Man","IM","IMN",2003,"","2026-01-28",78049,76.319,"Europe & Central Asia","Douglas","-4.47928","54.1509","High income","Not classified"
"Isle of Man","IM","IMN",2024,"","2026-01-28",84160,NA,"Europe & Central Asia","Douglas","-4.47928","54.1509","High income","Not classified"
"Isle of Man","IM","IMN",2005,"","2026-01-28",79516,77.453,"Europe & Central Asia","Douglas","-4.47928","54.1509","High income","Not classified"
"Isle of Man","IM","IMN",2006,"","2026-01-28",80294,77.971,"Europe & Central Asia","Douglas","-4.47928","54.1509","High income","Not classified"
"Isle of Man","IM","IMN",2013,"","2026-01-28",84141,80.12,"Europe & Central Asia","Douglas","-4.47928","54.1509","High income","Not classified"
"Isle of Man","IM","IMN",2004,"","2026-01-28",78792,76.876,"Europe & Central Asia","Douglas","-4.47928","54.1509","High income","Not classified"
"Isle of Man","IM","IMN",2021,"","2026-01-28",84106,80.42,"Europe & Central Asia","Douglas","-4.47928","54.1509","High income","Not classified"
"Isle of Man","IM","IMN",2023,"","2026-01-28",84165,80.999,"Europe & Central Asia","Douglas","-4.47928","54.1509","High income","Not classified"
"Isle of Man","IM","IMN",2007,"","2026-01-28",81147,78.451,"Europe & Central Asia","Douglas","-4.47928","54.1509","High income","Not classified"
"Isle of Man","IM","IMN",2000,"","2026-01-28",75659,74.842,"Europe & Central Asia","Douglas","-4.47928","54.1509","High income","Not classified"
"Isle of Man","IM","IMN",2001,"","2026-01-28",76476,75.289,"Europe & Central Asia","Douglas","-4.47928","54.1509","High income","Not classified"
"Isle of Man","IM","IMN",2002,"","2026-01-28",77275,75.785,"Europe & Central Asia","Douglas","-4.47928","54.1509","High income","Not classified"
"Isle of Man","IM","IMN",2012,"","2026-01-28",84335,80.007,"Europe & Central Asia","Douglas","-4.47928","54.1509","High income","Not classified"
"Isle of Man","IM","IMN",2016,"","2026-01-28",83466,80.391,"Europe & Central Asia","Douglas","-4.47928","54.1509","High income","Not classified"
"Isle of Man","IM","IMN",2017,"","2026-01-28",83609,80.506,"Europe & Central Asia","Douglas","-4.47928","54.1509","High income","Not classified"
"Isle of Man","IM","IMN",2014,"","2026-01-28",83892,80.199,"Europe & Central Asia","Douglas","-4.47928","54.1509","High income","Not classified"
"Isle of Man","IM","IMN",2015,"","2026-01-28",83593,80.267,"Europe & Central Asia","Douglas","-4.47928","54.1509","High income","Not classified"
"Isle of Man","IM","IMN",2020,"","2026-01-28",84064,80.591,"Europe & Central Asia","Douglas","-4.47928","54.1509","High income","Not classified"
"Isle of Man","IM","IMN",2010,"","2026-01-28",83873,79.613,"Europe & Central Asia","Douglas","-4.47928","54.1509","High income","Not classified"
"Isle of Man","IM","IMN",2018,"","2026-01-28",83805,80.614,"Europe & Central Asia","Douglas","-4.47928","54.1509","High income","Not classified"
"Isle of Man","IM","IMN",2022,"","2026-01-28",84132,80.956,"Europe & Central Asia","Douglas","-4.47928","54.1509","High income","Not classified"
"Isle of Man","IM","IMN",2019,"","2026-01-28",83957,80.74,"Europe & Central Asia","Douglas","-4.47928","54.1509","High income","Not classified"
"Isle of Man","IM","IMN",2009,"","2026-01-28",82939,79.303,"Europe & Central Asia","Douglas","-4.47928","54.1509","High income","Not classified"
"Isle of Man","IM","IMN",2011,"","2026-01-28",84382,79.836,"Europe & Central Asia","Douglas","-4.47928","54.1509","High income","Not classified"
"Israel","IL","ISR",2010,"","2026-01-28",7623600,81.6024390243903,"Middle East & North Africa","","35.2035","31.7717","High income","Not classified"
"Israel","IL","ISR",2022,"","2026-01-28",9557500,82.7,"Middle East & North Africa","","35.2035","31.7717","High income","Not classified"
"Israel","IL","ISR",2007,"","2026-01-28",7180100,80.5048780487805,"Middle East & North Africa","","35.2035","31.7717","High income","Not classified"
"Israel","IL","ISR",2019,"","2026-01-28",9054000,82.8048780487805,"Middle East & North Africa","","35.2035","31.7717","High income","Not classified"
"Israel","IL","ISR",2011,"","2026-01-28",7765800,81.6560975609756,"Middle East & North Africa","","35.2035","31.7717","High income","Not classified"
"Israel","IL","ISR",2021,"","2026-01-28",9371400,82.5,"Middle East & North Africa","","35.2035","31.7717","High income","Not classified"
"Israel","IL","ISR",2013,"","2026-01-28",8059500,82.0560975609756,"Middle East & North Africa","","35.2035","31.7717","High income","Not classified"
"Israel","IL","ISR",2008,"","2026-01-28",7308800,80.9512195121951,"Middle East & North Africa","","35.2035","31.7717","High income","Not classified"
"Israel","IL","ISR",2015,"","2026-01-28",8380100,82.0512195121951,"Middle East & North Africa","","35.2035","31.7717","High income","Not classified"
"Israel","IL","ISR",2012,"","2026-01-28",7910500,81.7048780487805,"Middle East & North Africa","","35.2035","31.7717","High income","Not classified"
"Israel","IL","ISR",2017,"","2026-01-28",8713300,82.5512195121951,"Middle East & North Africa","","35.2035","31.7717","High income","Not classified"
"Israel","IL","ISR",2014,"","2026-01-28",8215700,82.1536585365854,"Middle East & North Africa","","35.2035","31.7717","High income","Not classified"
"Israel","IL","ISR",2018,"","2026-01-28",8882800,82.8024390243903,"Middle East & North Africa","","35.2035","31.7717","High income","Not classified"
"Israel","IL","ISR",2020,"","2026-01-28",9215100,82.6487804878049,"Middle East & North Africa","","35.2035","31.7717","High income","Not classified"
"Israel","IL","ISR",2005,"","2026-01-28",6930100,80.1512195121951,"Middle East & North Africa","","35.2035","31.7717","High income","Not classified"
"Israel","IL","ISR",2006,"","2026-01-28",7053700,80.5536585365854,"Middle East & North Africa","","35.2035","31.7717","High income","Not classified"
"Israel","IL","ISR",2001,"","2026-01-28",6439000,79.4073170731707,"Middle East & North Africa","","35.2035","31.7717","High income","Not classified"
"Israel","IL","ISR",2009,"","2026-01-28",7485600,81.4048780487805,"Middle East & North Africa","","35.2035","31.7717","High income","Not classified"
"Israel","IL","ISR",2023,"","2026-01-28",9849000,83.1951219512195,"Middle East & North Africa","","35.2035","31.7717","High income","Not classified"
"Israel","IL","ISR",2024,"","2026-01-28",9974400,NA,"Middle East & North Africa","","35.2035","31.7717","High income","Not classified"
"Israel","IL","ISR",2002,"","2026-01-28",6570000,79.4512195121951,"Middle East & North Africa","","35.2035","31.7717","High income","Not classified"
"Israel","IL","ISR",2016,"","2026-01-28",8546000,82.4073170731707,"Middle East & North Africa","","35.2035","31.7717","High income","Not classified"
"Israel","IL","ISR",2000,"","2026-01-28",6289000,78.9536585365854,"Middle East & North Africa","","35.2035","31.7717","High income","Not classified"
"Israel","IL","ISR",2003,"","2026-01-28",6689700,79.6487804878049,"Middle East & North Africa","","35.2035","31.7717","High income","Not classified"
"Israel","IL","ISR",2004,"","2026-01-28",6809000,80.1463414634146,"Middle East & North Africa","","35.2035","31.7717","High income","Not classified"
"Italy","IT","ITA",2024,"","2026-01-28",58952704,NA,"Europe & Central Asia","Rome","12.4823","41.8955","High income","Not classified"
"Italy","IT","ITA",2000,"","2026-01-28",56942108,79.7780487804878,"Europe & Central Asia","Rome","12.4823","41.8955","High income","Not classified"
"Italy","IT","ITA",2001,"","2026-01-28",56976981,80.1268292682927,"Europe & Central Asia","Rome","12.4823","41.8955","High income","Not classified"
"Italy","IT","ITA",2021,"","2026-01-28",59133173,82.6463414634146,"Europe & Central Asia","Rome","12.4823","41.8955","High income","Not classified"
"Italy","IT","ITA",2022,"","2026-01-28",59013667,82.7,"Europe & Central Asia","Rome","12.4823","41.8955","High income","Not classified"
"Italy","IT","ITA",2023,"","2026-01-28",58984216,83.7,"Europe & Central Asia","Rome","12.4823","41.8955","High income","Not classified"
"Italy","IT","ITA",2013,"","2026-01-28",60311613,82.690243902439,"Europe & Central Asia","Rome","12.4823","41.8955","High income","Not classified"
"Italy","IT","ITA",2002,"","2026-01-28",57089824,80.2292682926829,"Europe & Central Asia","Rome","12.4823","41.8955","High income","Not classified"
"Italy","IT","ITA",2011,"","2026-01-28",60026841,82.1878048780488,"Europe & Central Asia","Rome","12.4823","41.8955","High income","Not classified"
"Italy","IT","ITA",2012,"","2026-01-28",60191247,82.2390243902439,"Europe & Central Asia","Rome","12.4823","41.8955","High income","Not classified"
"Italy","IT","ITA",2004,"","2026-01-28",57828179,80.7804878048781,"Europe & Central Asia","Rome","12.4823","41.8955","High income","Not classified"
"Italy","IT","ITA",2008,"","2026-01-28",59211181,81.4853658536585,"Europe & Central Asia","Rome","12.4823","41.8955","High income","Not classified"
"Italy","IT","ITA",2016,"","2026-01-28",60115223,83.2439024390244,"Europe & Central Asia","Rome","12.4823","41.8955","High income","Not classified"
"Italy","IT","ITA",2007,"","2026-01-28",58756247,81.4341463414634,"Europe & Central Asia","Rome","12.4823","41.8955","High income","Not classified"
"Italy","IT","ITA",2003,"","2026-01-28",57399184,79.9829268292683,"Europe & Central Asia","Rome","12.4823","41.8955","High income","Not classified"
"Italy","IT","ITA",2018,"","2026-01-28",60148658,83.3463414634146,"Europe & Central Asia","Rome","12.4823","41.8955","High income","Not classified"
"Italy","IT","ITA",2009,"","2026-01-28",59555454,81.6365853658537,"Europe & Central Asia","Rome","12.4823","41.8955","High income","Not classified"
"Italy","IT","ITA",2010,"","2026-01-28",59819407,82.0365853658537,"Europe & Central Asia","Rome","12.4823","41.8955","High income","Not classified"
"Italy","IT","ITA",2006,"","2026-01-28",58399861,81.2829268292683,"Europe & Central Asia","Rome","12.4823","41.8955","High income","Not classified"
"Italy","IT","ITA",2017,"","2026-01-28",60002252,82.9463414634147,"Europe & Central Asia","Rome","12.4823","41.8955","High income","Not classified"
"Italy","IT","ITA",2014,"","2026-01-28",60320707,83.090243902439,"Europe & Central Asia","Rome","12.4823","41.8955","High income","Not classified"
"Italy","IT","ITA",2015,"","2026-01-28",60229605,82.5439024390244,"Europe & Central Asia","Rome","12.4823","41.8955","High income","Not classified"
"Italy","IT","ITA",2005,"","2026-01-28",58166682,80.7829268292683,"Europe & Central Asia","Rome","12.4823","41.8955","High income","Not classified"
"Italy","IT","ITA",2019,"","2026-01-28",59729081,83.4975609756098,"Europe & Central Asia","Rome","12.4823","41.8955","High income","Not classified"
"Italy","IT","ITA",2020,"","2026-01-28",59438851,82.1951219512195,"Europe & Central Asia","Rome","12.4823","41.8955","High income","Not classified"
"Jamaica","JM","JAM",2003,"","2026-01-28",2656623,71.585,"Latin America & Caribbean","Kingston","-76.792","17.9927","Upper middle income","IBRD"
"Jamaica","JM","JAM",2002,"","2026-01-28",2640572,71.478,"Latin America & Caribbean","Kingston","-76.792","17.9927","Upper middle income","IBRD"
"Jamaica","JM","JAM",2001,"","2026-01-28",2624403,71.287,"Latin America & Caribbean","Kingston","-76.792","17.9927","Upper middle income","IBRD"
"Jamaica","JM","JAM",2016,"","2026-01-28",2809915,72.052,"Latin America & Caribbean","Kingston","-76.792","17.9927","Upper middle income","IBRD"
"Jamaica","JM","JAM",2004,"","2026-01-28",2672225,71.542,"Latin America & Caribbean","Kingston","-76.792","17.9927","Upper middle income","IBRD"
"Jamaica","JM","JAM",2015,"","2026-01-28",2802534,72.214,"Latin America & Caribbean","Kingston","-76.792","17.9927","Upper middle income","IBRD"
"Jamaica","JM","JAM",2006,"","2026-01-28",2700968,71.395,"Latin America & Caribbean","Kingston","-76.792","17.9927","Upper middle income","IBRD"
"Jamaica","JM","JAM",2024,"","2026-01-28",2839175,NA,"Latin America & Caribbean","Kingston","-76.792","17.9927","Upper middle income","IBRD"
"Jamaica","JM","JAM",2012,"","2026-01-28",2772430,72.405,"Latin America & Caribbean","Kingston","-76.792","17.9927","Upper middle income","IBRD"
"Jamaica","JM","JAM",2005,"","2026-01-28",2687066,71.493,"Latin America & Caribbean","Kingston","-76.792","17.9927","Upper middle income","IBRD"
"Jamaica","JM","JAM",2000,"","2026-01-28",2607826,71.281,"Latin America & Caribbean","Kingston","-76.792","17.9927","Upper middle income","IBRD"
"Jamaica","JM","JAM",2019,"","2026-01-28",2823271,71.532,"Latin America & Caribbean","Kingston","-76.792","17.9927","Upper middle income","IBRD"
"Jamaica","JM","JAM",2008,"","2026-01-28",2725635,71.502,"Latin America & Caribbean","Kingston","-76.792","17.9927","Upper middle income","IBRD"
"Jamaica","JM","JAM",2017,"","2026-01-28",2815764,71.879,"Latin America & Caribbean","Kingston","-76.792","17.9927","Upper middle income","IBRD"
"Jamaica","JM","JAM",2018,"","2026-01-28",2820097,71.606,"Latin America & Caribbean","Kingston","-76.792","17.9927","Upper middle income","IBRD"
"Jamaica","JM","JAM",2011,"","2026-01-28",2760494,72.245,"Latin America & Caribbean","Kingston","-76.792","17.9927","Upper middle income","IBRD"
"Jamaica","JM","JAM",2022,"","2026-01-28",2839144,71.481,"Latin America & Caribbean","Kingston","-76.792","17.9927","Upper middle income","IBRD"
"Jamaica","JM","JAM",2007,"","2026-01-28",2713800,71.405,"Latin America & Caribbean","Kingston","-76.792","17.9927","Upper middle income","IBRD"
"Jamaica","JM","JAM",2014,"","2026-01-28",2793749,72.357,"Latin America & Caribbean","Kingston","-76.792","17.9927","Upper middle income","IBRD"
"Jamaica","JM","JAM",2023,"","2026-01-28",2839786,71.479,"Latin America & Caribbean","Kingston","-76.792","17.9927","Upper middle income","IBRD"
"Jamaica","JM","JAM",2009,"","2026-01-28",2736995,71.717,"Latin America & Caribbean","Kingston","-76.792","17.9927","Upper middle income","IBRD"
"Jamaica","JM","JAM",2020,"","2026-01-28",2830739,71.452,"Latin America & Caribbean","Kingston","-76.792","17.9927","Upper middle income","IBRD"
"Jamaica","JM","JAM",2010,"","2026-01-28",2748568,71.979,"Latin America & Caribbean","Kingston","-76.792","17.9927","Upper middle income","IBRD"
"Jamaica","JM","JAM",2013,"","2026-01-28",2783687,72.435,"Latin America & Caribbean","Kingston","-76.792","17.9927","Upper middle income","IBRD"
"Jamaica","JM","JAM",2021,"","2026-01-28",2837682,69.085,"Latin America & Caribbean","Kingston","-76.792","17.9927","Upper middle income","IBRD"
"Japan","JP","JPN",2016,"","2026-01-28",127076000,83.9848780487805,"East Asia & Pacific","Tokyo","139.77","35.67","High income","Not classified"
"Japan","JP","JPN",2022,"","2026-01-28",125124989,83.9963414634146,"East Asia & Pacific","Tokyo","139.77","35.67","High income","Not classified"
"Japan","JP","JPN",2015,"","2026-01-28",127141000,83.7939024390244,"East Asia & Pacific","Tokyo","139.77","35.67","High income","Not classified"
"Japan","JP","JPN",2018,"","2026-01-28",126811000,84.2109756097561,"East Asia & Pacific","Tokyo","139.77","35.67","High income","Not classified"
"Japan","JP","JPN",2014,"","2026-01-28",127276000,83.5878048780488,"East Asia & Pacific","Tokyo","139.77","35.67","High income","Not classified"
"Japan","JP","JPN",2020,"","2026-01-28",126261000,84.56,"East Asia & Pacific","Tokyo","139.77","35.67","High income","Not classified"
"Japan","JP","JPN",2023,"","2026-01-28",124516650,84.0412195121951,"East Asia & Pacific","Tokyo","139.77","35.67","High income","Not classified"
"Japan","JP","JPN",2019,"","2026-01-28",126633000,84.3563414634146,"East Asia & Pacific","Tokyo","139.77","35.67","High income","Not classified"
"Japan","JP","JPN",2013,"","2026-01-28",127445000,83.3319512195122,"East Asia & Pacific","Tokyo","139.77","35.67","High income","Not classified"
"Japan","JP","JPN",2017,"","2026-01-28",126972000,84.099756097561,"East Asia & Pacific","Tokyo","139.77","35.67","High income","Not classified"
"Japan","JP","JPN",2011,"","2026-01-28",127833000,82.5912195121951,"East Asia & Pacific","Tokyo","139.77","35.67","High income","Not classified"
"Japan","JP","JPN",2001,"","2026-01-28",127149000,81.4163414634146,"East Asia & Pacific","Tokyo","139.77","35.67","High income","Not classified"
"Japan","JP","JPN",2002,"","2026-01-28",127445000,81.6907317073171,"East Asia & Pacific","Tokyo","139.77","35.67","High income","Not classified"
"Japan","JP","JPN",2000,"","2026-01-28",126843000,81.0760975609756,"East Asia & Pacific","Tokyo","139.77","35.67","High income","Not classified"
"Japan","JP","JPN",2021,"","2026-01-28",125681593,84.4456097560976,"East Asia & Pacific","Tokyo","139.77","35.67","High income","Not classified"
"Japan","JP","JPN",2006,"","2026-01-28",127854000,82.3219512195122,"East Asia & Pacific","Tokyo","139.77","35.67","High income","Not classified"
"Japan","JP","JPN",2012,"","2026-01-28",127629000,83.0960975609756,"East Asia & Pacific","Tokyo","139.77","35.67","High income","Not classified"
"Japan","JP","JPN",2003,"","2026-01-28",127718000,81.76,"East Asia & Pacific","Tokyo","139.77","35.67","High income","Not classified"
"Japan","JP","JPN",2007,"","2026-01-28",128001000,82.5070731707317,"East Asia & Pacific","Tokyo","139.77","35.67","High income","Not classified"
"Japan","JP","JPN",2009,"","2026-01-28",128047000,82.9314634146342,"East Asia & Pacific","Tokyo","139.77","35.67","High income","Not classified"
"Japan","JP","JPN",2005,"","2026-01-28",127773000,81.9551219512195,"East Asia & Pacific","Tokyo","139.77","35.67","High income","Not classified"
"Japan","JP","JPN",2010,"","2026-01-28",128070000,82.8426829268293,"East Asia & Pacific","Tokyo","139.77","35.67","High income","Not classified"
"Japan","JP","JPN",2004,"","2026-01-28",127761000,82.030243902439,"East Asia & Pacific","Tokyo","139.77","35.67","High income","Not classified"
"Japan","JP","JPN",2008,"","2026-01-28",128063000,82.5875609756098,"East Asia & Pacific","Tokyo","139.77","35.67","High income","Not classified"
"Japan","JP","JPN",2024,"","2026-01-28",123975371,NA,"East Asia & Pacific","Tokyo","139.77","35.67","High income","Not classified"
"Jordan","JO","JOR",2004,"","2026-01-28",5882061,72.788,"Middle East & North Africa","Amman","35.9263","31.9497","Lower middle income","IBRD"
"Jordan","JO","JOR",2003,"","2026-01-28",5741828,72.585,"Middle East & North Africa","Amman","35.9263","31.9497","Lower middle income","IBRD"
"Jordan","JO","JOR",2013,"","2026-01-28",7991809,74.282,"Middle East & North Africa","Amman","35.9263","31.9497","Lower middle income","IBRD"
"Jordan","JO","JOR",2008,"","2026-01-28",6989866,73.563,"Middle East & North Africa","Amman","35.9263","31.9497","Lower middle income","IBRD"
"Jordan","JO","JOR",2006,"","2026-01-28",6427371,73.225,"Middle East & North Africa","Amman","35.9263","31.9497","Lower middle income","IBRD"
"Jordan","JO","JOR",2007,"","2026-01-28",6827227,73.407,"Middle East & North Africa","Amman","35.9263","31.9497","Lower middle income","IBRD"
"Jordan","JO","JOR",2014,"","2026-01-28",8791710,74.606,"Middle East & North Africa","Amman","35.9263","31.9497","Lower middle income","IBRD"
"Jordan","JO","JOR",2005,"","2026-01-28",6029587,72.977,"Middle East & North Africa","Amman","35.9263","31.9497","Lower middle income","IBRD"
"Jordan","JO","JOR",2023,"","2026-01-28",11439213,77.814,"Middle East & North Africa","Amman","35.9263","31.9497","Lower middle income","IBRD"
"Jordan","JO","JOR",2012,"","2026-01-28",7587127,74.087,"Middle East & North Africa","Amman","35.9263","31.9497","Lower middle income","IBRD"
"Jordan","JO","JOR",2016,"","2026-01-28",10006367,75.55,"Middle East & North Africa","Amman","35.9263","31.9497","Lower middle income","IBRD"
"Jordan","JO","JOR",2001,"","2026-01-28",5498894,72.141,"Middle East & North Africa","Amman","35.9263","31.9497","Lower middle income","IBRD"
"Jordan","JO","JOR",2018,"","2026-01-28",10462306,76.491,"Middle East & North Africa","Amman","35.9263","31.9497","Lower middle income","IBRD"
"Jordan","JO","JOR",2015,"","2026-01-28",9544729,75.06,"Middle East & North Africa","Amman","35.9263","31.9497","Lower middle income","IBRD"
"Jordan","JO","JOR",2022,"","2026-01-28",11256263,77.088,"Middle East & North Africa","Amman","35.9263","31.9497","Lower middle income","IBRD"
"Jordan","JO","JOR",2017,"","2026-01-28",10234226,76.071,"Middle East & North Africa","Amman","35.9263","31.9497","Lower middle income","IBRD"
"Jordan","JO","JOR",2000,"","2026-01-28",5386945,71.926,"Middle East & North Africa","Amman","35.9263","31.9497","Lower middle income","IBRD"
"Jordan","JO","JOR",2021,"","2026-01-28",11066356,74.204,"Middle East & North Africa","Amman","35.9263","31.9497","Lower middle income","IBRD"
"Jordan","JO","JOR",2011,"","2026-01-28",7480424,73.929,"Middle East & North Africa","Amman","35.9263","31.9497","Lower middle income","IBRD"
"Jordan","JO","JOR",2020,"","2026-01-28",10865228,75.583,"Middle East & North Africa","Amman","35.9263","31.9497","Lower middle income","IBRD"
"Jordan","JO","JOR",2009,"","2026-01-28",7141753,73.707,"Middle East & North Africa","Amman","35.9263","31.9497","Lower middle income","IBRD"
"Jordan","JO","JOR",2002,"","2026-01-28",5616066,72.359,"Middle East & North Africa","Amman","35.9263","31.9497","Lower middle income","IBRD"
"Jordan","JO","JOR",2019,"","2026-01-28",10671891,76.865,"Middle East & North Africa","Amman","35.9263","31.9497","Lower middle income","IBRD"
"Jordan","JO","JOR",2010,"","2026-01-28",7297043,73.797,"Middle East & North Africa","Amman","35.9263","31.9497","Lower middle income","IBRD"
"Jordan","JO","JOR",2024,"","2026-01-28",11552876,NA,"Middle East & North Africa","Amman","35.9263","31.9497","Lower middle income","IBRD"
"Kazakhstan","KZ","KAZ",2008,"","2026-01-28",16426525,66.759,"Europe & Central Asia","Astana","71.4382","51.1879","Upper middle income","IBRD"
"Kazakhstan","KZ","KAZ",2009,"","2026-01-28",16619846,67.46,"Europe & Central Asia","Astana","71.4382","51.1879","Upper middle income","IBRD"
"Kazakhstan","KZ","KAZ",2020,"","2026-01-28",19482117,71.195,"Europe & Central Asia","Astana","71.4382","51.1879","Upper middle income","IBRD"
"Kazakhstan","KZ","KAZ",2005,"","2026-01-28",15968117,65.356,"Europe & Central Asia","Astana","71.4382","51.1879","Upper middle income","IBRD"
"Kazakhstan","KZ","KAZ",2006,"","2026-01-28",16103716,65.722,"Europe & Central Asia","Astana","71.4382","51.1879","Upper middle income","IBRD"
"Kazakhstan","KZ","KAZ",2010,"","2026-01-28",16836810,68.257,"Europe & Central Asia","Astana","71.4382","51.1879","Upper middle income","IBRD"
"Kazakhstan","KZ","KAZ",2011,"","2026-01-28",17066002,69.108,"Europe & Central Asia","Astana","71.4382","51.1879","Upper middle income","IBRD"
"Kazakhstan","KZ","KAZ",2012,"","2026-01-28",17306106,69.939,"Europe & Central Asia","Astana","71.4382","51.1879","Upper middle income","IBRD"
"Kazakhstan","KZ","KAZ",2007,"","2026-01-28",16257214,66.18,"Europe & Central Asia","Astana","71.4382","51.1879","Upper middle income","IBRD"
"Kazakhstan","KZ","KAZ",2018,"","2026-01-28",18932727,73.369,"Europe & Central Asia","Astana","71.4382","51.1879","Upper middle income","IBRD"
"Kazakhstan","KZ","KAZ",2019,"","2026-01-28",19209555,73.658,"Europe & Central Asia","Astana","71.4382","51.1879","Upper middle income","IBRD"
"Kazakhstan","KZ","KAZ",2004,"","2026-01-28",15850159,65.04,"Europe & Central Asia","Astana","71.4382","51.1879","Upper middle income","IBRD"
"Kazakhstan","KZ","KAZ",2013,"","2026-01-28",17556502,70.719,"Europe & Central Asia","Astana","71.4382","51.1879","Upper middle income","IBRD"
"Kazakhstan","KZ","KAZ",2022,"","2026-01-28",20034609,73.503,"Europe & Central Asia","Astana","71.4382","51.1879","Upper middle income","IBRD"
"Kazakhstan","KZ","KAZ",2014,"","2026-01-28",17816285,71.415,"Europe & Central Asia","Astana","71.4382","51.1879","Upper middle income","IBRD"
"Kazakhstan","KZ","KAZ",2015,"","2026-01-28",18084169,72.024,"Europe & Central Asia","Astana","71.4382","51.1879","Upper middle income","IBRD"
"Kazakhstan","KZ","KAZ",2021,"","2026-01-28",19743603,70.131,"Europe & Central Asia","Astana","71.4382","51.1879","Upper middle income","IBRD"
"Kazakhstan","KZ","KAZ",2016,"","2026-01-28",18363600,72.549,"Europe & Central Asia","Astana","71.4382","51.1879","Upper middle income","IBRD"
"Kazakhstan","KZ","KAZ",2017,"","2026-01-28",18651931,72.996,"Europe & Central Asia","Astana","71.4382","51.1879","Upper middle income","IBRD"
"Kazakhstan","KZ","KAZ",2003,"","2026-01-28",15747380,64.753,"Europe & Central Asia","Astana","71.4382","51.1879","Upper middle income","IBRD"
"Kazakhstan","KZ","KAZ",2023,"","2026-01-28",20330104,74.402,"Europe & Central Asia","Astana","71.4382","51.1879","Upper middle income","IBRD"
"Kazakhstan","KZ","KAZ",2000,"","2026-01-28",15501103,63.793,"Europe & Central Asia","Astana","71.4382","51.1879","Upper middle income","IBRD"
"Kazakhstan","KZ","KAZ",2001,"","2026-01-28",15575550,64.108,"Europe & Central Asia","Astana","71.4382","51.1879","Upper middle income","IBRD"
"Kazakhstan","KZ","KAZ",2002,"","2026-01-28",15656677,64.441,"Europe & Central Asia","Astana","71.4382","51.1879","Upper middle income","IBRD"
"Kazakhstan","KZ","KAZ",2024,"","2026-01-28",20592571,NA,"Europe & Central Asia","Astana","71.4382","51.1879","Upper middle income","IBRD"
"Kenya","KE","KEN",2022,"","2026-01-28",54252461,63.549,"Sub-Saharan Africa","Nairobi","36.8126","-1.27975","Lower middle income","Blend"
"Kenya","KE","KEN",2017,"","2026-01-28",49197766,62.725,"Sub-Saharan Africa","Nairobi","36.8126","-1.27975","Lower middle income","Blend"
"Kenya","KE","KEN",2024,"","2026-01-28",56432944,NA,"Sub-Saharan Africa","Nairobi","36.8126","-1.27975","Lower middle income","Blend"
"Kenya","KE","KEN",2021,"","2026-01-28",53219166,61.225,"Sub-Saharan Africa","Nairobi","36.8126","-1.27975","Lower middle income","Blend"
"Kenya","KE","KEN",2006,"","2026-01-28",36904008,59.059,"Sub-Saharan Africa","Nairobi","36.8126","-1.27975","Lower middle income","Blend"
"Kenya","KE","KEN",2018,"","2026-01-28",50207107,62.825,"Sub-Saharan Africa","Nairobi","36.8126","-1.27975","Lower middle income","Blend"
"Kenya","KE","KEN",2020,"","2026-01-28",52217334,61.596,"Sub-Saharan Africa","Nairobi","36.8126","-1.27975","Lower middle income","Blend"
"Kenya","KE","KEN",2016,"","2026-01-28",48139687,62.526,"Sub-Saharan Africa","Nairobi","36.8126","-1.27975","Lower middle income","Blend"
"Kenya","KE","KEN",2011,"","2026-01-28",42758461,61.283,"Sub-Saharan Africa","Nairobi","36.8126","-1.27975","Lower middle income","Blend"
"Kenya","KE","KEN",2007,"","2026-01-28",38036349,59.407,"Sub-Saharan Africa","Nairobi","36.8126","-1.27975","Lower middle income","Blend"
"Kenya","KE","KEN",2023,"","2026-01-28",55339003,63.646,"Sub-Saharan Africa","Nairobi","36.8126","-1.27975","Lower middle income","Blend"
"Kenya","KE","KEN",2019,"","2026-01-28",51202827,62.939,"Sub-Saharan Africa","Nairobi","36.8126","-1.27975","Lower middle income","Blend"
"Kenya","KE","KEN",2003,"","2026-01-28",33652223,57.369,"Sub-Saharan Africa","Nairobi","36.8126","-1.27975","Lower middle income","Blend"
"Kenya","KE","KEN",2004,"","2026-01-28",34713455,57.947,"Sub-Saharan Africa","Nairobi","36.8126","-1.27975","Lower middle income","Blend"
"Kenya","KE","KEN",2008,"","2026-01-28",39206351,59.955,"Sub-Saharan Africa","Nairobi","36.8126","-1.27975","Lower middle income","Blend"
"Kenya","KE","KEN",2000,"","2026-01-28",30642890,56.084,"Sub-Saharan Africa","Nairobi","36.8126","-1.27975","Lower middle income","Blend"
"Kenya","KE","KEN",2009,"","2026-01-28",40408891,60.483,"Sub-Saharan Africa","Nairobi","36.8126","-1.27975","Lower middle income","Blend"
"Kenya","KE","KEN",2010,"","2026-01-28",41598567,60.915,"Sub-Saharan Africa","Nairobi","36.8126","-1.27975","Lower middle income","Blend"
"Kenya","KE","KEN",2005,"","2026-01-28",35796484,58.51,"Sub-Saharan Africa","Nairobi","36.8126","-1.27975","Lower middle income","Blend"
"Kenya","KE","KEN",2012,"","2026-01-28",43888303,61.537,"Sub-Saharan Africa","Nairobi","36.8126","-1.27975","Lower middle income","Blend"
"Kenya","KE","KEN",2014,"","2026-01-28",46051440,61.99,"Sub-Saharan Africa","Nairobi","36.8126","-1.27975","Lower middle income","Blend"
"Kenya","KE","KEN",2015,"","2026-01-28",47088526,62.279,"Sub-Saharan Africa","Nairobi","36.8126","-1.27975","Lower middle income","Blend"
"Kenya","KE","KEN",2002,"","2026-01-28",32629808,56.759,"Sub-Saharan Africa","Nairobi","36.8126","-1.27975","Lower middle income","Blend"
"Kenya","KE","KEN",2013,"","2026-01-28",44986791,61.729,"Sub-Saharan Africa","Nairobi","36.8126","-1.27975","Lower middle income","Blend"
"Kenya","KE","KEN",2001,"","2026-01-28",31619170,56.501,"Sub-Saharan Africa","Nairobi","36.8126","-1.27975","Lower middle income","Blend"
"Kiribati","KI","KIR",2000,"","2026-01-28",88613,64.674,"East Asia & Pacific","Tarawa","172.979","1.32905","Lower middle income","IDA"
"Kiribati","KI","KIR",2001,"","2026-01-28",90335,64.918,"East Asia & Pacific","Tarawa","172.979","1.32905","Lower middle income","IDA"
"Kiribati","KI","KIR",2003,"","2026-01-28",94175,65.287,"East Asia & Pacific","Tarawa","172.979","1.32905","Lower middle income","IDA"
"Kiribati","KI","KIR",2013,"","2026-01-28",113838,65.898,"East Asia & Pacific","Tarawa","172.979","1.32905","Lower middle income","IDA"
"Kiribati","KI","KIR",2020,"","2026-01-28",126099,65.205,"East Asia & Pacific","Tarawa","172.979","1.32905","Lower middle income","IDA"
"Kiribati","KI","KIR",2002,"","2026-01-28",92264,65.123,"East Asia & Pacific","Tarawa","172.979","1.32905","Lower middle income","IDA"
"Kiribati","KI","KIR",2011,"","2026-01-28",110647,65.896,"East Asia & Pacific","Tarawa","172.979","1.32905","Lower middle income","IDA"
"Kiribati","KI","KIR",2012,"","2026-01-28",112284,65.908,"East Asia & Pacific","Tarawa","172.979","1.32905","Lower middle income","IDA"
"Kiribati","KI","KIR",2023,"","2026-01-28",132530,66.473,"East Asia & Pacific","Tarawa","172.979","1.32905","Lower middle income","IDA"
"Kiribati","KI","KIR",2004,"","2026-01-28",96085,65.416,"East Asia & Pacific","Tarawa","172.979","1.32905","Lower middle income","IDA"
"Kiribati","KI","KIR",2014,"","2026-01-28",115326,65.869,"East Asia & Pacific","Tarawa","172.979","1.32905","Lower middle income","IDA"
"Kiribati","KI","KIR",2015,"","2026-01-28",116815,65.831,"East Asia & Pacific","Tarawa","172.979","1.32905","Lower middle income","IDA"
"Kiribati","KI","KIR",2008,"","2026-01-28",104222,65.746,"East Asia & Pacific","Tarawa","172.979","1.32905","Lower middle income","IDA"
"Kiribati","KI","KIR",2006,"","2026-01-28",100017,65.601,"East Asia & Pacific","Tarawa","172.979","1.32905","Lower middle income","IDA"
"Kiribati","KI","KIR",2010,"","2026-01-28",108704,65.859,"East Asia & Pacific","Tarawa","172.979","1.32905","Lower middle income","IDA"
"Kiribati","KI","KIR",2018,"","2026-01-28",122084,65.807,"East Asia & Pacific","Tarawa","172.979","1.32905","Lower middle income","IDA"
"Kiribati","KI","KIR",2019,"","2026-01-28",123921,65.866,"East Asia & Pacific","Tarawa","172.979","1.32905","Lower middle income","IDA"
"Kiribati","KI","KIR",2016,"","2026-01-28",118478,65.799,"East Asia & Pacific","Tarawa","172.979","1.32905","Lower middle income","IDA"
"Kiribati","KI","KIR",2021,"","2026-01-28",128377,64.148,"East Asia & Pacific","Tarawa","172.979","1.32905","Lower middle income","IDA"
"Kiribati","KI","KIR",2022,"","2026-01-28",130469,66.269,"East Asia & Pacific","Tarawa","172.979","1.32905","Lower middle income","IDA"
"Kiribati","KI","KIR",2009,"","2026-01-28",106467,65.808,"East Asia & Pacific","Tarawa","172.979","1.32905","Lower middle income","IDA"
"Kiribati","KI","KIR",2024,"","2026-01-28",134518,NA,"East Asia & Pacific","Tarawa","172.979","1.32905","Lower middle income","IDA"
"Kiribati","KI","KIR",2005,"","2026-01-28",98035,65.517,"East Asia & Pacific","Tarawa","172.979","1.32905","Lower middle income","IDA"
"Kiribati","KI","KIR",2017,"","2026-01-28",120275,65.787,"East Asia & Pacific","Tarawa","172.979","1.32905","Lower middle income","IDA"
"Kiribati","KI","KIR",2007,"","2026-01-28",102068,65.677,"East Asia & Pacific","Tarawa","172.979","1.32905","Lower middle income","IDA"
"Korea, Dem. People's Rep.","KP","PRK",2012,"","2026-01-28",25211728,71.317,"East Asia & Pacific","Pyongyang","125.754","39.0319","Low income","Not classified"
"Korea, Dem. People's Rep.","KP","PRK",2011,"","2026-01-28",25097874,70.772,"East Asia & Pacific","Pyongyang","125.754","39.0319","Low income","Not classified"
"Korea, Dem. People's Rep.","KP","PRK",2018,"","2026-01-28",25931147,73.02,"East Asia & Pacific","Pyongyang","125.754","39.0319","Low income","Not classified"
"Korea, Dem. People's Rep.","KP","PRK",2023,"","2026-01-28",26418204,73.642,"East Asia & Pacific","Pyongyang","125.754","39.0319","Low income","Not classified"
"Korea, Dem. People's Rep.","KP","PRK",2024,"","2026-01-28",26498823,NA,"East Asia & Pacific","Pyongyang","125.754","39.0319","Low income","Not classified"
"Korea, Dem. People's Rep.","KP","PRK",2010,"","2026-01-28",24987258,70.246,"East Asia & Pacific","Pyongyang","125.754","39.0319","Low income","Not classified"
"Korea, Dem. People's Rep.","KP","PRK",2019,"","2026-01-28",26037632,72.928,"East Asia & Pacific","Pyongyang","125.754","39.0319","Low income","Not classified"
"Korea, Dem. People's Rep.","KP","PRK",2013,"","2026-01-28",25329451,71.867,"East Asia & Pacific","Pyongyang","125.754","39.0319","Low income","Not classified"
"Korea, Dem. People's Rep.","KP","PRK",2014,"","2026-01-28",25451262,72.451,"East Asia & Pacific","Pyongyang","125.754","39.0319","Low income","Not classified"
"Korea, Dem. People's Rep.","KP","PRK",2009,"","2026-01-28",24878332,69.702,"East Asia & Pacific","Pyongyang","125.754","39.0319","Low income","Not classified"
"Korea, Dem. People's Rep.","KP","PRK",2022,"","2026-01-28",26328845,73.641,"East Asia & Pacific","Pyongyang","125.754","39.0319","Low income","Not classified"
"Korea, Dem. People's Rep.","KP","PRK",2001,"","2026-01-28",23815358,60.893,"East Asia & Pacific","Pyongyang","125.754","39.0319","Low income","Not classified"
"Korea, Dem. People's Rep.","KP","PRK",2017,"","2026-01-28",25817709,73.034,"East Asia & Pacific","Pyongyang","125.754","39.0319","Low income","Not classified"
"Korea, Dem. People's Rep.","KP","PRK",2015,"","2026-01-28",25575350,72.825,"East Asia & Pacific","Pyongyang","125.754","39.0319","Low income","Not classified"
"Korea, Dem. People's Rep.","KP","PRK",2002,"","2026-01-28",23943973,60.877,"East Asia & Pacific","Pyongyang","125.754","39.0319","Low income","Not classified"
"Korea, Dem. People's Rep.","KP","PRK",2021,"","2026-01-28",26232534,73.437,"East Asia & Pacific","Pyongyang","125.754","39.0319","Low income","Not classified"
"Korea, Dem. People's Rep.","KP","PRK",2007,"","2026-01-28",24646383,69.021,"East Asia & Pacific","Pyongyang","125.754","39.0319","Low income","Not classified"
"Korea, Dem. People's Rep.","KP","PRK",2008,"","2026-01-28",24764618,69.303,"East Asia & Pacific","Pyongyang","125.754","39.0319","Low income","Not classified"
"Korea, Dem. People's Rep.","KP","PRK",2016,"","2026-01-28",25698326,72.971,"East Asia & Pacific","Pyongyang","125.754","39.0319","Low income","Not classified"
"Korea, Dem. People's Rep.","KP","PRK",2000,"","2026-01-28",23665910,60.911,"East Asia & Pacific","Pyongyang","125.754","39.0319","Low income","Not classified"
"Korea, Dem. People's Rep.","KP","PRK",2005,"","2026-01-28",24396433,69.168,"East Asia & Pacific","Pyongyang","125.754","39.0319","Low income","Not classified"
"Korea, Dem. People's Rep.","KP","PRK",2020,"","2026-01-28",26136312,72.783,"East Asia & Pacific","Pyongyang","125.754","39.0319","Low income","Not classified"
"Korea, Dem. People's Rep.","KP","PRK",2006,"","2026-01-28",24524507,69.061,"East Asia & Pacific","Pyongyang","125.754","39.0319","Low income","Not classified"
"Korea, Dem. People's Rep.","KP","PRK",2004,"","2026-01-28",24254943,69.294,"East Asia & Pacific","Pyongyang","125.754","39.0319","Low income","Not classified"
"Korea, Dem. People's Rep.","KP","PRK",2003,"","2026-01-28",24090380,69.399,"East Asia & Pacific","Pyongyang","125.754","39.0319","Low income","Not classified"
"Korea, Rep.","KR","KOR",2001,"","2026-01-28",47370164,76.4121951219512,"East Asia & Pacific","Seoul","126.957","37.5323","High income","Not classified"
"Korea, Rep.","KR","KOR",2000,"","2026-01-28",47008111,75.909756097561,"East Asia & Pacific","Seoul","126.957","37.5323","High income","Not classified"
"Korea, Rep.","KR","KOR",2003,"","2026-01-28",47892330,77.2146341463415,"East Asia & Pacific","Seoul","126.957","37.5323","High income","Not classified"
"Korea, Rep.","KR","KOR",2009,"","2026-01-28",49307835,79.9682926829268,"East Asia & Pacific","Seoul","126.957","37.5323","High income","Not classified"
"Korea, Rep.","KR","KOR",2002,"","2026-01-28",47644736,76.7658536585366,"East Asia & Pacific","Seoul","126.957","37.5323","High income","Not classified"
"Korea, Rep.","KR","KOR",2023,"","2026-01-28",51712619,83.4292682926829,"East Asia & Pacific","Seoul","126.957","37.5323","High income","Not classified"
"Korea, Rep.","KR","KOR",2024,"","2026-01-28",51751065,NA,"East Asia & Pacific","Seoul","126.957","37.5323","High income","Not classified"
"Korea, Rep.","KR","KOR",2012,"","2026-01-28",50199853,80.819512195122,"East Asia & Pacific","Seoul","126.957","37.5323","High income","Not classified"
"Korea, Rep.","KR","KOR",2018,"","2026-01-28",51585058,82.6268292682927,"East Asia & Pacific","Seoul","126.957","37.5323","High income","Not classified"
"Korea, Rep.","KR","KOR",2010,"","2026-01-28",49554112,80.1170731707317,"East Asia & Pacific","Seoul","126.957","37.5323","High income","Not classified"
"Korea, Rep.","KR","KOR",2011,"","2026-01-28",49936638,80.5682926829269,"East Asia & Pacific","Seoul","126.957","37.5323","High income","Not classified"
"Korea, Rep.","KR","KOR",2008,"","2026-01-28",49054708,79.5170731707317,"East Asia & Pacific","Seoul","126.957","37.5323","High income","Not classified"
"Korea, Rep.","KR","KOR",2013,"","2026-01-28",50428893,81.2707317073171,"East Asia & Pacific","Seoul","126.957","37.5323","High income","Not classified"
"Korea, Rep.","KR","KOR",2016,"","2026-01-28",51217803,82.2756097560976,"East Asia & Pacific","Seoul","126.957","37.5323","High income","Not classified"
"Korea, Rep.","KR","KOR",2017,"","2026-01-28",51361911,82.6268292682927,"East Asia & Pacific","Seoul","126.957","37.5323","High income","Not classified"
"Korea, Rep.","KR","KOR",2015,"","2026-01-28",51014947,82.0243902439024,"East Asia & Pacific","Seoul","126.957","37.5323","High income","Not classified"
"Korea, Rep.","KR","KOR",2004,"","2026-01-28",48082519,77.6658536585366,"East Asia & Pacific","Seoul","126.957","37.5323","High income","Not classified"
"Korea, Rep.","KR","KOR",2006,"","2026-01-28",48438292,78.6682926829268,"East Asia & Pacific","Seoul","126.957","37.5323","High income","Not classified"
"Korea, Rep.","KR","KOR",2007,"","2026-01-28",48683638,79.119512195122,"East Asia & Pacific","Seoul","126.957","37.5323","High income","Not classified"
"Korea, Rep.","KR","KOR",2022,"","2026-01-28",51672569,82.6804878048781,"East Asia & Pacific","Seoul","126.957","37.5323","High income","Not classified"
"Korea, Rep.","KR","KOR",2005,"","2026-01-28",48184561,78.1682926829268,"East Asia & Pacific","Seoul","126.957","37.5323","High income","Not classified"
"Korea, Rep.","KR","KOR",2014,"","2026-01-28",50746659,81.7219512195122,"East Asia & Pacific","Seoul","126.957","37.5323","High income","Not classified"
"Korea, Rep.","KR","KOR",2019,"","2026-01-28",51764822,83.2268292682927,"East Asia & Pacific","Seoul","126.957","37.5323","High income","Not classified"
"Korea, Rep.","KR","KOR",2021,"","2026-01-28",51769539,83.5268292682927,"East Asia & Pacific","Seoul","126.957","37.5323","High income","Not classified"
"Korea, Rep.","KR","KOR",2020,"","2026-01-28",51836239,83.4268292682927,"East Asia & Pacific","Seoul","126.957","37.5323","High income","Not classified"
"Kosovo","XK","XKX",2018,"","2026-01-28",1797086,77.117,"Europe & Central Asia","Pristina","20.926","42.565","Upper middle income","IDA"
"Kosovo","XK","XKX",2005,"","2026-01-28",1818354,73.437,"Europe & Central Asia","Pristina","20.926","42.565","Upper middle income","IDA"
"Kosovo","XK","XKX",2017,"","2026-01-28",1791019,77.105,"Europe & Central Asia","Pristina","20.926","42.565","Upper middle income","IDA"
"Kosovo","XK","XKX",2004,"","2026-01-28",1822773,73.132,"Europe & Central Asia","Pristina","20.926","42.565","Upper middle income","IDA"
"Kosovo","XK","XKX",2008,"","2026-01-28",1800858,74.711,"Europe & Central Asia","Pristina","20.926","42.565","Upper middle income","IDA"
"Kosovo","XK","XKX",2002,"","2026-01-28",1829462,72.227,"Europe & Central Asia","Pristina","20.926","42.565","Upper middle income","IDA"
"Kosovo","XK","XKX",2007,"","2026-01-28",1807094,74.422,"Europe & Central Asia","Pristina","20.926","42.565","Upper middle income","IDA"
"Kosovo","XK","XKX",2016,"","2026-01-28",1777568,76.748,"Europe & Central Asia","Pristina","20.926","42.565","Upper middle income","IDA"
"Kosovo","XK","XKX",2009,"","2026-01-28",1794681,74.79,"Europe & Central Asia","Pristina","20.926","42.565","Upper middle income","IDA"
"Kosovo","XK","XKX",2006,"","2026-01-28",1813079,73.63,"Europe & Central Asia","Pristina","20.926","42.565","Upper middle income","IDA"
"Kosovo","XK","XKX",2003,"","2026-01-28",1826434,72.678,"Europe & Central Asia","Pristina","20.926","42.565","Upper middle income","IDA"
"Kosovo","XK","XKX",2011,"","2026-01-28",1791949,75.323,"Europe & Central Asia","Pristina","20.926","42.565","Upper middle income","IDA"
"Kosovo","XK","XKX",2000,"","2026-01-28",1802493,71.321,"Europe & Central Asia","Pristina","20.926","42.565","Upper middle income","IDA"
"Kosovo","XK","XKX",2001,"","2026-01-28",1820009,71.782,"Europe & Central Asia","Pristina","20.926","42.565","Upper middle income","IDA"
"Kosovo","XK","XKX",2021,"","2026-01-28",1786079,74.981,"Europe & Central Asia","Pristina","20.926","42.565","Upper middle income","IDA"
"Kosovo","XK","XKX",2015,"","2026-01-28",1788274,76.024,"Europe & Central Asia","Pristina","20.926","42.565","Upper middle income","IDA"
"Kosovo","XK","XKX",2019,"","2026-01-28",1788891,77.249,"Europe & Central Asia","Pristina","20.926","42.565","Upper middle income","IDA"
"Kosovo","XK","XKX",2020,"","2026-01-28",1790151,74.212,"Europe & Central Asia","Pristina","20.926","42.565","Upper middle income","IDA"
"Kosovo","XK","XKX",2014,"","2026-01-28",1812788,76.179,"Europe & Central Asia","Pristina","20.926","42.565","Upper middle income","IDA"
"Kosovo","XK","XKX",2013,"","2026-01-28",1818119,76.336,"Europe & Central Asia","Pristina","20.926","42.565","Upper middle income","IDA"
"Kosovo","XK","XKX",2010,"","2026-01-28",1788743,74.609,"Europe & Central Asia","Pristina","20.926","42.565","Upper middle income","IDA"
"Kosovo","XK","XKX",2012,"","2026-01-28",1807126,75.75,"Europe & Central Asia","Pristina","20.926","42.565","Upper middle income","IDA"
"Kosovo","XK","XKX",2022,"","2026-01-28",1768096,77.623,"Europe & Central Asia","Pristina","20.926","42.565","Upper middle income","IDA"
"Kosovo","XK","XKX",2024,"","2026-01-28",1594353,NA,"Europe & Central Asia","Pristina","20.926","42.565","Upper middle income","IDA"
"Kosovo","XK","XKX",2023,"","2026-01-28",1682668,78.033,"Europe & Central Asia","Pristina","20.926","42.565","Upper middle income","IDA"
"Kuwait","KW","KWT",2015,"","2026-01-28",3834574,79.3765609756098,"Middle East & North Africa","Kuwait City","47.9824","29.3721","High income","Not classified"
"Kuwait","KW","KWT",2022,"","2026-01-28",4589643,80.5878048780488,"Middle East & North Africa","Kuwait City","47.9824","29.3721","High income","Not classified"
"Kuwait","KW","KWT",2016,"","2026-01-28",4004096,79.6775853658537,"Middle East & North Africa","Kuwait City","47.9824","29.3721","High income","Not classified"
"Kuwait","KW","KWT",2021,"","2026-01-28",4360865,78.7365853658537,"Middle East & North Africa","Kuwait City","47.9824","29.3721","High income","Not classified"
"Kuwait","KW","KWT",2009,"","2026-01-28",2795484,77.4333658536585,"Middle East & North Africa","Kuwait City","47.9824","29.3721","High income","Not classified"
"Kuwait","KW","KWT",2023,"","2026-01-28",4853420,83.1878048780488,"Middle East & North Africa","Kuwait City","47.9824","29.3721","High income","Not classified"
"Kuwait","KW","KWT",2019,"","2026-01-28",4442316,81.969756097561,"Middle East & North Africa","Kuwait City","47.9824","29.3721","High income","Not classified"
"Kuwait","KW","KWT",2014,"","2026-01-28",3665876,79.0803414634146,"Middle East & North Africa","Kuwait City","47.9824","29.3721","High income","Not classified"
"Kuwait","KW","KWT",2001,"","2026-01-28",2008121,76.3843414634146,"Middle East & North Africa","Kuwait City","47.9824","29.3721","High income","Not classified"
"Kuwait","KW","KWT",2002,"","2026-01-28",2059974,76.5316341463415,"Middle East & North Africa","Kuwait City","47.9824","29.3721","High income","Not classified"
"Kuwait","KW","KWT",2024,"","2026-01-28",4897263,NA,"Middle East & North Africa","Kuwait City","47.9824","29.3721","High income","Not classified"
"Kuwait","KW","KWT",2020,"","2026-01-28",4400267,78.7609756097561,"Middle East & North Africa","Kuwait City","47.9824","29.3721","High income","Not classified"
"Kuwait","KW","KWT",2018,"","2026-01-28",4323515,80.1063658536585,"Middle East & North Africa","Kuwait City","47.9824","29.3721","High income","Not classified"
"Kuwait","KW","KWT",2004,"","2026-01-28",2157320,76.7276829268293,"Middle East & North Africa","Kuwait City","47.9824","29.3721","High income","Not classified"
"Kuwait","KW","KWT",2003,"","2026-01-28",2109881,76.6445609756098,"Middle East & North Africa","Kuwait City","47.9824","29.3721","High income","Not classified"
"Kuwait","KW","KWT",2017,"","2026-01-28",4154812,79.9160731707317,"Middle East & North Africa","Kuwait City","47.9824","29.3721","High income","Not classified"
"Kuwait","KW","KWT",2007,"","2026-01-28",2507887,77.0101707317073,"Middle East & North Africa","Kuwait City","47.9824","29.3721","High income","Not classified"
"Kuwait","KW","KWT",2008,"","2026-01-28",2651421,77.1890487804878,"Middle East & North Africa","Kuwait City","47.9824","29.3721","High income","Not classified"
"Kuwait","KW","KWT",2005,"","2026-01-28",2236788,76.8007804878049,"Middle East & North Africa","Kuwait City","47.9824","29.3721","High income","Not classified"
"Kuwait","KW","KWT",2006,"","2026-01-28",2364733,76.8876829268293,"Middle East & North Africa","Kuwait City","47.9824","29.3721","High income","Not classified"
"Kuwait","KW","KWT",2012,"","2026-01-28",3337109,78.3950243902439,"Middle East & North Africa","Kuwait City","47.9824","29.3721","High income","Not classified"
"Kuwait","KW","KWT",2013,"","2026-01-28",3507844,78.7418048780488,"Middle East & North Africa","Kuwait City","47.9824","29.3721","High income","Not classified"
"Kuwait","KW","KWT",2000,"","2026-01-28",1954709,76.2258780487805,"Middle East & North Africa","Kuwait City","47.9824","29.3721","High income","Not classified"
"Kuwait","KW","KWT",2010,"","2026-01-28",2943372,77.7262195121951,"Middle East & North Africa","Kuwait City","47.9824","29.3721","High income","Not classified"
"Kuwait","KW","KWT",2011,"","2026-01-28",3132814,78.052243902439,"Middle East & North Africa","Kuwait City","47.9824","29.3721","High income","Not classified"
"Kyrgyz Republic","KG","KGZ",2008,"","2026-01-28",5318729,68.4512195121951,"Europe & Central Asia","Bishkek","74.6057","42.8851","Lower middle income","IDA"
"Kyrgyz Republic","KG","KGZ",2019,"","2026-01-28",6590211,71.6,"Europe & Central Asia","Bishkek","74.6057","42.8851","Lower middle income","IDA"
"Kyrgyz Republic","KG","KGZ",2006,"","2026-01-28",5218373,67.6951219512195,"Europe & Central Asia","Bishkek","74.6057","42.8851","Lower middle income","IDA"
"Kyrgyz Republic","KG","KGZ",2007,"","2026-01-28",5268385,67.8951219512195,"Europe & Central Asia","Bishkek","74.6057","42.8851","Lower middle income","IDA"
"Kyrgyz Republic","KG","KGZ",2011,"","2026-01-28",5546587,69.6024390243903,"Europe & Central Asia","Bishkek","74.6057","42.8851","Lower middle income","IDA"
"Kyrgyz Republic","KG","KGZ",2004,"","2026-01-28",5104713,68.1536585365854,"Europe & Central Asia","Bishkek","74.6057","42.8851","Lower middle income","IDA"
"Kyrgyz Republic","KG","KGZ",2009,"","2026-01-28",5389643,69.1024390243903,"Europe & Central Asia","Bishkek","74.6057","42.8851","Lower middle income","IDA"
"Kyrgyz Republic","KG","KGZ",2010,"","2026-01-28",5467059,69.3,"Europe & Central Asia","Bishkek","74.6057","42.8851","Lower middle income","IDA"
"Kyrgyz Republic","KG","KGZ",2003,"","2026-01-28",5043308,68.2560975609756,"Europe & Central Asia","Bishkek","74.6057","42.8851","Lower middle income","IDA"
"Kyrgyz Republic","KG","KGZ",2015,"","2026-01-28",6040036,70.6512195121951,"Europe & Central Asia","Bishkek","74.6057","42.8851","Lower middle income","IDA"
"Kyrgyz Republic","KG","KGZ",2005,"","2026-01-28",5162640,67.9560975609756,"Europe & Central Asia","Bishkek","74.6057","42.8851","Lower middle income","IDA"
"Kyrgyz Republic","KG","KGZ",2013,"","2026-01-28",5777150,70.2024390243902,"Europe & Central Asia","Bishkek","74.6057","42.8851","Lower middle income","IDA"
"Kyrgyz Republic","KG","KGZ",2014,"","2026-01-28",5905848,70.4024390243902,"Europe & Central Asia","Bishkek","74.6057","42.8851","Lower middle income","IDA"
"Kyrgyz Republic","KG","KGZ",2018,"","2026-01-28",6444079,71.4,"Europe & Central Asia","Bishkek","74.6057","42.8851","Lower middle income","IDA"
"Kyrgyz Republic","KG","KGZ",2002,"","2026-01-28",4990704,68.1560975609756,"Europe & Central Asia","Bishkek","74.6057","42.8851","Lower middle income","IDA"
"Kyrgyz Republic","KG","KGZ",2016,"","2026-01-28",6175338,70.9512195121951,"Europe & Central Asia","Bishkek","74.6057","42.8851","Lower middle income","IDA"
"Kyrgyz Republic","KG","KGZ",2017,"","2026-01-28",6306696,71.2,"Europe & Central Asia","Bishkek","74.6057","42.8851","Lower middle income","IDA"
"Kyrgyz Republic","KG","KGZ",2001,"","2026-01-28",4945073,68.7073170731707,"Europe & Central Asia","Bishkek","74.6057","42.8851","Lower middle income","IDA"
"Kyrgyz Republic","KG","KGZ",2021,"","2026-01-28",6851224,71.9,"Europe & Central Asia","Bishkek","74.6057","42.8851","Lower middle income","IDA"
"Kyrgyz Republic","KG","KGZ",2000,"","2026-01-28",4898362,68.5585365853659,"Europe & Central Asia","Bishkek","74.6057","42.8851","Lower middle income","IDA"
"Kyrgyz Republic","KG","KGZ",2024,"","2026-01-28",7221868,NA,"Europe & Central Asia","Bishkek","74.6057","42.8851","Lower middle income","IDA"
"Kyrgyz Republic","KG","KGZ",2020,"","2026-01-28",6726596,71.8,"Europe & Central Asia","Bishkek","74.6057","42.8851","Lower middle income","IDA"
"Kyrgyz Republic","KG","KGZ",2012,"","2026-01-28",5652076,70.0024390243902,"Europe & Central Asia","Bishkek","74.6057","42.8851","Lower middle income","IDA"
"Kyrgyz Republic","KG","KGZ",2023,"","2026-01-28",7099750,72.2487804878049,"Europe & Central Asia","Bishkek","74.6057","42.8851","Lower middle income","IDA"
"Kyrgyz Republic","KG","KGZ",2022,"","2026-01-28",6975220,72.0487804878049,"Europe & Central Asia","Bishkek","74.6057","42.8851","Lower middle income","IDA"
"Lao PDR","LA","LAO",2018,"","2026-01-28",7128045,67.594,"East Asia & Pacific","Vientiane","102.177","18.5826","Lower middle income","IDA"
"Lao PDR","LA","LAO",2007,"","2026-01-28",6056236,61.694,"East Asia & Pacific","Vientiane","102.177","18.5826","Lower middle income","IDA"
"Lao PDR","LA","LAO",2013,"","2026-01-28",6611385,65.723,"East Asia & Pacific","Vientiane","102.177","18.5826","Lower middle income","IDA"
"Lao PDR","LA","LAO",2016,"","2026-01-28",6908802,67.014,"East Asia & Pacific","Vientiane","102.177","18.5826","Lower middle income","IDA"
"Lao PDR","LA","LAO",2017,"","2026-01-28",7018147,67.345,"East Asia & Pacific","Vientiane","102.177","18.5826","Lower middle income","IDA"
"Lao PDR","LA","LAO",2009,"","2026-01-28",6241642,63.023,"East Asia & Pacific","Vientiane","102.177","18.5826","Lower middle income","IDA"
"Lao PDR","LA","LAO",2010,"","2026-01-28",6334194,63.69,"East Asia & Pacific","Vientiane","102.177","18.5826","Lower middle income","IDA"
"Lao PDR","LA","LAO",2006,"","2026-01-28",5963200,61.074,"East Asia & Pacific","Vientiane","102.177","18.5826","Lower middle income","IDA"
"Lao PDR","LA","LAO",2002,"","2026-01-28",5610889,59.302,"East Asia & Pacific","Vientiane","102.177","18.5826","Lower middle income","IDA"
"Lao PDR","LA","LAO",2022,"","2026-01-28",7559007,68.715,"East Asia & Pacific","Vientiane","102.177","18.5826","Lower middle income","IDA"
"Lao PDR","LA","LAO",2011,"","2026-01-28",6426590,64.505,"East Asia & Pacific","Vientiane","102.177","18.5826","Lower middle income","IDA"
"Lao PDR","LA","LAO",2015,"","2026-01-28",6801645,66.688,"East Asia & Pacific","Vientiane","102.177","18.5826","Lower middle income","IDA"
"Lao PDR","LA","LAO",2012,"","2026-01-28",6518978,65.126,"East Asia & Pacific","Vientiane","102.177","18.5826","Lower middle income","IDA"
"Lao PDR","LA","LAO",2003,"","2026-01-28",5697945,59.643,"East Asia & Pacific","Vientiane","102.177","18.5826","Lower middle income","IDA"
"Lao PDR","LA","LAO",2004,"","2026-01-28",5781626,60.08,"East Asia & Pacific","Vientiane","102.177","18.5826","Lower middle income","IDA"
"Lao PDR","LA","LAO",2008,"","2026-01-28",6148969,62.248,"East Asia & Pacific","Vientiane","102.177","18.5826","Lower middle income","IDA"
"Lao PDR","LA","LAO",2014,"","2026-01-28",6703172,66.35,"East Asia & Pacific","Vientiane","102.177","18.5826","Lower middle income","IDA"
"Lao PDR","LA","LAO",2019,"","2026-01-28",7237636,67.911,"East Asia & Pacific","Vientiane","102.177","18.5826","Lower middle income","IDA"
"Lao PDR","LA","LAO",2020,"","2026-01-28",7346533,68.339,"East Asia & Pacific","Vientiane","102.177","18.5826","Lower middle income","IDA"
"Lao PDR","LA","LAO",2005,"","2026-01-28",5869523,60.688,"East Asia & Pacific","Vientiane","102.177","18.5826","Lower middle income","IDA"
"Lao PDR","LA","LAO",2001,"","2026-01-28",5521482,58.887,"East Asia & Pacific","Vientiane","102.177","18.5826","Lower middle income","IDA"
"Lao PDR","LA","LAO",2000,"","2026-01-28",5431212,58.317,"East Asia & Pacific","Vientiane","102.177","18.5826","Lower middle income","IDA"
"Lao PDR","LA","LAO",2021,"","2026-01-28",7453194,67.807,"East Asia & Pacific","Vientiane","102.177","18.5826","Lower middle income","IDA"
"Lao PDR","LA","LAO",2023,"","2026-01-28",7664993,68.964,"East Asia & Pacific","Vientiane","102.177","18.5826","Lower middle income","IDA"
"Lao PDR","LA","LAO",2024,"","2026-01-28",7769819,NA,"East Asia & Pacific","Vientiane","102.177","18.5826","Lower middle income","IDA"
"Late-demographic dividend","V3","LTE",2014,"","2026-01-28",2241122152,75.8239893452748,"Aggregates","","","","Aggregates","Aggregates"
"Late-demographic dividend","V3","LTE",2024,"","2026-01-28",2328628339,NA,"Aggregates","","","","Aggregates","Aggregates"
"Late-demographic dividend","V3","LTE",2020,"","2026-01-28",2316152451,76.6935638074913,"Aggregates","","","","Aggregates","Aggregates"
"Late-demographic dividend","V3","LTE",2021,"","2026-01-28",2320127638,76.3060136977083,"Aggregates","","","","Aggregates","Aggregates"
"Late-demographic dividend","V3","LTE",2010,"","2026-01-28",2179525352,74.7108209347901,"Aggregates","","","","Aggregates","Aggregates"
"Late-demographic dividend","V3","LTE",2015,"","2026-01-28",2256126712,76.0762328807769,"Aggregates","","","","Aggregates","Aggregates"
"Late-demographic dividend","V3","LTE",2004,"","2026-01-28",2099412663,72.622308504374,"Aggregates","","","","Aggregates","Aggregates"
"Late-demographic dividend","V3","LTE",2005,"","2026-01-28",2112603351,73.007214154553,"Aggregates","","","","Aggregates","Aggregates"
"Late-demographic dividend","V3","LTE",2023,"","2026-01-28",2326296729,77.1297750439663,"Aggregates","","","","Aggregates","Aggregates"
"Late-demographic dividend","V3","LTE",2003,"","2026-01-28",2086139068,72.3420403334068,"Aggregates","","","","Aggregates","Aggregates"
"Late-demographic dividend","V3","LTE",2011,"","2026-01-28",2193171336,74.9999962879426,"Aggregates","","","","Aggregates","Aggregates"
"Late-demographic dividend","V3","LTE",2012,"","2026-01-28",2209319631,75.2993648872023,"Aggregates","","","","Aggregates","Aggregates"
"Late-demographic dividend","V3","LTE",2006,"","2026-01-28",2126122277,73.3817363374868,"Aggregates","","","","Aggregates","Aggregates"
"Late-demographic dividend","V3","LTE",2007,"","2026-01-28",2139958608,73.7749281005029,"Aggregates","","","","Aggregates","Aggregates"
"Late-demographic dividend","V3","LTE",2000,"","2026-01-28",2043581322,71.2853076947069,"Aggregates","","","","Aggregates","Aggregates"
"Late-demographic dividend","V3","LTE",2001,"","2026-01-28",2058600486,71.6274933298313,"Aggregates","","","","Aggregates","Aggregates"
"Late-demographic dividend","V3","LTE",2002,"","2026-01-28",2072599555,71.9275718160017,"Aggregates","","","","Aggregates","Aggregates"
"Late-demographic dividend","V3","LTE",2022,"","2026-01-28",2323799591,76.9543256667468,"Aggregates","","","","Aggregates","Aggregates"
"Late-demographic dividend","V3","LTE",2017,"","2026-01-28",2285870134,76.4174343501022,"Aggregates","","","","Aggregates","Aggregates"
"Late-demographic dividend","V3","LTE",2008,"","2026-01-28",2153941306,73.9252633570755,"Aggregates","","","","Aggregates","Aggregates"
"Late-demographic dividend","V3","LTE",2009,"","2026-01-28",2167303374,74.3481601286124,"Aggregates","","","","Aggregates","Aggregates"
"Late-demographic dividend","V3","LTE",2016,"","2026-01-28",2270841806,76.2928997245812,"Aggregates","","","","Aggregates","Aggregates"
"Late-demographic dividend","V3","LTE",2018,"","2026-01-28",2298394042,76.7781489421434,"Aggregates","","","","Aggregates","Aggregates"
"Late-demographic dividend","V3","LTE",2019,"","2026-01-28",2308878047,76.9979606258316,"Aggregates","","","","Aggregates","Aggregates"
"Late-demographic dividend","V3","LTE",2013,"","2026-01-28",2225005187,75.5790485316218,"Aggregates","","","","Aggregates","Aggregates"
"Latin America & Caribbean","ZJ","LCN",2000,"","2026-01-28",520272118,70.8691414957334,NA,NA,NA,NA,NA,NA
"Latin America & Caribbean","ZJ","LCN",2001,"","2026-01-28",527572583,71.1505464911298,NA,NA,NA,NA,NA,NA
"Latin America & Caribbean","ZJ","LCN",2002,"","2026-01-28",534691591,71.5629004971875,NA,NA,NA,NA,NA,NA
"Latin America & Caribbean","ZJ","LCN",2003,"","2026-01-28",541643365,71.878308455923,NA,NA,NA,NA,NA,NA
"Latin America & Caribbean","ZJ","LCN",2004,"","2026-01-28",548455563,72.203823196463,NA,NA,NA,NA,NA,NA
"Latin America & Caribbean","ZJ","LCN",2005,"","2026-01-28",555120780,72.5638143751286,NA,NA,NA,NA,NA,NA
"Latin America & Caribbean","ZJ","LCN",2006,"","2026-01-28",561751999,72.8332266680253,NA,NA,NA,NA,NA,NA
"Latin America & Caribbean","ZJ","LCN",2007,"","2026-01-28",568345245,73.0593298775944,NA,NA,NA,NA,NA,NA
"Latin America & Caribbean","ZJ","LCN",2008,"","2026-01-28",574908733,73.2561404095911,NA,NA,NA,NA,NA,NA
"Latin America & Caribbean","ZJ","LCN",2009,"","2026-01-28",581388129,73.4422623291815,NA,NA,NA,NA,NA,NA
"Latin America & Caribbean","ZJ","LCN",2010,"","2026-01-28",587752505,73.4093227755616,NA,NA,NA,NA,NA,NA
"Latin America & Caribbean","ZJ","LCN",2011,"","2026-01-28",594086829,73.9248923022491,NA,NA,NA,NA,NA,NA
"Latin America & Caribbean","ZJ","LCN",2012,"","2026-01-28",600420316,74.1643943654901,NA,NA,NA,NA,NA,NA
"Latin America & Caribbean","ZJ","LCN",2013,"","2026-01-28",606683307,74.3809772735109,NA,NA,NA,NA,NA,NA
"Latin America & Caribbean","ZJ","LCN",2014,"","2026-01-28",612849401,74.5608348669826,NA,NA,NA,NA,NA,NA
"Latin America & Caribbean","ZJ","LCN",2015,"","2026-01-28",618868462,74.7432221893097,NA,NA,NA,NA,NA,NA
"Latin America & Caribbean","ZJ","LCN",2016,"","2026-01-28",624737786,74.6774848833781,NA,NA,NA,NA,NA,NA
"Latin America & Caribbean","ZJ","LCN",2017,"","2026-01-28",630414986,74.8318087892113,NA,NA,NA,NA,NA,NA
"Latin America & Caribbean","ZJ","LCN",2018,"","2026-01-28",635778081,75.052717198381,NA,NA,NA,NA,NA,NA
"Latin America & Caribbean","ZJ","LCN",2019,"","2026-01-28",640962372,75.2042598654921,NA,NA,NA,NA,NA,NA
"Latin America & Caribbean","ZJ","LCN",2020,"","2026-01-28",645498186,73.1889367681402,NA,NA,NA,NA,NA,NA
"Latin America & Caribbean","ZJ","LCN",2021,"","2026-01-28",649236072,71.8141762189306,NA,NA,NA,NA,NA,NA
"Latin America & Caribbean","ZJ","LCN",2022,"","2026-01-28",653108120,74.6472095421659,NA,NA,NA,NA,NA,NA
"Latin America & Caribbean","ZJ","LCN",2023,"","2026-01-28",657616517,75.6435273174016,NA,NA,NA,NA,NA,NA
"Latin America & Caribbean","ZJ","LCN",2024,"","2026-01-28",662186388,NA,NA,NA,NA,NA,NA,NA
"Latin America & Caribbean (excluding high income)","XJ","LAC",2001,"","2026-01-28",469463143,70.8143276248888,"Aggregates","","","","Aggregates","Aggregates"
"Latin America & Caribbean (excluding high income)","XJ","LAC",2004,"","2026-01-28",488032486,71.8563258844044,"Aggregates","","","","Aggregates","Aggregates"
"Latin America & Caribbean (excluding high income)","XJ","LAC",2005,"","2026-01-28",494006571,72.2293807081161,"Aggregates","","","","Aggregates","Aggregates"
"Latin America & Caribbean (excluding high income)","XJ","LAC",2003,"","2026-01-28",481977727,71.5477623914144,"Aggregates","","","","Aggregates","Aggregates"
"Latin America & Caribbean (excluding high income)","XJ","LAC",2012,"","2026-01-28",534503260,73.9499064237775,"Aggregates","","","","Aggregates","Aggregates"
"Latin America & Caribbean (excluding high income)","XJ","LAC",2013,"","2026-01-28",540118712,74.169347496487,"Aggregates","","","","Aggregates","Aggregates"
"Latin America & Caribbean (excluding high income)","XJ","LAC",2002,"","2026-01-28",475799008,71.1603768802393,"Aggregates","","","","Aggregates","Aggregates"
"Latin America & Caribbean (excluding high income)","XJ","LAC",2006,"","2026-01-28",499910627,72.5238653235671,"Aggregates","","","","Aggregates","Aggregates"
"Latin America & Caribbean (excluding high income)","XJ","LAC",2014,"","2026-01-28",545661592,74.3770523065952,"Aggregates","","","","Aggregates","Aggregates"
"Latin America & Caribbean (excluding high income)","XJ","LAC",2015,"","2026-01-28",551075145,74.5553955667316,"Aggregates","","","","Aggregates","Aggregates"
"Latin America & Caribbean (excluding high income)","XJ","LAC",2000,"","2026-01-28",462953688,70.4525183195819,"Aggregates","","","","Aggregates","Aggregates"
"Latin America & Caribbean (excluding high income)","XJ","LAC",2010,"","2026-01-28",523147480,73.1190309784384,"Aggregates","","","","Aggregates","Aggregates"
"Latin America & Caribbean (excluding high income)","XJ","LAC",2007,"","2026-01-28",505793340,72.7478219327265,"Aggregates","","","","Aggregates","Aggregates"
"Latin America & Caribbean (excluding high income)","XJ","LAC",2008,"","2026-01-28",511659365,73.0004008102304,"Aggregates","","","","Aggregates","Aggregates"
"Latin America & Caribbean (excluding high income)","XJ","LAC",2016,"","2026-01-28",556440282,74.5306460760941,"Aggregates","","","","Aggregates","Aggregates"
"Latin America & Caribbean (excluding high income)","XJ","LAC",2009,"","2026-01-28",517459947,73.1845433768983,"Aggregates","","","","Aggregates","Aggregates"
"Latin America & Caribbean (excluding high income)","XJ","LAC",2011,"","2026-01-28",528822706,73.6885627028693,"Aggregates","","","","Aggregates","Aggregates"
"Latin America & Caribbean (excluding high income)","XJ","LAC",2023,"","2026-01-28",589889543,75.4986013301867,"Aggregates","","","","Aggregates","Aggregates"
"Latin America & Caribbean (excluding high income)","XJ","LAC",2024,"","2026-01-28",594158638,NA,"Aggregates","","","","Aggregates","Aggregates"
"Latin America & Caribbean (excluding high income)","XJ","LAC",2021,"","2026-01-28",581884231,71.4377016432982,"Aggregates","","","","Aggregates","Aggregates"
"Latin America & Caribbean (excluding high income)","XJ","LAC",2019,"","2026-01-28",573311679,75.0513524613511,"Aggregates","","","","Aggregates","Aggregates"
"Latin America & Caribbean (excluding high income)","XJ","LAC",2017,"","2026-01-28",561957179,74.7006534427421,"Aggregates","","","","Aggregates","Aggregates"
"Latin America & Caribbean (excluding high income)","XJ","LAC",2020,"","2026-01-28",578091505,72.8759217271338,"Aggregates","","","","Aggregates","Aggregates"
"Latin America & Caribbean (excluding high income)","XJ","LAC",2018,"","2026-01-28",567711159,74.8906731016397,"Aggregates","","","","Aggregates","Aggregates"
"Latin America & Caribbean (excluding high income)","XJ","LAC",2022,"","2026-01-28",585648822,74.4897262626475,"Aggregates","","","","Aggregates","Aggregates"
"Latin America & the Caribbean (IDA & IBRD countries)","T2","TLA",2005,"","2026-01-28",539188798,72.4275917225936,"Aggregates","","","","Aggregates","Aggregates"
"Latin America & the Caribbean (IDA & IBRD countries)","T2","TLA",2006,"","2026-01-28",545805913,72.7029489273067,"Aggregates","","","","Aggregates","Aggregates"
"Latin America & the Caribbean (IDA & IBRD countries)","T2","TLA",2004,"","2026-01-28",532556401,72.0585594152496,"Aggregates","","","","Aggregates","Aggregates"
"Latin America & the Caribbean (IDA & IBRD countries)","T2","TLA",2013,"","2026-01-28",590809938,74.2726524054357,"Aggregates","","","","Aggregates","Aggregates"
"Latin America & the Caribbean (IDA & IBRD countries)","T2","TLA",2014,"","2026-01-28",597023419,74.4642031483391,"Aggregates","","","","Aggregates","Aggregates"
"Latin America & the Caribbean (IDA & IBRD countries)","T2","TLA",2009,"","2026-01-28",565454932,73.3248238756312,"Aggregates","","","","Aggregates","Aggregates"
"Latin America & the Caribbean (IDA & IBRD countries)","T2","TLA",2007,"","2026-01-28",552399650,72.9337716205704,"Aggregates","","","","Aggregates","Aggregates"
"Latin America & the Caribbean (IDA & IBRD countries)","T2","TLA",2008,"","2026-01-28",558968822,73.133810817189,"Aggregates","","","","Aggregates","Aggregates"
"Latin America & the Caribbean (IDA & IBRD countries)","T2","TLA",2017,"","2026-01-28",614776664,74.7614101353626,"Aggregates","","","","Aggregates","Aggregates"
"Latin America & the Caribbean (IDA & IBRD countries)","T2","TLA",2018,"","2026-01-28",620274430,74.9760978010797,"Aggregates","","","","Aggregates","Aggregates"
"Latin America & the Caribbean (IDA & IBRD countries)","T2","TLA",2015,"","2026-01-28",603091701,74.6505904118153,"Aggregates","","","","Aggregates","Aggregates"
"Latin America & the Caribbean (IDA & IBRD countries)","T2","TLA",2012,"","2026-01-28",584524334,74.0531427389643,"Aggregates","","","","Aggregates","Aggregates"
"Latin America & the Caribbean (IDA & IBRD countries)","T2","TLA",2000,"","2026-01-28",504556065,70.7184102333167,"Aggregates","","","","Aggregates","Aggregates"
"Latin America & the Caribbean (IDA & IBRD countries)","T2","TLA",2001,"","2026-01-28",511809816,70.9952366364032,"Aggregates","","","","Aggregates","Aggregates"
"Latin America & the Caribbean (IDA & IBRD countries)","T2","TLA",2020,"","2026-01-28",630051021,73.0747493617473,"Aggregates","","","","Aggregates","Aggregates"
"Latin America & the Caribbean (IDA & IBRD countries)","T2","TLA",2016,"","2026-01-28",609017063,74.5894794269073,"Aggregates","","","","Aggregates","Aggregates"
"Latin America & the Caribbean (IDA & IBRD countries)","T2","TLA",2011,"","2026-01-28",578171855,73.8112572375492,"Aggregates","","","","Aggregates","Aggregates"
"Latin America & the Caribbean (IDA & IBRD countries)","T2","TLA",2021,"","2026-01-28",633862610,71.7449274626405,"Aggregates","","","","Aggregates","Aggregates"
"Latin America & the Caribbean (IDA & IBRD countries)","T2","TLA",2002,"","2026-01-28",518881965,71.4081069056409,"Aggregates","","","","Aggregates","Aggregates"
"Latin America & the Caribbean (IDA & IBRD countries)","T2","TLA",2003,"","2026-01-28",525787222,71.719940779411,"Aggregates","","","","Aggregates","Aggregates"
"Latin America & the Caribbean (IDA & IBRD countries)","T2","TLA",2023,"","2026-01-28",642397939,75.5699258379688,"Aggregates","","","","Aggregates","Aggregates"
"Latin America & the Caribbean (IDA & IBRD countries)","T2","TLA",2022,"","2026-01-28",637837815,74.5684293540859,"Aggregates","","","","Aggregates","Aggregates"
"Latin America & the Caribbean (IDA & IBRD countries)","T2","TLA",2019,"","2026-01-28",625467307,75.1319711493442,"Aggregates","","","","Aggregates","Aggregates"
"Latin America & the Caribbean (IDA & IBRD countries)","T2","TLA",2024,"","2026-01-28",647003746,NA,"Aggregates","","","","Aggregates","Aggregates"
"Latin America & the Caribbean (IDA & IBRD countries)","T2","TLA",2010,"","2026-01-28",571822092,73.2840381673624,"Aggregates","","","","Aggregates","Aggregates"
"Latvia","LV","LVA",2006,"","2026-01-28",2218357,70.8658536585366,"Europe & Central Asia","Riga","24.1048","56.9465","High income","Not classified"
"Latvia","LV","LVA",2005,"","2026-01-28",2238799,71.3560975609756,"Europe & Central Asia","Riga","24.1048","56.9465","High income","Not classified"
"Latvia","LV","LVA",2004,"","2026-01-28",2263122,72.0268292682927,"Europe & Central Asia","Riga","24.1048","56.9465","High income","Not classified"
"Latvia","LV","LVA",2018,"","2026-01-28",1927174,74.7829268292683,"Europe & Central Asia","Riga","24.1048","56.9465","High income","Not classified"
"Latvia","LV","LVA",2008,"","2026-01-28",2177322,72.419512195122,"Europe & Central Asia","Riga","24.1048","56.9465","High income","Not classified"
"Latvia","LV","LVA",2009,"","2026-01-28",2141669,73.0804878048781,"Europe & Central Asia","Riga","24.1048","56.9465","High income","Not classified"
"Latvia","LV","LVA",2011,"","2026-01-28",2059709,73.5756097560976,"Europe & Central Asia","Riga","24.1048","56.9465","High income","Not classified"
"Latvia","LV","LVA",2013,"","2026-01-28",2012647,73.9829268292683,"Europe & Central Asia","Riga","24.1048","56.9465","High income","Not classified"
"Latvia","LV","LVA",2003,"","2026-01-28",2287955,71.2658536585366,"Europe & Central Asia","Riga","24.1048","56.9465","High income","Not classified"
"Latvia","LV","LVA",2017,"","2026-01-28",1942248,74.6292682926829,"Europe & Central Asia","Riga","24.1048","56.9465","High income","Not classified"
"Latvia","LV","LVA",2007,"","2026-01-28",2200325,71.019512195122,"Europe & Central Asia","Riga","24.1048","56.9465","High income","Not classified"
"Latvia","LV","LVA",2015,"","2026-01-28",1977527,74.4804878048781,"Europe & Central Asia","Riga","24.1048","56.9465","High income","Not classified"
"Latvia","LV","LVA",2019,"","2026-01-28",1913822,75.3878048780488,"Europe & Central Asia","Riga","24.1048","56.9465","High income","Not classified"
"Latvia","LV","LVA",2020,"","2026-01-28",1900449,75.1853658536585,"Europe & Central Asia","Riga","24.1048","56.9465","High income","Not classified"
"Latvia","LV","LVA",2021,"","2026-01-28",1884490,72.9804878048781,"Europe & Central Asia","Riga","24.1048","56.9465","High income","Not classified"
"Latvia","LV","LVA",2012,"","2026-01-28",2034319,73.7780487804878,"Europe & Central Asia","Riga","24.1048","56.9465","High income","Not classified"
"Latvia","LV","LVA",2001,"","2026-01-28",2337170,70.7609756097561,"Europe & Central Asia","Riga","24.1048","56.9465","High income","Not classified"
"Latvia","LV","LVA",2022,"","2026-01-28",1879383,74.2780487804878,"Europe & Central Asia","Riga","24.1048","56.9465","High income","Not classified"
"Latvia","LV","LVA",2002,"","2026-01-28",2310173,70.9609756097561,"Europe & Central Asia","Riga","24.1048","56.9465","High income","Not classified"
"Latvia","LV","LVA",2010,"","2026-01-28",2097555,73.4829268292683,"Europe & Central Asia","Riga","24.1048","56.9465","High income","Not classified"
"Latvia","LV","LVA",2016,"","2026-01-28",1959537,74.580487804878,"Europe & Central Asia","Riga","24.1048","56.9465","High income","Not classified"
"Latvia","LV","LVA",2024,"","2026-01-28",1866124,NA,"Europe & Central Asia","Riga","24.1048","56.9465","High income","Not classified"
"Latvia","LV","LVA",2014,"","2026-01-28",1993782,74.1243902439024,"Europe & Central Asia","Riga","24.1048","56.9465","High income","Not classified"
"Latvia","LV","LVA",2000,"","2026-01-28",2367550,70.3146341463415,"Europe & Central Asia","Riga","24.1048","56.9465","High income","Not classified"
"Latvia","LV","LVA",2023,"","2026-01-28",1883710,75.6780487804878,"Europe & Central Asia","Riga","24.1048","56.9465","High income","Not classified"
"Least developed countries: UN classification","XL","LDC",2023,"","2026-01-28",1160824674,66.5161002597788,"Aggregates","","","","Aggregates","Aggregates"
"Least developed countries: UN classification","XL","LDC",2020,"","2026-01-28",1083636132,64.8323585417323,"Aggregates","","","","Aggregates","Aggregates"
"Least developed countries: UN classification","XL","LDC",2022,"","2026-01-28",1134585604,65.7631857632163,"Aggregates","","","","Aggregates","Aggregates"
"Least developed countries: UN classification","XL","LDC",2006,"","2026-01-28",779230030,59.0152207929191,"Aggregates","","","","Aggregates","Aggregates"
"Least developed countries: UN classification","XL","LDC",2010,"","2026-01-28",855348118,61.0408922197594,"Aggregates","","","","Aggregates","Aggregates"
"Least developed countries: UN classification","XL","LDC",2019,"","2026-01-28",1058013514,64.9724534415541,"Aggregates","","","","Aggregates","Aggregates"
"Least developed countries: UN classification","XL","LDC",2013,"","2026-01-28",918269633,62.7233526127091,"Aggregates","","","","Aggregates","Aggregates"
"Least developed countries: UN classification","XL","LDC",2021,"","2026-01-28",1109175268,64.267342334044,"Aggregates","","","","Aggregates","Aggregates"
"Least developed countries: UN classification","XL","LDC",2024,"","2026-01-28",1187777591,NA,"Aggregates","","","","Aggregates","Aggregates"
"Least developed countries: UN classification","XL","LDC",2005,"","2026-01-28",760741611,58.3085503350914,"Aggregates","","","","Aggregates","Aggregates"
"Least developed countries: UN classification","XL","LDC",2018,"","2026-01-28",1033110314,64.6022757660127,"Aggregates","","","","Aggregates","Aggregates"
"Least developed countries: UN classification","XL","LDC",2002,"","2026-01-28",707266809,56.5341228566941,"Aggregates","","","","Aggregates","Aggregates"
"Least developed countries: UN classification","XL","LDC",2008,"","2026-01-28",816268129,59.8118011251717,"Aggregates","","","","Aggregates","Aggregates"
"Least developed countries: UN classification","XL","LDC",2011,"","2026-01-28",875685078,61.5004569048315,"Aggregates","","","","Aggregates","Aggregates"
"Least developed countries: UN classification","XL","LDC",2009,"","2026-01-28",835687108,60.5724237098988,"Aggregates","","","","Aggregates","Aggregates"
"Least developed countries: UN classification","XL","LDC",2001,"","2026-01-28",689878805,55.985066997633,"Aggregates","","","","Aggregates","Aggregates"
"Least developed countries: UN classification","XL","LDC",2003,"","2026-01-28",725111768,57.173230287028,"Aggregates","","","","Aggregates","Aggregates"
"Least developed countries: UN classification","XL","LDC",2004,"","2026-01-28",742717957,57.7099347773222,"Aggregates","","","","Aggregates","Aggregates"
"Least developed countries: UN classification","XL","LDC",2017,"","2026-01-28",1008993468,64.0339755156235,"Aggregates","","","","Aggregates","Aggregates"
"Least developed countries: UN classification","XL","LDC",2016,"","2026-01-28",985414939,63.7237270680357,"Aggregates","","","","Aggregates","Aggregates"
"Least developed countries: UN classification","XL","LDC",2007,"","2026-01-28",797516000,59.6121198122483,"Aggregates","","","","Aggregates","Aggregates"
"Least developed countries: UN classification","XL","LDC",2014,"","2026-01-28",940284138,62.9592572959739,"Aggregates","","","","Aggregates","Aggregates"
"Least developed countries: UN classification","XL","LDC",2015,"","2026-01-28",962508256,63.3049002618176,"Aggregates","","","","Aggregates","Aggregates"
"Least developed countries: UN classification","XL","LDC",2000,"","2026-01-28",673630102,55.4008039613482,"Aggregates","","","","Aggregates","Aggregates"
"Least developed countries: UN classification","XL","LDC",2012,"","2026-01-28",896684951,62.2254392368731,"Aggregates","","","","Aggregates","Aggregates"
"Lebanon","LB","LBN",2001,"","2026-01-28",4401918,74.354,"Middle East & North Africa","Beirut","35.5134","33.8872","Lower middle income","IBRD"
"Lebanon","LB","LBN",2003,"","2026-01-28",4525508,75.275,"Middle East & North Africa","Beirut","35.5134","33.8872","Lower middle income","IBRD"
"Lebanon","LB","LBN",2005,"","2026-01-28",4671102,76.074,"Middle East & North Africa","Beirut","35.5134","33.8872","Lower middle income","IBRD"
"Lebanon","LB","LBN",2009,"","2026-01-28",4992287,77.262,"Middle East & North Africa","Beirut","35.5134","33.8872","Lower middle income","IBRD"
"Lebanon","LB","LBN",2010,"","2026-01-28",5041288,77.529,"Middle East & North Africa","Beirut","35.5134","33.8872","Lower middle income","IBRD"
"Lebanon","LB","LBN",2000,"","2026-01-28",4329340,73.895,"Middle East & North Africa","Beirut","35.5134","33.8872","Lower middle income","IBRD"
"Lebanon","LB","LBN",2021,"","2026-01-28",5718122,73.65,"Middle East & North Africa","Beirut","35.5134","33.8872","Lower middle income","IBRD"
"Lebanon","LB","LBN",2022,"","2026-01-28",5744489,78.003,"Middle East & North Africa","Beirut","35.5134","33.8872","Lower middle income","IBRD"
"Lebanon","LB","LBN",2011,"","2026-01-28",5096020,77.768,"Middle East & North Africa","Beirut","35.5134","33.8872","Lower middle income","IBRD"
"Lebanon","LB","LBN",2020,"","2026-01-28",5702398,76.299,"Middle East & North Africa","Beirut","35.5134","33.8872","Lower middle income","IBRD"
"Lebanon","LB","LBN",2004,"","2026-01-28",4599279,75.693,"Middle East & North Africa","Beirut","35.5134","33.8872","Lower middle income","IBRD"
"Lebanon","LB","LBN",2013,"","2026-01-28",5743436,78.037,"Middle East & North Africa","Beirut","35.5134","33.8872","Lower middle income","IBRD"
"Lebanon","LB","LBN",2018,"","2026-01-28",5984119,78.263,"Middle East & North Africa","Beirut","35.5134","33.8872","Lower middle income","IBRD"
"Lebanon","LB","LBN",2002,"","2026-01-28",4463504,74.836,"Middle East & North Africa","Beirut","35.5134","33.8872","Lower middle income","IBRD"
"Lebanon","LB","LBN",2012,"","2026-01-28",5235742,77.941,"Middle East & North Africa","Beirut","35.5134","33.8872","Lower middle income","IBRD"
"Lebanon","LB","LBN",2007,"","2026-01-28",4844118,76.732,"Middle East & North Africa","Beirut","35.5134","33.8872","Lower middle income","IBRD"
"Lebanon","LB","LBN",2008,"","2026-01-28",4925354,76.956,"Middle East & North Africa","Beirut","35.5134","33.8872","Lower middle income","IBRD"
"Lebanon","LB","LBN",2019,"","2026-01-28",5794594,78.208,"Middle East & North Africa","Beirut","35.5134","33.8872","Lower middle income","IBRD"
"Lebanon","LB","LBN",2006,"","2026-01-28",4751136,75.677,"Middle East & North Africa","Beirut","35.5134","33.8872","Lower middle income","IBRD"
"Lebanon","LB","LBN",2024,"","2026-01-28",5805962,NA,"Middle East & North Africa","Beirut","35.5134","33.8872","Lower middle income","IBRD"
"Lebanon","LB","LBN",2015,"","2026-01-28",6472469,78.275,"Middle East & North Africa","Beirut","35.5134","33.8872","Lower middle income","IBRD"
"Lebanon","LB","LBN",2023,"","2026-01-28",5773493,77.817,"Middle East & North Africa","Beirut","35.5134","33.8872","Lower middle income","IBRD"
"Lebanon","LB","LBN",2017,"","2026-01-28",6160128,78.192,"Middle East & North Africa","Beirut","35.5134","33.8872","Lower middle income","IBRD"
"Lebanon","LB","LBN",2014,"","2026-01-28",6346990,78.148,"Middle East & North Africa","Beirut","35.5134","33.8872","Lower middle income","IBRD"
"Lebanon","LB","LBN",2016,"","2026-01-28",6323060,78.306,"Middle East & North Africa","Beirut","35.5134","33.8872","Lower middle income","IBRD"
"Lesotho","LS","LSO",2016,"","2026-01-28",2130422,52.908,"Sub-Saharan Africa","Maseru","27.7167","-29.5208","Lower middle income","IDA"
"Lesotho","LS","LSO",2014,"","2026-01-28",2080089,50.786,"Sub-Saharan Africa","Maseru","27.7167","-29.5208","Lower middle income","IDA"
"Lesotho","LS","LSO",2015,"","2026-01-28",2104611,51.83,"Sub-Saharan Africa","Maseru","27.7167","-29.5208","Lower middle income","IDA"
"Lesotho","LS","LSO",2019,"","2026-01-28",2209405,55.249,"Sub-Saharan Africa","Maseru","27.7167","-29.5208","Lower middle income","IDA"
"Lesotho","LS","LSO",2002,"","2026-01-28",1994679,45.95,"Sub-Saharan Africa","Maseru","27.7167","-29.5208","Lower middle income","IDA"
"Lesotho","LS","LSO",2017,"","2026-01-28",2157110,53.874,"Sub-Saharan Africa","Maseru","27.7167","-29.5208","Lower middle income","IDA"
"Lesotho","LS","LSO",2018,"","2026-01-28",2183603,54.638,"Sub-Saharan Africa","Maseru","27.7167","-29.5208","Lower middle income","IDA"
"Lesotho","LS","LSO",2000,"","2026-01-28",2003913,48.783,"Sub-Saharan Africa","Maseru","27.7167","-29.5208","Lower middle income","IDA"
"Lesotho","LS","LSO",2022,"","2026-01-28",2286110,56.812,"Sub-Saharan Africa","Maseru","27.7167","-29.5208","Lower middle income","IDA"
"Lesotho","LS","LSO",2020,"","2026-01-28",2235727,55.133,"Sub-Saharan Africa","Maseru","27.7167","-29.5208","Lower middle income","IDA"
"Lesotho","LS","LSO",2013,"","2026-01-28",2056504,49.547,"Sub-Saharan Africa","Maseru","27.7167","-29.5208","Lower middle income","IDA"
"Lesotho","LS","LSO",2010,"","2026-01-28",1996251,46.045,"Sub-Saharan Africa","Maseru","27.7167","-29.5208","Lower middle income","IDA"
"Lesotho","LS","LSO",2021,"","2026-01-28",2261542,54.209,"Sub-Saharan Africa","Maseru","27.7167","-29.5208","Lower middle income","IDA"
"Lesotho","LS","LSO",2011,"","2026-01-28",2014009,46.93,"Sub-Saharan Africa","Maseru","27.7167","-29.5208","Lower middle income","IDA"
"Lesotho","LS","LSO",2012,"","2026-01-28",2034354,48.235,"Sub-Saharan Africa","Maseru","27.7167","-29.5208","Lower middle income","IDA"
"Lesotho","LS","LSO",2004,"","2026-01-28",1971129,44.039,"Sub-Saharan Africa","Maseru","27.7167","-29.5208","Lower middle income","IDA"
"Lesotho","LS","LSO",2003,"","2026-01-28",1985059,44.921,"Sub-Saharan Africa","Maseru","27.7167","-29.5208","Lower middle income","IDA"
"Lesotho","LS","LSO",2001,"","2026-01-28",2000853,47.153,"Sub-Saharan Africa","Maseru","27.7167","-29.5208","Lower middle income","IDA"
"Lesotho","LS","LSO",2023,"","2026-01-28",2311472,57.375,"Sub-Saharan Africa","Maseru","27.7167","-29.5208","Lower middle income","IDA"
"Lesotho","LS","LSO",2024,"","2026-01-28",2337423,NA,"Sub-Saharan Africa","Maseru","27.7167","-29.5208","Lower middle income","IDA"
"Lesotho","LS","LSO",2009,"","2026-01-28",1980883,45.055,"Sub-Saharan Africa","Maseru","27.7167","-29.5208","Lower middle income","IDA"
"Lesotho","LS","LSO",2007,"","2026-01-28",1953268,43.66,"Sub-Saharan Africa","Maseru","27.7167","-29.5208","Lower middle income","IDA"
"Lesotho","LS","LSO",2006,"","2026-01-28",1945063,43.182,"Sub-Saharan Africa","Maseru","27.7167","-29.5208","Lower middle income","IDA"
"Lesotho","LS","LSO",2008,"","2026-01-28",1966541,44.304,"Sub-Saharan Africa","Maseru","27.7167","-29.5208","Lower middle income","IDA"
"Lesotho","LS","LSO",2005,"","2026-01-28",1953076,43.611,"Sub-Saharan Africa","Maseru","27.7167","-29.5208","Lower middle income","IDA"
"Liberia","LR","LBR",2002,"","2026-01-28",3094782,54.061,"Sub-Saharan Africa","Monrovia","-10.7957","6.30039","Low income","IDA"
"Liberia","LR","LBR",2009,"","2026-01-28",3943028,59.106,"Sub-Saharan Africa","Monrovia","-10.7957","6.30039","Low income","IDA"
"Liberia","LR","LBR",2024,"","2026-01-28",5612817,NA,"Sub-Saharan Africa","Monrovia","-10.7957","6.30039","Low income","IDA"
"Liberia","LR","LBR",2001,"","2026-01-28",3015338,53.109,"Sub-Saharan Africa","Monrovia","-10.7957","6.30039","Low income","IDA"
"Liberia","LR","LBR",2008,"","2026-01-28",3821003,58.675,"Sub-Saharan Africa","Monrovia","-10.7957","6.30039","Low income","IDA"
"Liberia","LR","LBR",2005,"","2026-01-28",3301015,56.765,"Sub-Saharan Africa","Monrovia","-10.7957","6.30039","Low income","IDA"
"Liberia","LR","LBR",2003,"","2026-01-28",3119532,53.045,"Sub-Saharan Africa","Monrovia","-10.7957","6.30039","Low income","IDA"
"Liberia","LR","LBR",2004,"","2026-01-28",3156892,55.949,"Sub-Saharan Africa","Monrovia","-10.7957","6.30039","Low income","IDA"
"Liberia","LR","LBR",2023,"","2026-01-28",5493031,62.163,"Sub-Saharan Africa","Monrovia","-10.7957","6.30039","Low income","IDA"
"Liberia","LR","LBR",2012,"","2026-01-28",4373043,59.785,"Sub-Saharan Africa","Monrovia","-10.7957","6.30039","Low income","IDA"
"Liberia","LR","LBR",2014,"","2026-01-28",4564293,59.21,"Sub-Saharan Africa","Monrovia","-10.7957","6.30039","Low income","IDA"
"Liberia","LR","LBR",2000,"","2026-01-28",2928117,51.852,"Sub-Saharan Africa","Monrovia","-10.7957","6.30039","Low income","IDA"
"Liberia","LR","LBR",2011,"","2026-01-28",4221178,59.486,"Sub-Saharan Africa","Monrovia","-10.7957","6.30039","Low income","IDA"
"Liberia","LR","LBR",2022,"","2026-01-28",5373294,61.934,"Sub-Saharan Africa","Monrovia","-10.7957","6.30039","Low income","IDA"
"Liberia","LR","LBR",2016,"","2026-01-28",4755608,60.483,"Sub-Saharan Africa","Monrovia","-10.7957","6.30039","Low income","IDA"
"Liberia","LR","LBR",2010,"","2026-01-28",4058890,59.358,"Sub-Saharan Africa","Monrovia","-10.7957","6.30039","Low income","IDA"
"Liberia","LR","LBR",2021,"","2026-01-28",5259323,61.166,"Sub-Saharan Africa","Monrovia","-10.7957","6.30039","Low income","IDA"
"Liberia","LR","LBR",2015,"","2026-01-28",4659431,59.248,"Sub-Saharan Africa","Monrovia","-10.7957","6.30039","Low income","IDA"
"Liberia","LR","LBR",2007,"","2026-01-28",3669050,58.147,"Sub-Saharan Africa","Monrovia","-10.7957","6.30039","Low income","IDA"
"Liberia","LR","LBR",2013,"","2026-01-28",4470239,59.992,"Sub-Saharan Africa","Monrovia","-10.7957","6.30039","Low income","IDA"
"Liberia","LR","LBR",2020,"","2026-01-28",5149463,61.267,"Sub-Saharan Africa","Monrovia","-10.7957","6.30039","Low income","IDA"
"Liberia","LR","LBR",2018,"","2026-01-28",4944726,60.999,"Sub-Saharan Africa","Monrovia","-10.7957","6.30039","Low income","IDA"
"Liberia","LR","LBR",2019,"","2026-01-28",5043721,61.232,"Sub-Saharan Africa","Monrovia","-10.7957","6.30039","Low income","IDA"
"Liberia","LR","LBR",2017,"","2026-01-28",4848925,60.777,"Sub-Saharan Africa","Monrovia","-10.7957","6.30039","Low income","IDA"
"Liberia","LR","LBR",2006,"","2026-01-28",3490787,57.495,"Sub-Saharan Africa","Monrovia","-10.7957","6.30039","Low income","IDA"
"Libya","LY","LBY",2001,"","2026-01-28",5403639,70.653,"Middle East & North Africa","Tripoli","13.1072","32.8578","Upper middle income","IBRD"
"Libya","LY","LBY",2000,"","2026-01-28",5305021,70.542,"Middle East & North Africa","Tripoli","13.1072","32.8578","Upper middle income","IBRD"
"Libya","LY","LBY",2014,"","2026-01-28",6427252,71.3,"Middle East & North Africa","Tripoli","13.1072","32.8578","Upper middle income","IBRD"
"Libya","LY","LBY",2002,"","2026-01-28",5508410,70.788,"Middle East & North Africa","Tripoli","13.1072","32.8578","Upper middle income","IBRD"
"Libya","LY","LBY",2003,"","2026-01-28",5619398,70.996,"Middle East & North Africa","Tripoli","13.1072","32.8578","Upper middle income","IBRD"
"Libya","LY","LBY",2007,"","2026-01-28",6104380,71.788,"Middle East & North Africa","Tripoli","13.1072","32.8578","Upper middle income","IBRD"
"Libya","LY","LBY",2015,"","2026-01-28",6531819,71.644,"Middle East & North Africa","Tripoli","13.1072","32.8578","Upper middle income","IBRD"
"Libya","LY","LBY",2009,"","2026-01-28",6366686,72.071,"Middle East & North Africa","Tripoli","13.1072","32.8578","Upper middle income","IBRD"
"Libya","LY","LBY",2012,"","2026-01-28",6179328,72.188,"Middle East & North Africa","Tripoli","13.1072","32.8578","Upper middle income","IBRD"
"Libya","LY","LBY",2016,"","2026-01-28",6632126,71.799,"Middle East & North Africa","Tripoli","13.1072","32.8578","Upper middle income","IBRD"
"Libya","LY","LBY",2022,"","2026-01-28",7223805,74.462,"Middle East & North Africa","Tripoli","13.1072","32.8578","Upper middle income","IBRD"
"Libya","LY","LBY",2023,"","2026-01-28",7305659,69.339,"Middle East & North Africa","Tripoli","13.1072","32.8578","Upper middle income","IBRD"
"Libya","LY","LBY",2024,"","2026-01-28",7381023,NA,"Middle East & North Africa","Tripoli","13.1072","32.8578","Upper middle income","IBRD"
"Libya","LY","LBY",2006,"","2026-01-28",5980211,71.632,"Middle East & North Africa","Tripoli","13.1072","32.8578","Upper middle income","IBRD"
"Libya","LY","LBY",2017,"","2026-01-28",6738770,72.721,"Middle East & North Africa","Tripoli","13.1072","32.8578","Upper middle income","IBRD"
"Libya","LY","LBY",2008,"","2026-01-28",6235430,71.936,"Middle East & North Africa","Tripoli","13.1072","32.8578","Upper middle income","IBRD"
"Libya","LY","LBY",2005,"","2026-01-28",5858798,71.439,"Middle East & North Africa","Tripoli","13.1072","32.8578","Upper middle income","IBRD"
"Libya","LY","LBY",2021,"","2026-01-28",7135175,72.062,"Middle East & North Africa","Tripoli","13.1072","32.8578","Upper middle income","IBRD"
"Libya","LY","LBY",2013,"","2026-01-28",6304628,72.339,"Middle East & North Africa","Tripoli","13.1072","32.8578","Upper middle income","IBRD"
"Libya","LY","LBY",2004,"","2026-01-28",5736693,71.21,"Middle East & North Africa","Tripoli","13.1072","32.8578","Upper middle income","IBRD"
"Libya","LY","LBY",2011,"","2026-01-28",6343203,69.95,"Middle East & North Africa","Tripoli","13.1072","32.8578","Upper middle income","IBRD"
"Libya","LY","LBY",2020,"","2026-01-28",7045399,72.388,"Middle East & North Africa","Tripoli","13.1072","32.8578","Upper middle income","IBRD"
"Libya","LY","LBY",2010,"","2026-01-28",6497839,72.196,"Middle East & North Africa","Tripoli","13.1072","32.8578","Upper middle income","IBRD"
"Libya","LY","LBY",2018,"","2026-01-28",6849055,73.151,"Middle East & North Africa","Tripoli","13.1072","32.8578","Upper middle income","IBRD"
"Libya","LY","LBY",2019,"","2026-01-28",6951033,72.941,"Middle East & North Africa","Tripoli","13.1072","32.8578","Upper middle income","IBRD"
"Liechtenstein","LI","LIE",2018,"","2026-01-28",38246,83.0414634146342,"Europe & Central Asia","Vaduz","9.52148","47.1411","High income","Not classified"
"Liechtenstein","LI","LIE",2022,"","2026-01-28",39493,84.1219512195122,"Europe & Central Asia","Vaduz","9.52148","47.1411","High income","Not classified"
"Liechtenstein","LI","LIE",2008,"","2026-01-28",35473,82.6829268292683,"Europe & Central Asia","Vaduz","9.52148","47.1411","High income","Not classified"
"Liechtenstein","LI","LIE",2019,"","2026-01-28",38563,84.1609756097561,"Europe & Central Asia","Vaduz","9.52148","47.1411","High income","Not classified"
"Liechtenstein","LI","LIE",2020,"","2026-01-28",38901,81.6585365853659,"Europe & Central Asia","Vaduz","9.52148","47.1411","High income","Not classified"
"Liechtenstein","LI","LIE",2021,"","2026-01-28",39182,84.4024390243902,"Europe & Central Asia","Vaduz","9.52148","47.1411","High income","Not classified"
"Liechtenstein","LI","LIE",2013,"","2026-01-28",36984,82.2609756097561,"Europe & Central Asia","Vaduz","9.52148","47.1411","High income","Not classified"
"Liechtenstein","LI","LIE",2015,"","2026-01-28",37494,82.6560975609756,"Europe & Central Asia","Vaduz","9.52148","47.1411","High income","Not classified"
"Liechtenstein","LI","LIE",2023,"","2026-01-28",39846,84.8414634146342,"Europe & Central Asia","Vaduz","9.52148","47.1411","High income","Not classified"
"Liechtenstein","LI","LIE",2024,"","2026-01-28",40450,NA,"Europe & Central Asia","Vaduz","9.52148","47.1411","High income","Not classified"
"Liechtenstein","LI","LIE",2000,"","2026-01-28",32645,76.8268292682927,"Europe & Central Asia","Vaduz","9.52148","47.1411","High income","Not classified"
"Liechtenstein","LI","LIE",2001,"","2026-01-28",33194,79.2756097560976,"Europe & Central Asia","Vaduz","9.52148","47.1411","High income","Not classified"
"Liechtenstein","LI","LIE",2016,"","2026-01-28",37716,82.2585365853659,"Europe & Central Asia","Vaduz","9.52148","47.1411","High income","Not classified"
"Liechtenstein","LI","LIE",2017,"","2026-01-28",37962,83.7463414634147,"Europe & Central Asia","Vaduz","9.52148","47.1411","High income","Not classified"
"Liechtenstein","LI","LIE",2006,"","2026-01-28",35037,80.9487804878049,"Europe & Central Asia","Vaduz","9.52148","47.1411","High income","Not classified"
"Liechtenstein","LI","LIE",2004,"","2026-01-28",34447,81.7707317073171,"Europe & Central Asia","Vaduz","9.52148","47.1411","High income","Not classified"
"Liechtenstein","LI","LIE",2002,"","2026-01-28",33694,79.6365853658537,"Europe & Central Asia","Vaduz","9.52148","47.1411","High income","Not classified"
"Liechtenstein","LI","LIE",2005,"","2026-01-28",34753,80.6682926829268,"Europe & Central Asia","Vaduz","9.52148","47.1411","High income","Not classified"
"Liechtenstein","LI","LIE",2012,"","2026-01-28",36657,82.3829268292683,"Europe & Central Asia","Vaduz","9.52148","47.1411","High income","Not classified"
"Liechtenstein","LI","LIE",2011,"","2026-01-28",36312,81.7926829268293,"Europe & Central Asia","Vaduz","9.52148","47.1411","High income","Not classified"
"Liechtenstein","LI","LIE",2014,"","2026-01-28",37248,82.0731707317073,"Europe & Central Asia","Vaduz","9.52148","47.1411","High income","Not classified"
"Liechtenstein","LI","LIE",2009,"","2026-01-28",35742,81.5,"Europe & Central Asia","Vaduz","9.52148","47.1411","High income","Not classified"
"Liechtenstein","LI","LIE",2003,"","2026-01-28",34079,79.9609756097561,"Europe & Central Asia","Vaduz","9.52148","47.1411","High income","Not classified"
"Liechtenstein","LI","LIE",2010,"","2026-01-28",36022,81.8414634146342,"Europe & Central Asia","Vaduz","9.52148","47.1411","High income","Not classified"
"Liechtenstein","LI","LIE",2007,"","2026-01-28",35262,81.2951219512195,"Europe & Central Asia","Vaduz","9.52148","47.1411","High income","Not classified"
"Lithuania","LT","LTU",2001,"","2026-01-28",3470818,71.6585365853659,"Europe & Central Asia","Vilnius","25.2799","54.6896","High income","Not classified"
"Lithuania","LT","LTU",2019,"","2026-01-28",2811089,76.2829268292683,"Europe & Central Asia","Vilnius","25.2799","54.6896","High income","Not classified"
"Lithuania","LT","LTU",2006,"","2026-01-28",3269909,71.0560975609756,"Europe & Central Asia","Vilnius","25.2799","54.6896","High income","Not classified"
"Lithuania","LT","LTU",2004,"","2026-01-28",3377075,71.9609756097561,"Europe & Central Asia","Vilnius","25.2799","54.6896","High income","Not classified"
"Lithuania","LT","LTU",2000,"","2026-01-28",3499536,72.0195121951219,"Europe & Central Asia","Vilnius","25.2799","54.6896","High income","Not classified"
"Lithuania","LT","LTU",2008,"","2026-01-28",3198231,71.8121951219512,"Europe & Central Asia","Vilnius","25.2799","54.6896","High income","Not classified"
"Lithuania","LT","LTU",2018,"","2026-01-28",2819200,75.6804878048781,"Europe & Central Asia","Vilnius","25.2799","54.6896","High income","Not classified"
"Lithuania","LT","LTU",2015,"","2026-01-28",2911109,74.3219512195122,"Europe & Central Asia","Vilnius","25.2799","54.6896","High income","Not classified"
"Lithuania","LT","LTU",2005,"","2026-01-28",3322528,71.2536585365854,"Europe & Central Asia","Vilnius","25.2799","54.6896","High income","Not classified"
"Lithuania","LT","LTU",2007,"","2026-01-28",3231294,70.9,"Europe & Central Asia","Vilnius","25.2799","54.6896","High income","Not classified"
"Lithuania","LT","LTU",2017,"","2026-01-28",2842639,75.4804878048781,"Europe & Central Asia","Vilnius","25.2799","54.6896","High income","Not classified"
"Lithuania","LT","LTU",2010,"","2026-01-28",3097282,73.2682926829268,"Europe & Central Asia","Vilnius","25.2799","54.6896","High income","Not classified"
"Lithuania","LT","LTU",2024,"","2026-01-28",2888278,NA,"Europe & Central Asia","Vilnius","25.2799","54.6896","High income","Not classified"
"Lithuania","LT","LTU",2016,"","2026-01-28",2877325,74.6707317073171,"Europe & Central Asia","Vilnius","25.2799","54.6896","High income","Not classified"
"Lithuania","LT","LTU",2009,"","2026-01-28",3162916,72.9146341463415,"Europe & Central Asia","Vilnius","25.2799","54.6896","High income","Not classified"
"Lithuania","LT","LTU",2003,"","2026-01-28",3415213,72.0609756097561,"Europe & Central Asia","Vilnius","25.2799","54.6896","High income","Not classified"
"Lithuania","LT","LTU",2013,"","2026-01-28",2961250,73.9146341463415,"Europe & Central Asia","Vilnius","25.2799","54.6896","High income","Not classified"
"Lithuania","LT","LTU",2020,"","2026-01-28",2810369,75.0292682926829,"Europe & Central Asia","Vilnius","25.2799","54.6896","High income","Not classified"
"Lithuania","LT","LTU",2002,"","2026-01-28",3443067,71.7609756097561,"Europe & Central Asia","Vilnius","25.2799","54.6896","High income","Not classified"
"Lithuania","LT","LTU",2021,"","2026-01-28",2808380,74.0365853658537,"Europe & Central Asia","Vilnius","25.2799","54.6896","High income","Not classified"
"Lithuania","LT","LTU",2022,"","2026-01-28",2831639,75.6439024390244,"Europe & Central Asia","Vilnius","25.2799","54.6896","High income","Not classified"
"Lithuania","LT","LTU",2014,"","2026-01-28",2937253,74.5170731707317,"Europe & Central Asia","Vilnius","25.2799","54.6896","High income","Not classified"
"Lithuania","LT","LTU",2011,"","2026-01-28",3028115,73.5634146341464,"Europe & Central Asia","Vilnius","25.2799","54.6896","High income","Not classified"
"Lithuania","LT","LTU",2012,"","2026-01-28",2989139,73.8634146341464,"Europe & Central Asia","Vilnius","25.2799","54.6896","High income","Not classified"
"Lithuania","LT","LTU",2023,"","2026-01-28",2871585,76.9878048780488,"Europe & Central Asia","Vilnius","25.2799","54.6896","High income","Not classified"
"Low & middle income","XO","LMY",2008,"","2026-01-28",5402245137,68.2255321106624,"Aggregates","","","","Aggregates","Aggregates"
"Low & middle income","XO","LMY",2013,"","2026-01-28",5787391504,69.8689891025595,"Aggregates","","","","Aggregates","Aggregates"
"Low & middle income","XO","LMY",2011,"","2026-01-28",5630227189,69.2434633728345,"Aggregates","","","","Aggregates","Aggregates"
"Low & middle income","XO","LMY",2012,"","2026-01-28",5709148191,69.5822714703333,"Aggregates","","","","Aggregates","Aggregates"
"Low & middle income","XO","LMY",2021,"","2026-01-28",6378323939,69.6714224191227,"Aggregates","","","","Aggregates","Aggregates"
"Low & middle income","XO","LMY",2014,"","2026-01-28",5865202078,70.119532025049,"Aggregates","","","","Aggregates","Aggregates"
"Low & middle income","XO","LMY",2009,"","2026-01-28",5477389130,68.6163517954891,"Aggregates","","","","Aggregates","Aggregates"
"Low & middle income","XO","LMY",2010,"","2026-01-28",5553257507,68.9547877376437,"Aggregates","","","","Aggregates","Aggregates"
"Low & middle income","XO","LMY",2016,"","2026-01-28",6017111688,70.605934919215,"Aggregates","","","","Aggregates","Aggregates"
"Low & middle income","XO","LMY",2017,"","2026-01-28",6093971714,70.8079915267906,"Aggregates","","","","Aggregates","Aggregates"
"Low & middle income","XO","LMY",2018,"","2026-01-28",6169658713,71.1341613587801,"Aggregates","","","","Aggregates","Aggregates"
"Low & middle income","XO","LMY",2019,"","2026-01-28",6243562839,71.3694842016144,"Aggregates","","","","Aggregates","Aggregates"
"Low & middle income","XO","LMY",2020,"","2026-01-28",6313913801,70.7483333328129,"Aggregates","","","","Aggregates","Aggregates"
"Low & middle income","XO","LMY",2024,"","2026-01-28",6563501708,NA,"Aggregates","","","","Aggregates","Aggregates"
"Low & middle income","XO","LMY",2005,"","2026-01-28",5181562375,67.3229974285212,"Aggregates","","","","Aggregates","Aggregates"
"Low & middle income","XO","LMY",2022,"","2026-01-28",6437946207,71.6849231239061,"Aggregates","","","","Aggregates","Aggregates"
"Low & middle income","XO","LMY",2023,"","2026-01-28",6498875200,71.9736125967917,"Aggregates","","","","Aggregates","Aggregates"
"Low & middle income","XO","LMY",2004,"","2026-01-28",5108183576,66.9104722374852,"Aggregates","","","","Aggregates","Aggregates"
"Low & middle income","XO","LMY",2003,"","2026-01-28",5034824498,66.6914030649656,"Aggregates","","","","Aggregates","Aggregates"
"Low & middle income","XO","LMY",2001,"","2026-01-28",4888551481,66.002452063376,"Aggregates","","","","Aggregates","Aggregates"
"Low & middle income","XO","LMY",2015,"","2026-01-28",5941222744,70.3675043362779,"Aggregates","","","","Aggregates","Aggregates"
"Low & middle income","XO","LMY",2002,"","2026-01-28",4961926647,66.341441445276,"Aggregates","","","","Aggregates","Aggregates"
"Low & middle income","XO","LMY",2006,"","2026-01-28",5255157355,67.6733886279651,"Aggregates","","","","Aggregates","Aggregates"
"Low & middle income","XO","LMY",2007,"","2026-01-28",5328158709,68.01744363595,"Aggregates","","","","Aggregates","Aggregates"
"Low & middle income","XO","LMY",2000,"","2026-01-28",4814250279,65.6715036495209,"Aggregates","","","","Aggregates","Aggregates"
"Low income","XM","",2000,"","2026-01-28",322668237,54.143054419106,NA,NA,NA,NA,NA,NA
"Low income","XM","",2001,"","2026-01-28",331269527,54.6681038847802,NA,NA,NA,NA,NA,NA
"Low income","XM","",2002,"","2026-01-28",341035328,55.121256271447,NA,NA,NA,NA,NA,NA
"Low income","XM","",2004,"","2026-01-28",361305645,56.6527593859072,NA,NA,NA,NA,NA,NA
"Low income","XM","",2005,"","2026-01-28",371788197,57.1918932752725,NA,NA,NA,NA,NA,NA
"Low income","XM","",2006,"","2026-01-28",383041001,57.9403344764781,NA,NA,NA,NA,NA,NA
"Low income","XM","",2003,"","2026-01-28",351244442,56.2235112162145,NA,NA,NA,NA,NA,NA
"Low income","XM","",2007,"","2026-01-28",394448347,58.5118801084062,NA,NA,NA,NA,NA,NA
"Low income","XM","",2008,"","2026-01-28",405862712,59.0060258681142,NA,NA,NA,NA,NA,NA
"Low income","XM","",2009,"","2026-01-28",417577386,59.1916649819035,NA,NA,NA,NA,NA,NA
"Low income","XM","",2010,"","2026-01-28",429515596,59.9256637801227,NA,NA,NA,NA,NA,NA
"Low income","XM","",2011,"","2026-01-28",441658754,59.8651146290921,NA,NA,NA,NA,NA,NA
"Low income","XM","",2012,"","2026-01-28",453652889,60.4345555796009,NA,NA,NA,NA,NA,NA
"Low income","XM","",2013,"","2026-01-28",465087882,60.8656156397362,NA,NA,NA,NA,NA,NA
"Low income","XM","",2014,"","2026-01-28",476470767,60.8378194343705,NA,NA,NA,NA,NA,NA
"Low income","XM","",2015,"","2026-01-28",488308267,60.9921347017928,NA,NA,NA,NA,NA,NA
"Low income","XM","",2016,"","2026-01-28",501149314,61.4016938292427,NA,NA,NA,NA,NA,NA
"Low income","XM","",2017,"","2026-01-28",514890519,61.5795083857409,NA,NA,NA,NA,NA,NA
"Low income","XM","",2018,"","2026-01-28",529522043,62.3399876414984,NA,NA,NA,NA,NA,NA
"Low income","XM","",2019,"","2026-01-28",544980983,62.7974465200669,NA,NA,NA,NA,NA,NA
"Low income","XM","",2020,"","2026-01-28",560643073,62.8180995019214,NA,NA,NA,NA,NA,NA
"Low income","XM","",2021,"","2026-01-28",576076618,62.3799887227483,NA,NA,NA,NA,NA,NA
"Low income","XM","",2022,"","2026-01-28",591481496,63.4583102800447,NA,NA,NA,NA,NA,NA
"Low income","XM","",2023,"","2026-01-28",607774703,64.5178957936853,NA,NA,NA,NA,NA,NA
"Low income","XM","",2024,"","2026-01-28",624608098,NA,NA,NA,NA,NA,NA,NA
"Lower middle income","XN","",2019,"","2026-01-28",2928617292,68.5574256254118,NA,NA,NA,NA,NA,NA
"Lower middle income","XN","",2020,"","2026-01-28",2968398856,68.040356336938,NA,NA,NA,NA,NA,NA
"Lower middle income","XN","",2021,"","2026-01-28",3006243027,66.3662902978306,NA,NA,NA,NA,NA,NA
"Lower middle income","XN","",2000,"","2026-01-28",2126559759,61.746407213603,NA,NA,NA,NA,NA,NA
"Lower middle income","XN","",2001,"","2026-01-28",2169474338,62.1266977569066,NA,NA,NA,NA,NA,NA
"Lower middle income","XN","",2002,"","2026-01-28",2211549617,62.5595171567779,NA,NA,NA,NA,NA,NA
"Lower middle income","XN","",2003,"","2026-01-28",2253206148,62.9752203112398,NA,NA,NA,NA,NA,NA
"Lower middle income","XN","",2004,"","2026-01-28",2295275996,63.3016675345135,NA,NA,NA,NA,NA,NA
"Lower middle income","XN","",2005,"","2026-01-28",2336911352,63.6745035247791,NA,NA,NA,NA,NA,NA
"Lower middle income","XN","",2018,"","2026-01-28",2888561818,68.2810033644819,NA,NA,NA,NA,NA,NA
"Lower middle income","XN","",2022,"","2026-01-28",3043358377,69.3010946755529,NA,NA,NA,NA,NA,NA
"Lower middle income","XN","",2023,"","2026-01-28",3082002881,69.5963746571515,NA,NA,NA,NA,NA,NA
"Lower middle income","XN","",2024,"","2026-01-28",3120980912,NA,NA,NA,NA,NA,NA,NA
"Lower middle income","XN","",2006,"","2026-01-28",2378783316,64.1041811702886,NA,NA,NA,NA,NA,NA
"Lower middle income","XN","",2007,"","2026-01-28",2421545203,64.4872672407541,NA,NA,NA,NA,NA,NA
"Lower middle income","XN","",2008,"","2026-01-28",2464036877,64.7365443618488,NA,NA,NA,NA,NA,NA
"Lower middle income","XN","",2009,"","2026-01-28",2506795582,65.2095484182311,NA,NA,NA,NA,NA,NA
"Lower middle income","XN","",2014,"","2026-01-28",2723061855,67.0394397674064,NA,NA,NA,NA,NA,NA
"Lower middle income","XN","",2010,"","2026-01-28",2550264612,65.554398103155,NA,NA,NA,NA,NA,NA
"Lower middle income","XN","",2011,"","2026-01-28",2593815085,65.9915065219331,NA,NA,NA,NA,NA,NA
"Lower middle income","XN","",2013,"","2026-01-28",2679816109,66.6966580151048,NA,NA,NA,NA,NA,NA
"Lower middle income","XN","",2012,"","2026-01-28",2637101332,66.3602661185582,NA,NA,NA,NA,NA,NA
"Lower middle income","XN","",2016,"","2026-01-28",2806590212,67.679193904199,NA,NA,NA,NA,NA,NA
"Lower middle income","XN","",2017,"","2026-01-28",2847931114,67.9952915350318,NA,NA,NA,NA,NA,NA
"Lower middle income","XN","",2015,"","2026-01-28",2765011526,67.3495071977304,NA,NA,NA,NA,NA,NA
"Luxembourg","LU","LUX",2015,"","2026-01-28",569604,82.2926829268293,"Europe & Central Asia","Luxembourg","6.1296","49.61","High income","Not classified"
"Luxembourg","LU","LUX",2014,"","2026-01-28",556319,82.2292682926829,"Europe & Central Asia","Luxembourg","6.1296","49.61","High income","Not classified"
"Luxembourg","LU","LUX",2019,"","2026-01-28",620001,82.6390243902439,"Europe & Central Asia","Luxembourg","6.1296","49.61","High income","Not classified"
"Luxembourg","LU","LUX",2013,"","2026-01-28",543360,81.8,"Europe & Central Asia","Luxembourg","6.1296","49.61","High income","Not classified"
"Luxembourg","LU","LUX",2011,"","2026-01-28",518347,80.9878048780488,"Europe & Central Asia","Luxembourg","6.1296","49.61","High income","Not classified"
"Luxembourg","LU","LUX",2012,"","2026-01-28",530946,81.3926829268293,"Europe & Central Asia","Luxembourg","6.1296","49.61","High income","Not classified"
"Luxembourg","LU","LUX",2000,"","2026-01-28",436300,77.8731707317073,"Europe & Central Asia","Luxembourg","6.1296","49.61","High income","Not classified"
"Luxembourg","LU","LUX",2016,"","2026-01-28",582014,82.6853658536585,"Europe & Central Asia","Luxembourg","6.1296","49.61","High income","Not classified"
"Luxembourg","LU","LUX",2017,"","2026-01-28",596336,82.0951219512195,"Europe & Central Asia","Luxembourg","6.1296","49.61","High income","Not classified"
"Luxembourg","LU","LUX",2018,"","2026-01-28",607950,82.2951219512195,"Europe & Central Asia","Luxembourg","6.1296","49.61","High income","Not classified"
"Luxembourg","LU","LUX",2022,"","2026-01-28",653103,82.9463414634147,"Europe & Central Asia","Luxembourg","6.1296","49.61","High income","Not classified"
"Luxembourg","LU","LUX",2023,"","2026-01-28",666430,83.3585365853659,"Europe & Central Asia","Luxembourg","6.1296","49.61","High income","Not classified"
"Luxembourg","LU","LUX",2024,"","2026-01-28",677012,NA,"Europe & Central Asia","Luxembourg","6.1296","49.61","High income","Not classified"
"Luxembourg","LU","LUX",2010,"","2026-01-28",506953,80.6317073170732,"Europe & Central Asia","Luxembourg","6.1296","49.61","High income","Not classified"
"Luxembourg","LU","LUX",2021,"","2026-01-28",640064,82.5975609756098,"Europe & Central Asia","Luxembourg","6.1296","49.61","High income","Not classified"
"Luxembourg","LU","LUX",2007,"","2026-01-28",479993,79.3829268292683,"Europe & Central Asia","Luxembourg","6.1296","49.61","High income","Not classified"
"Luxembourg","LU","LUX",2020,"","2026-01-28",630419,82.1439024390244,"Europe & Central Asia","Luxembourg","6.1296","49.61","High income","Not classified"
"Luxembourg","LU","LUX",2004,"","2026-01-28",458095,79.1219512195122,"Europe & Central Asia","Luxembourg","6.1296","49.61","High income","Not classified"
"Luxembourg","LU","LUX",2001,"","2026-01-28",441525,77.8243902439025,"Europe & Central Asia","Luxembourg","6.1296","49.61","High income","Not classified"
"Luxembourg","LU","LUX",2005,"","2026-01-28",465158,79.4317073170732,"Europe & Central Asia","Luxembourg","6.1296","49.61","High income","Not classified"
"Luxembourg","LU","LUX",2008,"","2026-01-28",488650,80.5390243902439,"Europe & Central Asia","Luxembourg","6.1296","49.61","High income","Not classified"
"Luxembourg","LU","LUX",2009,"","2026-01-28",497783,80.6365853658537,"Europe & Central Asia","Luxembourg","6.1296","49.61","High income","Not classified"
"Luxembourg","LU","LUX",2006,"","2026-01-28",472637,79.2878048780488,"Europe & Central Asia","Luxembourg","6.1296","49.61","High income","Not classified"
"Luxembourg","LU","LUX",2003,"","2026-01-28",451630,77.7268292682927,"Europe & Central Asia","Luxembourg","6.1296","49.61","High income","Not classified"
"Luxembourg","LU","LUX",2002,"","2026-01-28",446175,77.9658536585366,"Europe & Central Asia","Luxembourg","6.1296","49.61","High income","Not classified"
"Macao SAR, China","MO","MAC",2001,"","2026-01-28",433900,80.5878048780488,"East Asia & Pacific","","113.55","22.1667","High income","Not classified"
"Macao SAR, China","MO","MAC",2002,"","2026-01-28",438400,80.9463414634146,"East Asia & Pacific","","113.55","22.1667","High income","Not classified"
"Macao SAR, China","MO","MAC",2003,"","2026-01-28",443600,81.0439024390244,"East Asia & Pacific","","113.55","22.1667","High income","Not classified"
"Macao SAR, China","MO","MAC",2004,"","2026-01-28",454700,80.9926829268293,"East Asia & Pacific","","113.55","22.1667","High income","Not classified"
"Macao SAR, China","MO","MAC",2016,"","2026-01-28",652500,83.2756097560976,"East Asia & Pacific","","113.55","22.1667","High income","Not classified"
"Macao SAR, China","MO","MAC",2000,"","2026-01-28",430600,80.1829268292683,"East Asia & Pacific","","113.55","22.1667","High income","Not classified"
"Macao SAR, China","MO","MAC",2013,"","2026-01-28",591900,82.7219512195122,"East Asia & Pacific","","113.55","22.1667","High income","Not classified"
"Macao SAR, China","MO","MAC",2015,"","2026-01-28",642900,83.2243902439024,"East Asia & Pacific","","113.55","22.1667","High income","Not classified"
"Macao SAR, China","MO","MAC",2019,"","2026-01-28",672000,83.9292682926829,"East Asia & Pacific","","113.55","22.1667","High income","Not classified"
"Macao SAR, China","MO","MAC",2011,"","2026-01-28",549600,82.4707317073171,"East Asia & Pacific","","113.55","22.1667","High income","Not classified"
"Macao SAR, China","MO","MAC",2017,"","2026-01-28",648400,83.5268292682927,"East Asia & Pacific","","113.55","22.1667","High income","Not classified"
"Macao SAR, China","MO","MAC",2014,"","2026-01-28",621700,83.0219512195122,"East Asia & Pacific","","113.55","22.1667","High income","Not classified"
"Macao SAR, China","MO","MAC",2024,"","2026-01-28",687000,NA,"East Asia & Pacific","","113.55","22.1667","High income","Not classified"
"Macao SAR, China","MO","MAC",2008,"","2026-01-28",540700,82.0268292682927,"East Asia & Pacific","","113.55","22.1667","High income","Not classified"
"Macao SAR, China","MO","MAC",2012,"","2026-01-28",567900,82.4707317073171,"East Asia & Pacific","","113.55","22.1667","High income","Not classified"
"Macao SAR, China","MO","MAC",2018,"","2026-01-28",658900,83.6780487804878,"East Asia & Pacific","","113.55","22.1667","High income","Not classified"
"Macao SAR, China","MO","MAC",2006,"","2026-01-28",498900,81.7292682926829,"East Asia & Pacific","","113.55","22.1667","High income","Not classified"
"Macao SAR, China","MO","MAC",2007,"","2026-01-28",520900,81.7292682926829,"East Asia & Pacific","","113.55","22.1667","High income","Not classified"
"Macao SAR, China","MO","MAC",2005,"","2026-01-28",473500,81.3414634146341,"East Asia & Pacific","","113.55","22.1667","High income","Not classified"
"Macao SAR, China","MO","MAC",2010,"","2026-01-28",537000,82.2731707317073,"East Asia & Pacific","","113.55","22.1667","High income","Not classified"
"Macao SAR, China","MO","MAC",2020,"","2026-01-28",685400,84.1292682926829,"East Asia & Pacific","","113.55","22.1667","High income","Not classified"
"Macao SAR, China","MO","MAC",2023,"","2026-01-28",678800,83.1804878048781,"East Asia & Pacific","","113.55","22.1667","High income","Not classified"
"Macao SAR, China","MO","MAC",2009,"","2026-01-28",535000,82.1756097560976,"East Asia & Pacific","","113.55","22.1667","High income","Not classified"
"Macao SAR, China","MO","MAC",2021,"","2026-01-28",682500,83.7292682926829,"East Asia & Pacific","","113.55","22.1667","High income","Not classified"
"Macao SAR, China","MO","MAC",2022,"","2026-01-28",677300,83.0804878048781,"East Asia & Pacific","","113.55","22.1667","High income","Not classified"
"Madagascar","MG","MDG",2007,"","2026-01-28",20318583,61.533,"Sub-Saharan Africa","Antananarivo","45.7167","-20.4667","Low income","IDA"
"Madagascar","MG","MDG",2005,"","2026-01-28",19159707,60.664,"Sub-Saharan Africa","Antananarivo","45.7167","-20.4667","Low income","IDA"
"Madagascar","MG","MDG",2008,"","2026-01-28",20923840,61.992,"Sub-Saharan Africa","Antananarivo","45.7167","-20.4667","Low income","IDA"
"Madagascar","MG","MDG",2010,"","2026-01-28",22183340,62.597,"Sub-Saharan Africa","Antananarivo","45.7167","-20.4667","Low income","IDA"
"Madagascar","MG","MDG",2006,"","2026-01-28",19730909,61.14,"Sub-Saharan Africa","Antananarivo","45.7167","-20.4667","Low income","IDA"
"Madagascar","MG","MDG",2019,"","2026-01-28",28219554,63.504,"Sub-Saharan Africa","Antananarivo","45.7167","-20.4667","Low income","IDA"
"Madagascar","MG","MDG",2009,"","2026-01-28",21547280,62.304,"Sub-Saharan Africa","Antananarivo","45.7167","-20.4667","Low income","IDA"
"Madagascar","MG","MDG",2004,"","2026-01-28",18606608,60.168,"Sub-Saharan Africa","Antananarivo","45.7167","-20.4667","Low income","IDA"
"Madagascar","MG","MDG",2011,"","2026-01-28",22822300,62.86,"Sub-Saharan Africa","Antananarivo","45.7167","-20.4667","Low income","IDA"
"Madagascar","MG","MDG",2014,"","2026-01-28",24764348,63.261,"Sub-Saharan Africa","Antananarivo","45.7167","-20.4667","Low income","IDA"
"Madagascar","MG","MDG",2000,"","2026-01-28",16516338,57.974,"Sub-Saharan Africa","Antananarivo","45.7167","-20.4667","Low income","IDA"
"Madagascar","MG","MDG",2015,"","2026-01-28",25426702,63.362,"Sub-Saharan Africa","Antananarivo","45.7167","-20.4667","Low income","IDA"
"Madagascar","MG","MDG",2017,"","2026-01-28",26788375,63.433,"Sub-Saharan Africa","Antananarivo","45.7167","-20.4667","Low income","IDA"
"Madagascar","MG","MDG",2018,"","2026-01-28",27494926,63.491,"Sub-Saharan Africa","Antananarivo","45.7167","-20.4667","Low income","IDA"
"Madagascar","MG","MDG",2012,"","2026-01-28",23462438,63.007,"Sub-Saharan Africa","Antananarivo","45.7167","-20.4667","Low income","IDA"
"Madagascar","MG","MDG",2013,"","2026-01-28",24109290,63.161,"Sub-Saharan Africa","Antananarivo","45.7167","-20.4667","Low income","IDA"
"Madagascar","MG","MDG",2020,"","2026-01-28",28953556,62.706,"Sub-Saharan Africa","Antananarivo","45.7167","-20.4667","Low income","IDA"
"Madagascar","MG","MDG",2021,"","2026-01-28",29691083,62.516,"Sub-Saharan Africa","Antananarivo","45.7167","-20.4667","Low income","IDA"
"Madagascar","MG","MDG",2023,"","2026-01-28",31195932,63.632,"Sub-Saharan Africa","Antananarivo","45.7167","-20.4667","Low income","IDA"
"Madagascar","MG","MDG",2016,"","2026-01-28",26099952,63.431,"Sub-Saharan Africa","Antananarivo","45.7167","-20.4667","Low income","IDA"
"Madagascar","MG","MDG",2003,"","2026-01-28",18071854,59.693,"Sub-Saharan Africa","Antananarivo","45.7167","-20.4667","Low income","IDA"
"Madagascar","MG","MDG",2001,"","2026-01-28",17032939,58.674,"Sub-Saharan Africa","Antananarivo","45.7167","-20.4667","Low income","IDA"
"Madagascar","MG","MDG",2002,"","2026-01-28",17549913,59.17,"Sub-Saharan Africa","Antananarivo","45.7167","-20.4667","Low income","IDA"
"Madagascar","MG","MDG",2024,"","2026-01-28",31964956,NA,"Sub-Saharan Africa","Antananarivo","45.7167","-20.4667","Low income","IDA"
"Madagascar","MG","MDG",2022,"","2026-01-28",30437261,63.068,"Sub-Saharan Africa","Antananarivo","45.7167","-20.4667","Low income","IDA"
"Malawi","MW","MWI",2020,"","2026-01-28",19533888,65.216,"Sub-Saharan Africa","Lilongwe","33.7703","-13.9899","Low income","IDA"
"Malawi","MW","MWI",2024,"","2026-01-28",21655286,NA,"Sub-Saharan Africa","Lilongwe","33.7703","-13.9899","Low income","IDA"
"Malawi","MW","MWI",2021,"","2026-01-28",20047258,64.782,"Sub-Saharan Africa","Lilongwe","33.7703","-13.9899","Low income","IDA"
"Malawi","MW","MWI",2018,"","2026-01-28",18528081,64.464,"Sub-Saharan Africa","Lilongwe","33.7703","-13.9899","Low income","IDA"
"Malawi","MW","MWI",2019,"","2026-01-28",19025752,64.995,"Sub-Saharan Africa","Lilongwe","33.7703","-13.9899","Low income","IDA"
"Malawi","MW","MWI",2023,"","2026-01-28",21104482,67.353,"Sub-Saharan Africa","Lilongwe","33.7703","-13.9899","Low income","IDA"
"Malawi","MW","MWI",2008,"","2026-01-28",13976417,55.715,"Sub-Saharan Africa","Lilongwe","33.7703","-13.9899","Low income","IDA"
"Malawi","MW","MWI",2005,"","2026-01-28",12840031,52.469,"Sub-Saharan Africa","Lilongwe","33.7703","-13.9899","Low income","IDA"
"Malawi","MW","MWI",2022,"","2026-01-28",20568728,66.037,"Sub-Saharan Africa","Lilongwe","33.7703","-13.9899","Low income","IDA"
"Malawi","MW","MWI",2016,"","2026-01-28",17557739,63.163,"Sub-Saharan Africa","Lilongwe","33.7703","-13.9899","Low income","IDA"
"Malawi","MW","MWI",2013,"","2026-01-28",16161816,60.816,"Sub-Saharan Africa","Lilongwe","33.7703","-13.9899","Low income","IDA"
"Malawi","MW","MWI",2004,"","2026-01-28",12500737,51.073,"Sub-Saharan Africa","Lilongwe","33.7703","-13.9899","Low income","IDA"
"Malawi","MW","MWI",2014,"","2026-01-28",16621538,61.651,"Sub-Saharan Africa","Lilongwe","33.7703","-13.9899","Low income","IDA"
"Malawi","MW","MWI",2006,"","2026-01-28",13198701,53.652,"Sub-Saharan Africa","Lilongwe","33.7703","-13.9899","Low income","IDA"
"Malawi","MW","MWI",2017,"","2026-01-28",18039715,63.914,"Sub-Saharan Africa","Lilongwe","33.7703","-13.9899","Low income","IDA"
"Malawi","MW","MWI",2000,"","2026-01-28",11315942,46.17,"Sub-Saharan Africa","Lilongwe","33.7703","-13.9899","Low income","IDA"
"Malawi","MW","MWI",2011,"","2026-01-28",15265022,58.859,"Sub-Saharan Africa","Lilongwe","33.7703","-13.9899","Low income","IDA"
"Malawi","MW","MWI",2015,"","2026-01-28",17085587,62.324,"Sub-Saharan Africa","Lilongwe","33.7703","-13.9899","Low income","IDA"
"Malawi","MW","MWI",2007,"","2026-01-28",13576343,54.687,"Sub-Saharan Africa","Lilongwe","33.7703","-13.9899","Low income","IDA"
"Malawi","MW","MWI",2003,"","2026-01-28",12181574,49.601,"Sub-Saharan Africa","Lilongwe","33.7703","-13.9899","Low income","IDA"
"Malawi","MW","MWI",2009,"","2026-01-28",14395788,56.714,"Sub-Saharan Africa","Lilongwe","33.7703","-13.9899","Low income","IDA"
"Malawi","MW","MWI",2012,"","2026-01-28",15709577,59.87,"Sub-Saharan Africa","Lilongwe","33.7703","-13.9899","Low income","IDA"
"Malawi","MW","MWI",2002,"","2026-01-28",11880440,48.176,"Sub-Saharan Africa","Lilongwe","33.7703","-13.9899","Low income","IDA"
"Malawi","MW","MWI",2001,"","2026-01-28",11593058,47.205,"Sub-Saharan Africa","Lilongwe","33.7703","-13.9899","Low income","IDA"
"Malawi","MW","MWI",2010,"","2026-01-28",14826463,57.787,"Sub-Saharan Africa","Lilongwe","33.7703","-13.9899","Low income","IDA"
"Malaysia","MY","MYS",2008,"","2026-01-28",27570059,75.151,"East Asia & Pacific","Kuala Lumpur","101.684","3.12433","Upper middle income","IBRD"
"Malaysia","MY","MYS",2019,"","2026-01-28",33440596,75.9,"East Asia & Pacific","Kuala Lumpur","101.684","3.12433","Upper middle income","IBRD"
"Malaysia","MY","MYS",2001,"","2026-01-28",23526538,73.08,"East Asia & Pacific","Kuala Lumpur","101.684","3.12433","Upper middle income","IBRD"
"Malaysia","MY","MYS",2007,"","2026-01-28",26998389,74.961,"East Asia & Pacific","Kuala Lumpur","101.684","3.12433","Upper middle income","IBRD"
"Malaysia","MY","MYS",2018,"","2026-01-28",32910967,75.734,"East Asia & Pacific","Kuala Lumpur","101.684","3.12433","Upper middle income","IBRD"
"Malaysia","MY","MYS",2004,"","2026-01-28",25256772,74.027,"East Asia & Pacific","Kuala Lumpur","101.684","3.12433","Upper middle income","IBRD"
"Malaysia","MY","MYS",2009,"","2026-01-28",28124778,75.269,"East Asia & Pacific","Kuala Lumpur","101.684","3.12433","Upper middle income","IBRD"
"Malaysia","MY","MYS",2010,"","2026-01-28",28655776,75.376,"East Asia & Pacific","Kuala Lumpur","101.684","3.12433","Upper middle income","IBRD"
"Malaysia","MY","MYS",2000,"","2026-01-28",22967816,72.732,"East Asia & Pacific","Kuala Lumpur","101.684","3.12433","Upper middle income","IBRD"
"Malaysia","MY","MYS",2022,"","2026-01-28",34695493,75.444,"East Asia & Pacific","Kuala Lumpur","101.684","3.12433","Upper middle income","IBRD"
"Malaysia","MY","MYS",2023,"","2026-01-28",35126298,76.657,"East Asia & Pacific","Kuala Lumpur","101.684","3.12433","Upper middle income","IBRD"
"Malaysia","MY","MYS",2006,"","2026-01-28",26417909,74.697,"East Asia & Pacific","Kuala Lumpur","101.684","3.12433","Upper middle income","IBRD"
"Malaysia","MY","MYS",2017,"","2026-01-28",32355644,75.542,"East Asia & Pacific","Kuala Lumpur","101.684","3.12433","Upper middle income","IBRD"
"Malaysia","MY","MYS",2003,"","2026-01-28",24679602,73.727,"East Asia & Pacific","Kuala Lumpur","101.684","3.12433","Upper middle income","IBRD"
"Malaysia","MY","MYS",2014,"","2026-01-28",30696137,75.345,"East Asia & Pacific","Kuala Lumpur","101.684","3.12433","Upper middle income","IBRD"
"Malaysia","MY","MYS",2020,"","2026-01-28",33889558,76.057,"East Asia & Pacific","Kuala Lumpur","101.684","3.12433","Upper middle income","IBRD"
"Malaysia","MY","MYS",2021,"","2026-01-28",34282399,73.917,"East Asia & Pacific","Kuala Lumpur","101.684","3.12433","Upper middle income","IBRD"
"Malaysia","MY","MYS",2002,"","2026-01-28",24102477,73.469,"East Asia & Pacific","Kuala Lumpur","101.684","3.12433","Upper middle income","IBRD"
"Malaysia","MY","MYS",2013,"","2026-01-28",30174265,75.464,"East Asia & Pacific","Kuala Lumpur","101.684","3.12433","Upper middle income","IBRD"
"Malaysia","MY","MYS",2005,"","2026-01-28",25836071,74.37,"East Asia & Pacific","Kuala Lumpur","101.684","3.12433","Upper middle income","IBRD"
"Malaysia","MY","MYS",2016,"","2026-01-28",31789685,75.371,"East Asia & Pacific","Kuala Lumpur","101.684","3.12433","Upper middle income","IBRD"
"Malaysia","MY","MYS",2015,"","2026-01-28",31232798,75.288,"East Asia & Pacific","Kuala Lumpur","101.684","3.12433","Upper middle income","IBRD"
"Malaysia","MY","MYS",2012,"","2026-01-28",29662831,75.552,"East Asia & Pacific","Kuala Lumpur","101.684","3.12433","Upper middle income","IBRD"
"Malaysia","MY","MYS",2024,"","2026-01-28",35557673,NA,"East Asia & Pacific","Kuala Lumpur","101.684","3.12433","Upper middle income","IBRD"
"Malaysia","MY","MYS",2011,"","2026-01-28",29162039,75.488,"East Asia & Pacific","Kuala Lumpur","101.684","3.12433","Upper middle income","IBRD"
"Maldives","MV","MDV",2011,"","2026-01-28",373674,77.141,"South Asia","Male","73.5109","4.1742","Upper middle income","IDA"
"Maldives","MV","MDV",2012,"","2026-01-28",386818,77.512,"South Asia","Male","73.5109","4.1742","Upper middle income","IDA"
"Maldives","MV","MDV",2010,"","2026-01-28",360792,76.756,"South Asia","Male","73.5109","4.1742","Upper middle income","IDA"
"Maldives","MV","MDV",2013,"","2026-01-28",400070,77.847,"South Asia","Male","73.5109","4.1742","Upper middle income","IDA"
"Maldives","MV","MDV",2008,"","2026-01-28",336170,75.999,"South Asia","Male","73.5109","4.1742","Upper middle income","IDA"
"Maldives","MV","MDV",2009,"","2026-01-28",348275,76.371,"South Asia","Male","73.5109","4.1742","Upper middle income","IDA"
"Maldives","MV","MDV",2016,"","2026-01-28",443308,78.913,"South Asia","Male","73.5109","4.1742","Upper middle income","IDA"
"Maldives","MV","MDV",2020,"","2026-01-28",502118,78.713,"South Asia","Male","73.5109","4.1742","Upper middle income","IDA"
"Maldives","MV","MDV",2014,"","2026-01-28",413617,78.187,"South Asia","Male","73.5109","4.1742","Upper middle income","IDA"
"Maldives","MV","MDV",2015,"","2026-01-28",428154,78.607,"South Asia","Male","73.5109","4.1742","Upper middle income","IDA"
"Maldives","MV","MDV",2019,"","2026-01-28",487731,79.707,"South Asia","Male","73.5109","4.1742","Upper middle income","IDA"
"Maldives","MV","MDV",2024,"","2026-01-28",527799,NA,"South Asia","Male","73.5109","4.1742","Upper middle income","IDA"
"Maldives","MV","MDV",2017,"","2026-01-28",458287,79.228,"South Asia","Male","73.5109","4.1742","Upper middle income","IDA"
"Maldives","MV","MDV",2022,"","2026-01-28",524106,80.76,"South Asia","Male","73.5109","4.1742","Upper middle income","IDA"
"Maldives","MV","MDV",2023,"","2026-01-28",525994,81.041,"South Asia","Male","73.5109","4.1742","Upper middle income","IDA"
"Maldives","MV","MDV",2004,"","2026-01-28",301413,73.008,"South Asia","Male","73.5109","4.1742","Upper middle income","IDA"
"Maldives","MV","MDV",2005,"","2026-01-28",306429,74.785,"South Asia","Male","73.5109","4.1742","Upper middle income","IDA"
"Maldives","MV","MDV",2021,"","2026-01-28",516154,78.052,"South Asia","Male","73.5109","4.1742","Upper middle income","IDA"
"Maldives","MV","MDV",2018,"","2026-01-28",473099,79.433,"South Asia","Male","73.5109","4.1742","Upper middle income","IDA"
"Maldives","MV","MDV",2002,"","2026-01-28",291616,72.36,"South Asia","Male","73.5109","4.1742","Upper middle income","IDA"
"Maldives","MV","MDV",2003,"","2026-01-28",296491,73.263,"South Asia","Male","73.5109","4.1742","Upper middle income","IDA"
"Maldives","MV","MDV",2001,"","2026-01-28",286767,71.659,"South Asia","Male","73.5109","4.1742","Upper middle income","IDA"
"Maldives","MV","MDV",2007,"","2026-01-28",324479,75.711,"South Asia","Male","73.5109","4.1742","Upper middle income","IDA"
"Maldives","MV","MDV",2000,"","2026-01-28",282019,70.892,"South Asia","Male","73.5109","4.1742","Upper middle income","IDA"
"Maldives","MV","MDV",2006,"","2026-01-28",313851,75.256,"South Asia","Male","73.5109","4.1742","Upper middle income","IDA"
"Mali","ML","MLI",2000,"","2026-01-28",11559290,50.605,"Sub-Saharan Africa","Bamako","-7.50034","13.5667","Low income","IDA"
"Mali","ML","MLI",2011,"","2026-01-28",16469049,56.367,"Sub-Saharan Africa","Bamako","-7.50034","13.5667","Low income","IDA"
"Mali","ML","MLI",2024,"","2026-01-28",24478595,NA,"Sub-Saharan Africa","Bamako","-7.50034","13.5667","Low income","IDA"
"Mali","ML","MLI",2010,"","2026-01-28",15945198,55.993,"Sub-Saharan Africa","Bamako","-7.50034","13.5667","Low income","IDA"
"Mali","ML","MLI",2014,"","2026-01-28",18020267,57.482,"Sub-Saharan Africa","Bamako","-7.50034","13.5667","Low income","IDA"
"Mali","ML","MLI",2012,"","2026-01-28",16957033,56.696,"Sub-Saharan Africa","Bamako","-7.50034","13.5667","Low income","IDA"
"Mali","ML","MLI",2021,"","2026-01-28",22388630,59.116,"Sub-Saharan Africa","Bamako","-7.50034","13.5667","Low income","IDA"
"Mali","ML","MLI",2023,"","2026-01-28",23769127,60.439,"Sub-Saharan Africa","Bamako","-7.50034","13.5667","Low income","IDA"
"Mali","ML","MLI",2019,"","2026-01-28",21068405,59.217,"Sub-Saharan Africa","Bamako","-7.50034","13.5667","Low income","IDA"
"Mali","ML","MLI",2004,"","2026-01-28",13102409,53.253,"Sub-Saharan Africa","Bamako","-7.50034","13.5667","Low income","IDA"
"Mali","ML","MLI",2001,"","2026-01-28",11912158,51.3,"Sub-Saharan Africa","Bamako","-7.50034","13.5667","Low income","IDA"
"Mali","ML","MLI",2013,"","2026-01-28",17459615,57.052,"Sub-Saharan Africa","Bamako","-7.50034","13.5667","Low income","IDA"
"Mali","ML","MLI",2009,"","2026-01-28",15435539,55.588,"Sub-Saharan Africa","Bamako","-7.50034","13.5667","Low income","IDA"
"Mali","ML","MLI",2003,"","2026-01-28",12684955,52.632,"Sub-Saharan Africa","Bamako","-7.50034","13.5667","Low income","IDA"
"Mali","ML","MLI",2020,"","2026-01-28",21713836,58.858,"Sub-Saharan Africa","Bamako","-7.50034","13.5667","Low income","IDA"
"Mali","ML","MLI",2022,"","2026-01-28",23072640,60.035,"Sub-Saharan Africa","Bamako","-7.50034","13.5667","Low income","IDA"
"Mali","ML","MLI",2008,"","2026-01-28",14940782,55.187,"Sub-Saharan Africa","Bamako","-7.50034","13.5667","Low income","IDA"
"Mali","ML","MLI",2006,"","2026-01-28",13990139,54.305,"Sub-Saharan Africa","Bamako","-7.50034","13.5667","Low income","IDA"
"Mali","ML","MLI",2018,"","2026-01-28",20442030,58.873,"Sub-Saharan Africa","Bamako","-7.50034","13.5667","Low income","IDA"
"Mali","ML","MLI",2007,"","2026-01-28",14457775,54.756,"Sub-Saharan Africa","Bamako","-7.50034","13.5667","Low income","IDA"
"Mali","ML","MLI",2002,"","2026-01-28",12288050,51.995,"Sub-Saharan Africa","Bamako","-7.50034","13.5667","Low income","IDA"
"Mali","ML","MLI",2015,"","2026-01-28",18593022,57.852,"Sub-Saharan Africa","Bamako","-7.50034","13.5667","Low income","IDA"
"Mali","ML","MLI",2016,"","2026-01-28",19191289,58.286,"Sub-Saharan Africa","Bamako","-7.50034","13.5667","Low income","IDA"
"Mali","ML","MLI",2017,"","2026-01-28",19813011,58.562,"Sub-Saharan Africa","Bamako","-7.50034","13.5667","Low income","IDA"
"Mali","ML","MLI",2005,"","2026-01-28",13538647,53.792,"Sub-Saharan Africa","Bamako","-7.50034","13.5667","Low income","IDA"
"Malta","MT","MLT",2004,"","2026-01-28",401268,79.2536585365854,"Middle East & North Africa","Valletta","14.5189","35.9042","High income","Not classified"
"Malta","MT","MLT",2005,"","2026-01-28",403834,79.3,"Middle East & North Africa","Valletta","14.5189","35.9042","High income","Not classified"
"Malta","MT","MLT",2016,"","2026-01-28",454505,82.4536585365854,"Middle East & North Africa","Valletta","14.5189","35.9042","High income","Not classified"
"Malta","MT","MLT",2003,"","2026-01-28",398582,78.5463414634146,"Middle East & North Africa","Valletta","14.5189","35.9042","High income","Not classified"
"Malta","MT","MLT",2002,"","2026-01-28",395969,78.7390243902439,"Middle East & North Africa","Valletta","14.5189","35.9042","High income","Not classified"
"Malta","MT","MLT",2015,"","2026-01-28",444220,81.8975609756097,"Middle East & North Africa","Valletta","14.5189","35.9042","High income","Not classified"
"Malta","MT","MLT",2024,"","2026-01-28",568847,NA,"Middle East & North Africa","Valletta","14.5189","35.9042","High income","Not classified"
"Malta","MT","MLT",2006,"","2026-01-28",405308,79.4390243902439,"Middle East & North Africa","Valletta","14.5189","35.9042","High income","Not classified"
"Malta","MT","MLT",2007,"","2026-01-28",406724,79.7926829268293,"Middle East & North Africa","Valletta","14.5189","35.9042","High income","Not classified"
"Malta","MT","MLT",2014,"","2026-01-28",433481,82.0463414634146,"Middle East & North Africa","Valletta","14.5189","35.9042","High income","Not classified"
"Malta","MT","MLT",2010,"","2026-01-28",414508,81.3975609756098,"Middle East & North Africa","Valletta","14.5189","35.9042","High income","Not classified"
"Malta","MT","MLT",2021,"","2026-01-28",518150,82.2585365853659,"Middle East & North Africa","Valletta","14.5189","35.9042","High income","Not classified"
"Malta","MT","MLT",2001,"","2026-01-28",393028,78.8439024390244,"Middle East & North Africa","Valletta","14.5189","35.9042","High income","Not classified"
"Malta","MT","MLT",2017,"","2026-01-28",467106,82.3463414634146,"Middle East & North Africa","Valletta","14.5189","35.9042","High income","Not classified"
"Malta","MT","MLT",2000,"","2026-01-28",390087,78.3487804878049,"Middle East & North Africa","Valletta","14.5189","35.9042","High income","Not classified"
"Malta","MT","MLT",2023,"","2026-01-28",552747,83.5073170731707,"Middle East & North Africa","Valletta","14.5189","35.9042","High income","Not classified"
"Malta","MT","MLT",2011,"","2026-01-28",416268,80.7463414634146,"Middle East & North Africa","Valletta","14.5189","35.9042","High income","Not classified"
"Malta","MT","MLT",2013,"","2026-01-28",424810,81.7463414634146,"Middle East & North Africa","Valletta","14.5189","35.9042","High income","Not classified"
"Malta","MT","MLT",2022,"","2026-01-28",531113,82.4487804878049,"Middle East & North Africa","Valletta","14.5189","35.9042","High income","Not classified"
"Malta","MT","MLT",2009,"","2026-01-28",412477,80.2414634146342,"Middle East & North Africa","Valletta","14.5189","35.9042","High income","Not classified"
"Malta","MT","MLT",2020,"","2026-01-28",515490,82.0975609756098,"Middle East & North Africa","Valletta","14.5189","35.9042","High income","Not classified"
"Malta","MT","MLT",2012,"","2026-01-28",420028,80.7463414634146,"Middle East & North Africa","Valletta","14.5189","35.9042","High income","Not classified"
"Malta","MT","MLT",2008,"","2026-01-28",409379,79.6365853658537,"Middle East & North Africa","Valletta","14.5189","35.9042","High income","Not classified"
"Malta","MT","MLT",2019,"","2026-01-28",503912,82.6585365853659,"Middle East & North Africa","Valletta","14.5189","35.9042","High income","Not classified"
"Malta","MT","MLT",2018,"","2026-01-28",483903,82.2487804878049,"Middle East & North Africa","Valletta","14.5189","35.9042","High income","Not classified"
"Marshall Islands","MH","MHL",2017,"","2026-01-28",46529,65.673,"East Asia & Pacific","Majuro","171.135","7.11046","Upper middle income","IDA"
"Marshall Islands","MH","MHL",2022,"","2026-01-28",40077,66.725,"East Asia & Pacific","Majuro","171.135","7.11046","Upper middle income","IDA"
"Marshall Islands","MH","MHL",2016,"","2026-01-28",47709,65.477,"East Asia & Pacific","Majuro","171.135","7.11046","Upper middle income","IDA"
"Marshall Islands","MH","MHL",2000,"","2026-01-28",50706,63.323,"East Asia & Pacific","Majuro","171.135","7.11046","Upper middle income","IDA"
"Marshall Islands","MH","MHL",2001,"","2026-01-28",51123,63.735,"East Asia & Pacific","Majuro","171.135","7.11046","Upper middle income","IDA"
"Marshall Islands","MH","MHL",2018,"","2026-01-28",45285,65.87,"East Asia & Pacific","Majuro","171.135","7.11046","Upper middle income","IDA"
"Marshall Islands","MH","MHL",2015,"","2026-01-28",48800,65.292,"East Asia & Pacific","Majuro","171.135","7.11046","Upper middle income","IDA"
"Marshall Islands","MH","MHL",2014,"","2026-01-28",49796,65.11,"East Asia & Pacific","Majuro","171.135","7.11046","Upper middle income","IDA"
"Marshall Islands","MH","MHL",2024,"","2026-01-28",37548,NA,"East Asia & Pacific","Majuro","171.135","7.11046","Upper middle income","IDA"
"Marshall Islands","MH","MHL",2010,"","2026-01-28",52044,64.498,"East Asia & Pacific","Majuro","171.135","7.11046","Upper middle income","IDA"
"Marshall Islands","MH","MHL",2019,"","2026-01-28",44007,66.047,"East Asia & Pacific","Majuro","171.135","7.11046","Upper middle income","IDA"
"Marshall Islands","MH","MHL",2003,"","2026-01-28",51639,63.956,"East Asia & Pacific","Majuro","171.135","7.11046","Upper middle income","IDA"
"Marshall Islands","MH","MHL",2013,"","2026-01-28",50681,64.954,"East Asia & Pacific","Majuro","171.135","7.11046","Upper middle income","IDA"
"Marshall Islands","MH","MHL",2020,"","2026-01-28",42706,65.387,"East Asia & Pacific","Majuro","171.135","7.11046","Upper middle income","IDA"
"Marshall Islands","MH","MHL",2002,"","2026-01-28",51425,63.848,"East Asia & Pacific","Majuro","171.135","7.11046","Upper middle income","IDA"
"Marshall Islands","MH","MHL",2023,"","2026-01-28",38827,66.945,"East Asia & Pacific","Majuro","171.135","7.11046","Upper middle income","IDA"
"Marshall Islands","MH","MHL",2008,"","2026-01-28",52030,64.3,"East Asia & Pacific","Majuro","171.135","7.11046","Upper middle income","IDA"
"Marshall Islands","MH","MHL",2009,"","2026-01-28",52019,64.395,"East Asia & Pacific","Majuro","171.135","7.11046","Upper middle income","IDA"
"Marshall Islands","MH","MHL",2011,"","2026-01-28",51907,64.641,"East Asia & Pacific","Majuro","171.135","7.11046","Upper middle income","IDA"
"Marshall Islands","MH","MHL",2012,"","2026-01-28",51419,64.776,"East Asia & Pacific","Majuro","171.135","7.11046","Upper middle income","IDA"
"Marshall Islands","MH","MHL",2021,"","2026-01-28",41367,65.421,"East Asia & Pacific","Majuro","171.135","7.11046","Upper middle income","IDA"
"Marshall Islands","MH","MHL",2006,"","2026-01-28",51992,64.207,"East Asia & Pacific","Majuro","171.135","7.11046","Upper middle income","IDA"
"Marshall Islands","MH","MHL",2007,"","2026-01-28",52035,64.259,"East Asia & Pacific","Majuro","171.135","7.11046","Upper middle income","IDA"
"Marshall Islands","MH","MHL",2004,"","2026-01-28",51791,64.044,"East Asia & Pacific","Majuro","171.135","7.11046","Upper middle income","IDA"
"Marshall Islands","MH","MHL",2005,"","2026-01-28",51906,64.112,"East Asia & Pacific","Majuro","171.135","7.11046","Upper middle income","IDA"
"Mauritania","MR","MRT",2014,"","2026-01-28",3848514,66.207,"Sub-Saharan Africa","Nouakchott","-15.9824","18.2367","Lower middle income","IDA"
"Mauritania","MR","MRT",2004,"","2026-01-28",2868664,63.369,"Sub-Saharan Africa","Nouakchott","-15.9824","18.2367","Lower middle income","IDA"
"Mauritania","MR","MRT",2001,"","2026-01-28",2678760,61.662,"Sub-Saharan Africa","Nouakchott","-15.9824","18.2367","Lower middle income","IDA"
"Mauritania","MR","MRT",2006,"","2026-01-28",3013660,64.493,"Sub-Saharan Africa","Nouakchott","-15.9824","18.2367","Lower middle income","IDA"
"Mauritania","MR","MRT",2005,"","2026-01-28",2939059,63.92,"Sub-Saharan Africa","Nouakchott","-15.9824","18.2367","Lower middle income","IDA"
"Mauritania","MR","MRT",2013,"","2026-01-28",3734318,65.89,"Sub-Saharan Africa","Nouakchott","-15.9824","18.2367","Lower middle income","IDA"
"Mauritania","MR","MRT",2017,"","2026-01-28",4210600,67.088,"Sub-Saharan Africa","Nouakchott","-15.9824","18.2367","Lower middle income","IDA"
"Mauritania","MR","MRT",2002,"","2026-01-28",2738655,62.249,"Sub-Saharan Africa","Nouakchott","-15.9824","18.2367","Lower middle income","IDA"
"Mauritania","MR","MRT",2012,"","2026-01-28",3619034,65.808,"Sub-Saharan Africa","Nouakchott","-15.9824","18.2367","Lower middle income","IDA"
"Mauritania","MR","MRT",2000,"","2026-01-28",2613441,61.044,"Sub-Saharan Africa","Nouakchott","-15.9824","18.2367","Lower middle income","IDA"
"Mauritania","MR","MRT",2023,"","2026-01-28",5022441,68.484,"Sub-Saharan Africa","Nouakchott","-15.9824","18.2367","Lower middle income","IDA"
"Mauritania","MR","MRT",2024,"","2026-01-28",5169395,NA,"Sub-Saharan Africa","Nouakchott","-15.9824","18.2367","Lower middle income","IDA"
"Mauritania","MR","MRT",2003,"","2026-01-28",2802046,62.805,"Sub-Saharan Africa","Nouakchott","-15.9824","18.2367","Lower middle income","IDA"
"Mauritania","MR","MRT",2016,"","2026-01-28",4086657,66.823,"Sub-Saharan Africa","Nouakchott","-15.9824","18.2367","Lower middle income","IDA"
"Mauritania","MR","MRT",2007,"","2026-01-28",3093059,64.885,"Sub-Saharan Africa","Nouakchott","-15.9824","18.2367","Lower middle income","IDA"
"Mauritania","MR","MRT",2008,"","2026-01-28",3183269,65.233,"Sub-Saharan Africa","Nouakchott","-15.9824","18.2367","Lower middle income","IDA"
"Mauritania","MR","MRT",2015,"","2026-01-28",3965959,66.498,"Sub-Saharan Africa","Nouakchott","-15.9824","18.2367","Lower middle income","IDA"
"Mauritania","MR","MRT",2011,"","2026-01-28",3502811,65.754,"Sub-Saharan Africa","Nouakchott","-15.9824","18.2367","Lower middle income","IDA"
"Mauritania","MR","MRT",2018,"","2026-01-28",4337685,67.419,"Sub-Saharan Africa","Nouakchott","-15.9824","18.2367","Lower middle income","IDA"
"Mauritania","MR","MRT",2021,"","2026-01-28",4734874,66.762,"Sub-Saharan Africa","Nouakchott","-15.9824","18.2367","Lower middle income","IDA"
"Mauritania","MR","MRT",2010,"","2026-01-28",3390965,65.661,"Sub-Saharan Africa","Nouakchott","-15.9824","18.2367","Lower middle income","IDA"
"Mauritania","MR","MRT",2020,"","2026-01-28",4600131,66.794,"Sub-Saharan Africa","Nouakchott","-15.9824","18.2367","Lower middle income","IDA"
"Mauritania","MR","MRT",2009,"","2026-01-28",3284448,65.485,"Sub-Saharan Africa","Nouakchott","-15.9824","18.2367","Lower middle income","IDA"
"Mauritania","MR","MRT",2022,"","2026-01-28",4875637,68.281,"Sub-Saharan Africa","Nouakchott","-15.9824","18.2367","Lower middle income","IDA"
"Mauritania","MR","MRT",2019,"","2026-01-28",4467708,67.64,"Sub-Saharan Africa","Nouakchott","-15.9824","18.2367","Lower middle income","IDA"
"Mauritius","MU","MUS",2008,"","2026-01-28",1244121,72.5707317073171,"Sub-Saharan Africa","Port Louis","57.4977","-20.1605","Upper middle income","IBRD"
"Mauritius","MU","MUS",2009,"","2026-01-28",1247429,72.8824390243903,"Sub-Saharan Africa","Port Louis","57.4977","-20.1605","Upper middle income","IBRD"
"Mauritius","MU","MUS",2007,"","2026-01-28",1239630,72.5707317073171,"Sub-Saharan Africa","Port Louis","57.4977","-20.1605","Upper middle income","IBRD"
"Mauritius","MU","MUS",2003,"","2026-01-28",1213370,72.1170731707317,"Sub-Saharan Africa","Port Louis","57.4977","-20.1605","Upper middle income","IBRD"
"Mauritius","MU","MUS",2004,"","2026-01-28",1221003,72.2658536585366,"Sub-Saharan Africa","Port Louis","57.4977","-20.1605","Upper middle income","IBRD"
"Mauritius","MU","MUS",2010,"","2026-01-28",1250400,72.9673170731707,"Sub-Saharan Africa","Port Louis","57.4977","-20.1605","Upper middle income","IBRD"
"Mauritius","MU","MUS",2011,"","2026-01-28",1252404,73.2668292682927,"Sub-Saharan Africa","Port Louis","57.4977","-20.1605","Upper middle income","IBRD"
"Mauritius","MU","MUS",2012,"","2026-01-28",1255882,73.8634146341464,"Sub-Saharan Africa","Port Louis","57.4977","-20.1605","Upper middle income","IBRD"
"Mauritius","MU","MUS",2017,"","2026-01-28",1264887,74.5146341463415,"Sub-Saharan Africa","Port Louis","57.4977","-20.1605","Upper middle income","IBRD"
"Mauritius","MU","MUS",2018,"","2026-01-28",1265577,74.4163414634146,"Sub-Saharan Africa","Port Louis","57.4977","-20.1605","Upper middle income","IBRD"
"Mauritius","MU","MUS",2019,"","2026-01-28",1265985,74.2358536585366,"Sub-Saharan Africa","Port Louis","57.4977","-20.1605","Upper middle income","IBRD"
"Mauritius","MU","MUS",2005,"","2026-01-28",1228254,72.4321951219512,"Sub-Saharan Africa","Port Louis","57.4977","-20.1605","Upper middle income","IBRD"
"Mauritius","MU","MUS",2021,"","2026-01-28",1266334,73.680243902439,"Sub-Saharan Africa","Port Louis","57.4977","-20.1605","Upper middle income","IBRD"
"Mauritius","MU","MUS",2006,"","2026-01-28",1233996,72.4321951219512,"Sub-Saharan Africa","Port Louis","57.4977","-20.1605","Upper middle income","IBRD"
"Mauritius","MU","MUS",2001,"","2026-01-28",1196287,71.7658536585366,"Sub-Saharan Africa","Port Louis","57.4977","-20.1605","Upper middle income","IBRD"
"Mauritius","MU","MUS",2020,"","2026-01-28",1266014,74.1770731707317,"Sub-Saharan Africa","Port Louis","57.4977","-20.1605","Upper middle income","IBRD"
"Mauritius","MU","MUS",2023,"","2026-01-28",1248647,73.4121951219512,"Sub-Saharan Africa","Port Louis","57.4977","-20.1605","Upper middle income","IBRD"
"Mauritius","MU","MUS",2000,"","2026-01-28",1186873,71.6634146341463,"Sub-Saharan Africa","Port Louis","57.4977","-20.1605","Upper middle income","IBRD"
"Mauritius","MU","MUS",2013,"","2026-01-28",1258927,74.0170731707317,"Sub-Saharan Africa","Port Louis","57.4977","-20.1605","Upper middle income","IBRD"
"Mauritius","MU","MUS",2022,"","2026-01-28",1262523,73.5146341463415,"Sub-Saharan Africa","Port Louis","57.4977","-20.1605","Upper middle income","IBRD"
"Mauritius","MU","MUS",2016,"","2026-01-28",1263747,74.3948780487805,"Sub-Saharan Africa","Port Louis","57.4977","-20.1605","Upper middle income","IBRD"
"Mauritius","MU","MUS",2015,"","2026-01-28",1262879,74.3531707317073,"Sub-Saharan Africa","Port Louis","57.4977","-20.1605","Upper middle income","IBRD"
"Mauritius","MU","MUS",2002,"","2026-01-28",1204621,71.9658536585366,"Sub-Saharan Africa","Port Louis","57.4977","-20.1605","Upper middle income","IBRD"
"Mauritius","MU","MUS",2014,"","2026-01-28",1261208,74.1943902439024,"Sub-Saharan Africa","Port Louis","57.4977","-20.1605","Upper middle income","IBRD"
"Mauritius","MU","MUS",2024,"","2026-01-28",1245779,NA,"Sub-Saharan Africa","Port Louis","57.4977","-20.1605","Upper middle income","IBRD"
"Mexico","MX","MEX",2009,"","2026-01-28",111999721,73.628,"Latin America & Caribbean","Mexico City","-99.1276","19.427","Upper middle income","IBRD"
"Mexico","MX","MEX",2023,"","2026-01-28",129739759,75.069,"Latin America & Caribbean","Mexico City","-99.1276","19.427","Upper middle income","IBRD"
"Mexico","MX","MEX",2024,"","2026-01-28",130861007,NA,"Latin America & Caribbean","Mexico City","-99.1276","19.427","Upper middle income","IBRD"
"Mexico","MX","MEX",2022,"","2026-01-28",128613117,73.973,"Latin America & Caribbean","Mexico City","-99.1276","19.427","Upper middle income","IBRD"
"Mexico","MX","MEX",2011,"","2026-01-28",115243504,73.921,"Latin America & Caribbean","Mexico City","-99.1276","19.427","Upper middle income","IBRD"
"Mexico","MX","MEX",2017,"","2026-01-28",123400057,74.261,"Latin America & Caribbean","Mexico City","-99.1276","19.427","Upper middle income","IBRD"
"Mexico","MX","MEX",2018,"","2026-01-28",124573711,74.301,"Latin America & Caribbean","Mexico City","-99.1276","19.427","Upper middle income","IBRD"
"Mexico","MX","MEX",2010,"","2026-01-28",113623895,73.718,"Latin America & Caribbean","Mexico City","-99.1276","19.427","Upper middle income","IBRD"
"Mexico","MX","MEX",2016,"","2026-01-28",122251351,74.376,"Latin America & Caribbean","Mexico City","-99.1276","19.427","Upper middle income","IBRD"
"Mexico","MX","MEX",2021,"","2026-01-28",127648148,69.75,"Latin America & Caribbean","Mexico City","-99.1276","19.427","Upper middle income","IBRD"
"Mexico","MX","MEX",2008,"","2026-01-28",110374288,73.695,"Latin America & Caribbean","Mexico City","-99.1276","19.427","Upper middle income","IBRD"
"Mexico","MX","MEX",2019,"","2026-01-28",125762982,74.53,"Latin America & Caribbean","Mexico City","-99.1276","19.427","Upper middle income","IBRD"
"Mexico","MX","MEX",2020,"","2026-01-28",126799054,70.449,"Latin America & Caribbean","Mexico City","-99.1276","19.427","Upper middle income","IBRD"
"Mexico","MX","MEX",2001,"","2026-01-28",100099099,72.912,"Latin America & Caribbean","Mexico City","-99.1276","19.427","Upper middle income","IBRD"
"Mexico","MX","MEX",2002,"","2026-01-28",101548624,73.106,"Latin America & Caribbean","Mexico City","-99.1276","19.427","Upper middle income","IBRD"
"Mexico","MX","MEX",2004,"","2026-01-28",104394131,73.432,"Latin America & Caribbean","Mexico City","-99.1276","19.427","Upper middle income","IBRD"
"Mexico","MX","MEX",2005,"","2026-01-28",105811504,73.627,"Latin America & Caribbean","Mexico City","-99.1276","19.427","Upper middle income","IBRD"
"Mexico","MX","MEX",2006,"","2026-01-28",107253666,73.746,"Latin America & Caribbean","Mexico City","-99.1276","19.427","Upper middle income","IBRD"
"Mexico","MX","MEX",2007,"","2026-01-28",108774360,73.796,"Latin America & Caribbean","Mexico City","-99.1276","19.427","Upper middle income","IBRD"
"Mexico","MX","MEX",2014,"","2026-01-28",119784261,74.404,"Latin America & Caribbean","Mexico City","-99.1276","19.427","Upper middle income","IBRD"
"Mexico","MX","MEX",2012,"","2026-01-28",116818208,74.128,"Latin America & Caribbean","Mexico City","-99.1276","19.427","Upper middle income","IBRD"
"Mexico","MX","MEX",2000,"","2026-01-28",98625552,72.562,"Latin America & Caribbean","Mexico City","-99.1276","19.427","Upper middle income","IBRD"
"Mexico","MX","MEX",2015,"","2026-01-28",121072306,74.431,"Latin America & Caribbean","Mexico City","-99.1276","19.427","Upper middle income","IBRD"
"Mexico","MX","MEX",2003,"","2026-01-28",102978515,73.308,"Latin America & Caribbean","Mexico City","-99.1276","19.427","Upper middle income","IBRD"
"Mexico","MX","MEX",2013,"","2026-01-28",118343573,74.289,"Latin America & Caribbean","Mexico City","-99.1276","19.427","Upper middle income","IBRD"
"Micronesia, Fed. Sts.","FM","FSM",2000,"","2026-01-28",112044,64.317,"East Asia & Pacific","Palikir","158.185","6.91771","Lower middle income","IDA"
"Micronesia, Fed. Sts.","FM","FSM",2002,"","2026-01-28",112448,63.907,"East Asia & Pacific","Palikir","158.185","6.91771","Lower middle income","IDA"
"Micronesia, Fed. Sts.","FM","FSM",2010,"","2026-01-28",107540,64.892,"East Asia & Pacific","Palikir","158.185","6.91771","Lower middle income","IDA"
"Micronesia, Fed. Sts.","FM","FSM",2011,"","2026-01-28",107698,64.969,"East Asia & Pacific","Palikir","158.185","6.91771","Lower middle income","IDA"
"Micronesia, Fed. Sts.","FM","FSM",2003,"","2026-01-28",112285,64.915,"East Asia & Pacific","Palikir","158.185","6.91771","Lower middle income","IDA"
"Micronesia, Fed. Sts.","FM","FSM",2001,"","2026-01-28",112365,64.801,"East Asia & Pacific","Palikir","158.185","6.91771","Lower middle income","IDA"
"Micronesia, Fed. Sts.","FM","FSM",2013,"","2026-01-28",108121,65.179,"East Asia & Pacific","Palikir","158.185","6.91771","Lower middle income","IDA"
"Micronesia, Fed. Sts.","FM","FSM",2006,"","2026-01-28",110729,64.859,"East Asia & Pacific","Palikir","158.185","6.91771","Lower middle income","IDA"
"Micronesia, Fed. Sts.","FM","FSM",2022,"","2026-01-28",112114,66.961,"East Asia & Pacific","Palikir","158.185","6.91771","Lower middle income","IDA"
"Micronesia, Fed. Sts.","FM","FSM",2012,"","2026-01-28",107890,65.08,"East Asia & Pacific","Palikir","158.185","6.91771","Lower middle income","IDA"
"Micronesia, Fed. Sts.","FM","FSM",2005,"","2026-01-28",111412,64.906,"East Asia & Pacific","Palikir","158.185","6.91771","Lower middle income","IDA"
"Micronesia, Fed. Sts.","FM","FSM",2020,"","2026-01-28",110916,65.878,"East Asia & Pacific","Palikir","158.185","6.91771","Lower middle income","IDA"
"Micronesia, Fed. Sts.","FM","FSM",2021,"","2026-01-28",111624,66.152,"East Asia & Pacific","Palikir","158.185","6.91771","Lower middle income","IDA"
"Micronesia, Fed. Sts.","FM","FSM",2008,"","2026-01-28",108936,64.849,"East Asia & Pacific","Palikir","158.185","6.91771","Lower middle income","IDA"
"Micronesia, Fed. Sts.","FM","FSM",2009,"","2026-01-28",107957,64.865,"East Asia & Pacific","Palikir","158.185","6.91771","Lower middle income","IDA"
"Micronesia, Fed. Sts.","FM","FSM",2024,"","2026-01-28",113160,NA,"East Asia & Pacific","Palikir","158.185","6.91771","Lower middle income","IDA"
"Micronesia, Fed. Sts.","FM","FSM",2014,"","2026-01-28",108396,65.294,"East Asia & Pacific","Palikir","158.185","6.91771","Lower middle income","IDA"
"Micronesia, Fed. Sts.","FM","FSM",2007,"","2026-01-28",109880,64.844,"East Asia & Pacific","Palikir","158.185","6.91771","Lower middle income","IDA"
"Micronesia, Fed. Sts.","FM","FSM",2023,"","2026-01-28",112630,67.198,"East Asia & Pacific","Palikir","158.185","6.91771","Lower middle income","IDA"
"Micronesia, Fed. Sts.","FM","FSM",2016,"","2026-01-28",109075,65.576,"East Asia & Pacific","Palikir","158.185","6.91771","Lower middle income","IDA"
"Micronesia, Fed. Sts.","FM","FSM",2017,"","2026-01-28",109481,65.761,"East Asia & Pacific","Palikir","158.185","6.91771","Lower middle income","IDA"
"Micronesia, Fed. Sts.","FM","FSM",2018,"","2026-01-28",109909,65.943,"East Asia & Pacific","Palikir","158.185","6.91771","Lower middle income","IDA"
"Micronesia, Fed. Sts.","FM","FSM",2019,"","2026-01-28",110282,66.196,"East Asia & Pacific","Palikir","158.185","6.91771","Lower middle income","IDA"
"Micronesia, Fed. Sts.","FM","FSM",2015,"","2026-01-28",108716,65.306,"East Asia & Pacific","Palikir","158.185","6.91771","Lower middle income","IDA"
"Micronesia, Fed. Sts.","FM","FSM",2004,"","2026-01-28",111925,64.898,"East Asia & Pacific","Palikir","158.185","6.91771","Lower middle income","IDA"
"Middle East, North Africa, Afghanistan & Pakistan","ZQ","MEA",2000,"","2026-01-28",494850317,66.2225138150545,NA,NA,NA,NA,NA,NA
"Middle East, North Africa, Afghanistan & Pakistan","ZQ","MEA",2001,"","2026-01-28",506478256,66.597196122581,NA,NA,NA,NA,NA,NA
"Middle East, North Africa, Afghanistan & Pakistan","ZQ","MEA",2002,"","2026-01-28",518193093,66.9641479857025,NA,NA,NA,NA,NA,NA
"Middle East, North Africa, Afghanistan & Pakistan","ZQ","MEA",2003,"","2026-01-28",530338988,67.083794061249,NA,NA,NA,NA,NA,NA
"Middle East, North Africa, Afghanistan & Pakistan","ZQ","MEA",2004,"","2026-01-28",543086512,67.5318434649336,NA,NA,NA,NA,NA,NA
"Middle East, North Africa, Afghanistan & Pakistan","ZQ","MEA",2005,"","2026-01-28",556210211,67.529947021124,NA,NA,NA,NA,NA,NA
"Middle East, North Africa, Afghanistan & Pakistan","ZQ","MEA",2006,"","2026-01-28",569898499,68.0590796974229,NA,NA,NA,NA,NA,NA
"Middle East, North Africa, Afghanistan & Pakistan","ZQ","MEA",2007,"","2026-01-28",583743828,68.346588319376,NA,NA,NA,NA,NA,NA
"Middle East, North Africa, Afghanistan & Pakistan","ZQ","MEA",2008,"","2026-01-28",597799097,68.7041650814368,NA,NA,NA,NA,NA,NA
"Middle East, North Africa, Afghanistan & Pakistan","ZQ","MEA",2009,"","2026-01-28",612128501,68.9987213130448,NA,NA,NA,NA,NA,NA
"Middle East, North Africa, Afghanistan & Pakistan","ZQ","MEA",2010,"","2026-01-28",624828664,69.2105446964534,NA,NA,NA,NA,NA,NA
"Middle East, North Africa, Afghanistan & Pakistan","ZQ","MEA",2011,"","2026-01-28",639053870,69.3940300698411,NA,NA,NA,NA,NA,NA
"Middle East, North Africa, Afghanistan & Pakistan","ZQ","MEA",2012,"","2026-01-28",653273442,69.4551250054338,NA,NA,NA,NA,NA,NA
"Middle East, North Africa, Afghanistan & Pakistan","ZQ","MEA",2013,"","2026-01-28",667464006,69.7083402537461,NA,NA,NA,NA,NA,NA
"Middle East, North Africa, Afghanistan & Pakistan","ZQ","MEA",2014,"","2026-01-28",680716578,69.9898830097692,NA,NA,NA,NA,NA,NA
"Middle East, North Africa, Afghanistan & Pakistan","ZQ","MEA",2015,"","2026-01-28",694232973,70.1511049169228,NA,NA,NA,NA,NA,NA
"Middle East, North Africa, Afghanistan & Pakistan","ZQ","MEA",2016,"","2026-01-28",707023525,70.4289278068117,NA,NA,NA,NA,NA,NA
"Middle East, North Africa, Afghanistan & Pakistan","ZQ","MEA",2017,"","2026-01-28",718887744,70.7097575308251,NA,NA,NA,NA,NA,NA
"Middle East, North Africa, Afghanistan & Pakistan","ZQ","MEA",2018,"","2026-01-28",730362334,70.9403213532696,NA,NA,NA,NA,NA,NA
"Middle East, North Africa, Afghanistan & Pakistan","ZQ","MEA",2019,"","2026-01-28",742714463,71.2438695042576,NA,NA,NA,NA,NA,NA
"Middle East, North Africa, Afghanistan & Pakistan","ZQ","MEA",2020,"","2026-01-28",756405281,69.9110789555644,NA,NA,NA,NA,NA,NA
"Middle East, North Africa, Afghanistan & Pakistan","ZQ","MEA",2021,"","2026-01-28",767578451,69.7113193479505,NA,NA,NA,NA,NA,NA
"Middle East, North Africa, Afghanistan & Pakistan","ZQ","MEA",2022,"","2026-01-28",782349366,71.6918319737772,NA,NA,NA,NA,NA,NA
"Middle East, North Africa, Afghanistan & Pakistan","ZQ","MEA",2023,"","2026-01-28",797801454,72.0839412410497,NA,NA,NA,NA,NA,NA
"Middle East, North Africa, Afghanistan & Pakistan","ZQ","MEA",2024,"","2026-01-28",813146136,NA,NA,NA,NA,NA,NA,NA
"Middle East, North Africa, Afghanistan & Pakistan (excluding high income)","XQ","MNA",2016,"","2026-01-28",645837915,69.5328376363007,NA,NA,NA,NA,NA,NA
"Middle East, North Africa, Afghanistan & Pakistan (excluding high income)","XQ","MNA",2020,"","2026-01-28",692532027,69.050634286622,NA,NA,NA,NA,NA,NA
"Middle East, North Africa, Afghanistan & Pakistan (excluding high income)","XQ","MNA",2021,"","2026-01-28",704458802,68.9280214782653,NA,NA,NA,NA,NA,NA
"Middle East, North Africa, Afghanistan & Pakistan (excluding high income)","XQ","MNA",2022,"","2026-01-28",716508657,71.0055315443397,NA,NA,NA,NA,NA,NA
"Middle East, North Africa, Afghanistan & Pakistan (excluding high income)","XQ","MNA",2023,"","2026-01-28",729077445,71.2758849884582,NA,NA,NA,NA,NA,NA
"Middle East, North Africa, Afghanistan & Pakistan (excluding high income)","XQ","MNA",2024,"","2026-01-28",741690916,NA,NA,NA,NA,NA,NA,NA
"Middle East, North Africa, Afghanistan & Pakistan (excluding high income)","XQ","MNA",2010,"","2026-01-28",577396038,68.4912505131132,NA,NA,NA,NA,NA,NA
"Middle East, North Africa, Afghanistan & Pakistan (excluding high income)","XQ","MNA",2011,"","2026-01-28",589646039,68.6624095113408,NA,NA,NA,NA,NA,NA
"Middle East, North Africa, Afghanistan & Pakistan (excluding high income)","XQ","MNA",2012,"","2026-01-28",601566988,68.6913310388784,NA,NA,NA,NA,NA,NA
"Middle East, North Africa, Afghanistan & Pakistan (excluding high income)","XQ","MNA",2013,"","2026-01-28",613151287,68.9136300385634,NA,NA,NA,NA,NA,NA
"Middle East, North Africa, Afghanistan & Pakistan (excluding high income)","XQ","MNA",2014,"","2026-01-28",624564062,69.1715558421355,NA,NA,NA,NA,NA,NA
"Middle East, North Africa, Afghanistan & Pakistan (excluding high income)","XQ","MNA",2015,"","2026-01-28",635352686,69.2873263613117,NA,NA,NA,NA,NA,NA
"Middle East, North Africa, Afghanistan & Pakistan (excluding high income)","XQ","MNA",2017,"","2026-01-28",656767614,69.8141316373328,NA,NA,NA,NA,NA,NA
"Middle East, North Africa, Afghanistan & Pakistan (excluding high income)","XQ","MNA",2018,"","2026-01-28",668447432,70.0733668958653,NA,NA,NA,NA,NA,NA
"Middle East, North Africa, Afghanistan & Pakistan (excluding high income)","XQ","MNA",2019,"","2026-01-28",680490997,70.417484585256,NA,NA,NA,NA,NA,NA
"Middle East, North Africa, Afghanistan & Pakistan (excluding high income)","XQ","MNA",2009,"","2026-01-28",565038251,68.2744546682628,NA,NA,NA,NA,NA,NA
"Middle East, North Africa, Afghanistan & Pakistan (excluding high income)","XQ","MNA",2005,"","2026-01-28",517240777,66.853402612801,NA,NA,NA,NA,NA,NA
"Middle East, North Africa, Afghanistan & Pakistan (excluding high income)","XQ","MNA",2006,"","2026-01-28",529158464,67.3815240346302,NA,NA,NA,NA,NA,NA
"Middle East, North Africa, Afghanistan & Pakistan (excluding high income)","XQ","MNA",2000,"","2026-01-28",462980522,65.6368471519478,NA,NA,NA,NA,NA,NA
"Middle East, North Africa, Afghanistan & Pakistan (excluding high income)","XQ","MNA",2001,"","2026-01-28",473223662,65.9952073676464,NA,NA,NA,NA,NA,NA
"Middle East, North Africa, Afghanistan & Pakistan (excluding high income)","XQ","MNA",2002,"","2026-01-28",483540516,66.3529323677295,NA,NA,NA,NA,NA,NA
"Middle East, North Africa, Afghanistan & Pakistan (excluding high income)","XQ","MNA",2003,"","2026-01-28",494288606,66.4455527298438,NA,NA,NA,NA,NA,NA
"Middle East, North Africa, Afghanistan & Pakistan (excluding high income)","XQ","MNA",2004,"","2026-01-28",505618583,66.8873537609515,NA,NA,NA,NA,NA,NA
"Middle East, North Africa, Afghanistan & Pakistan (excluding high income)","XQ","MNA",2007,"","2026-01-28",540838105,67.6503603993861,NA,NA,NA,NA,NA,NA
"Middle East, North Africa, Afghanistan & Pakistan (excluding high income)","XQ","MNA",2008,"","2026-01-28",552681993,67.9910660173055,NA,NA,NA,NA,NA,NA
"Middle East, North Africa, Afghanistan & Pakistan (IDA & IBRD)","T3","TMN",2017,"","2026-01-28",652312809,69.7772409464567,NA,NA,NA,NA,NA,NA
"Middle East, North Africa, Afghanistan & Pakistan (IDA & IBRD)","T3","TMN",2018,"","2026-01-28",663878345,70.0368444388331,NA,NA,NA,NA,NA,NA
"Middle East, North Africa, Afghanistan & Pakistan (IDA & IBRD)","T3","TMN",2019,"","2026-01-28",675805691,70.3800917806817,NA,NA,NA,NA,NA,NA
"Middle East, North Africa, Afghanistan & Pakistan (IDA & IBRD)","T3","TMN",2020,"","2026-01-28",687728758,69.0090964026373,NA,NA,NA,NA,NA,NA
"Middle East, North Africa, Afghanistan & Pakistan (IDA & IBRD)","T3","TMN",2021,"","2026-01-28",699536053,68.8931032282321,NA,NA,NA,NA,NA,NA
"Middle East, North Africa, Afghanistan & Pakistan (IDA & IBRD)","T3","TMN",2022,"","2026-01-28",711465045,70.965432550888,NA,NA,NA,NA,NA,NA
"Middle East, North Africa, Afghanistan & Pakistan (IDA & IBRD)","T3","TMN",2023,"","2026-01-28",723911670,71.3194560888195,NA,NA,NA,NA,NA,NA
"Middle East, North Africa, Afghanistan & Pakistan (IDA & IBRD)","T3","TMN",2024,"","2026-01-28",736401764,NA,NA,NA,NA,NA,NA,NA
"Middle East, North Africa, Afghanistan & Pakistan (IDA & IBRD)","T3","TMN",2000,"","2026-01-28",460058369,65.6072409047927,NA,NA,NA,NA,NA,NA
"Middle East, North Africa, Afghanistan & Pakistan (IDA & IBRD)","T3","TMN",2001,"","2026-01-28",470225878,65.9712698137957,NA,NA,NA,NA,NA,NA
"Middle East, North Africa, Afghanistan & Pakistan (IDA & IBRD)","T3","TMN",2002,"","2026-01-28",480465143,66.3239554028688,NA,NA,NA,NA,NA,NA
"Middle East, North Africa, Afghanistan & Pakistan (IDA & IBRD)","T3","TMN",2003,"","2026-01-28",491133637,66.4165076290855,NA,NA,NA,NA,NA,NA
"Middle East, North Africa, Afghanistan & Pakistan (IDA & IBRD)","T3","TMN",2014,"","2026-01-28",620390664,69.147274936726,NA,NA,NA,NA,NA,NA
"Middle East, North Africa, Afghanistan & Pakistan (IDA & IBRD)","T3","TMN",2015,"","2026-01-28",631082594,69.2515348606398,NA,NA,NA,NA,NA,NA
"Middle East, North Africa, Afghanistan & Pakistan (IDA & IBRD)","T3","TMN",2016,"","2026-01-28",641470827,69.4961826399098,NA,NA,NA,NA,NA,NA
"Middle East, North Africa, Afghanistan & Pakistan (IDA & IBRD)","T3","TMN",2006,"","2026-01-28",525752130,67.3526959987589,NA,NA,NA,NA,NA,NA
"Middle East, North Africa, Afghanistan & Pakistan (IDA & IBRD)","T3","TMN",2007,"","2026-01-28",537343609,67.6216572647968,NA,NA,NA,NA,NA,NA
"Middle East, North Africa, Afghanistan & Pakistan (IDA & IBRD)","T3","TMN",2005,"","2026-01-28",513920381,66.8201250398649,NA,NA,NA,NA,NA,NA
"Middle East, North Africa, Afghanistan & Pakistan (IDA & IBRD)","T3","TMN",2008,"","2026-01-28",549090016,67.9635063066435,NA,NA,NA,NA,NA,NA
"Middle East, North Africa, Afghanistan & Pakistan (IDA & IBRD)","T3","TMN",2009,"","2026-01-28",561349152,68.2479599816693,NA,NA,NA,NA,NA,NA
"Middle East, North Africa, Afghanistan & Pakistan (IDA & IBRD)","T3","TMN",2010,"","2026-01-28",573609877,68.4594967501144,NA,NA,NA,NA,NA,NA
"Middle East, North Africa, Afghanistan & Pakistan (IDA & IBRD)","T3","TMN",2004,"","2026-01-28",502381957,66.8602521893277,NA,NA,NA,NA,NA,NA
"Middle East, North Africa, Afghanistan & Pakistan (IDA & IBRD)","T3","TMN",2013,"","2026-01-28",609074579,68.8786484698568,NA,NA,NA,NA,NA,NA
"Middle East, North Africa, Afghanistan & Pakistan (IDA & IBRD)","T3","TMN",2011,"","2026-01-28",585763053,68.6299635824863,NA,NA,NA,NA,NA,NA
"Middle East, North Africa, Afghanistan & Pakistan (IDA & IBRD)","T3","TMN",2012,"","2026-01-28",597586990,68.6578262057094,NA,NA,NA,NA,NA,NA
"Middle income","XP","MIC",2021,"","2026-01-28",5802247321,70.3953530328654,"Aggregates","","","","Aggregates","Aggregates"
"Middle income","XP","MIC",2019,"","2026-01-28",5698581856,72.1892666738243,"Aggregates","","","","Aggregates","Aggregates"
"Middle income","XP","MIC",2020,"","2026-01-28",5753270728,71.5211164808267,"Aggregates","","","","Aggregates","Aggregates"
"Middle income","XP","MIC",2018,"","2026-01-28",5640136670,71.9597989462594,"Aggregates","","","","Aggregates","Aggregates"
"Middle income","XP","MIC",2024,"","2026-01-28",5938893610,NA,"Aggregates","","","","Aggregates","Aggregates"
"Middle income","XP","MIC",2007,"","2026-01-28",4933710362,68.7774099788513,"Aggregates","","","","Aggregates","Aggregates"
"Middle income","XP","MIC",2022,"","2026-01-28",5846464711,72.5172020330295,"Aggregates","","","","Aggregates","Aggregates"
"Middle income","XP","MIC",2023,"","2026-01-28",5891100497,72.7428060722667,"Aggregates","","","","Aggregates","Aggregates"
"Middle income","XP","MIC",2012,"","2026-01-28",5255495302,70.3718997552264,"Aggregates","","","","Aggregates","Aggregates"
"Middle income","XP","MIC",2013,"","2026-01-28",5322303622,70.6557461521519,"Aggregates","","","","Aggregates","Aggregates"
"Middle income","XP","MIC",2014,"","2026-01-28",5388731311,70.9402195787459,"Aggregates","","","","Aggregates","Aggregates"
"Middle income","XP","MIC",2011,"","2026-01-28",5188568435,70.0417625323479,"Aggregates","","","","Aggregates","Aggregates"
"Middle income","XP","MIC",2016,"","2026-01-28",5515962374,71.4421804907715,"Aggregates","","","","Aggregates","Aggregates"
"Middle income","XP","MIC",2017,"","2026-01-28",5579081195,71.6596834645843,"Aggregates","","","","Aggregates","Aggregates"
"Middle income","XP","MIC",2003,"","2026-01-28",4683580056,67.4764411741404,"Aggregates","","","","Aggregates","Aggregates"
"Middle income","XP","MIC",2015,"","2026-01-28",5452914477,71.2070683012016,"Aggregates","","","","Aggregates","Aggregates"
"Middle income","XP","MIC",2005,"","2026-01-28",4809774178,68.1061163042439,"Aggregates","","","","Aggregates","Aggregates"
"Middle income","XP","MIC",2006,"","2026-01-28",4872116354,68.4385917828347,"Aggregates","","","","Aggregates","Aggregates"
"Middle income","XP","MIC",2002,"","2026-01-28",4620891319,67.169524009184,"Aggregates","","","","Aggregates","Aggregates"
"Middle income","XP","MIC",2004,"","2026-01-28",4746877931,67.6912316359649,"Aggregates","","","","Aggregates","Aggregates"
"Middle income","XP","MIC",2010,"","2026-01-28",5123741911,69.7116856504068,"Aggregates","","","","Aggregates","Aggregates"
"Middle income","XP","MIC",2001,"","2026-01-28",4557281954,66.8263475778242,"Aggregates","","","","Aggregates","Aggregates"
"Middle income","XP","MIC",2000,"","2026-01-28",4491582042,66.4996894321111,"Aggregates","","","","Aggregates","Aggregates"
"Middle income","XP","MIC",2009,"","2026-01-28",5059811744,69.3941546629876,"Aggregates","","","","Aggregates","Aggregates"
"Middle income","XP","MIC",2008,"","2026-01-28",4996382425,68.9744447215504,"Aggregates","","","","Aggregates","Aggregates"
"Moldova","MD","MDA",2000,"","2026-01-28",2924668,67.462,"Europe & Central Asia","Chisinau","28.8497","47.0167","Upper middle income","IBRD"
"Moldova","MD","MDA",2003,"","2026-01-28",2903198,67.9,"Europe & Central Asia","Chisinau","28.8497","47.0167","Upper middle income","IBRD"
"Moldova","MD","MDA",2002,"","2026-01-28",2911385,67.793,"Europe & Central Asia","Chisinau","28.8497","47.0167","Upper middle income","IBRD"
"Moldova","MD","MDA",2007,"","2026-01-28",2874299,68.674,"Europe & Central Asia","Chisinau","28.8497","47.0167","Upper middle income","IBRD"
"Moldova","MD","MDA",2001,"","2026-01-28",2918135,67.672,"Europe & Central Asia","Chisinau","28.8497","47.0167","Upper middle income","IBRD"
"Moldova","MD","MDA",2009,"","2026-01-28",2865213,69.406,"Europe & Central Asia","Chisinau","28.8497","47.0167","Upper middle income","IBRD"
"Moldova","MD","MDA",2010,"","2026-01-28",2862354,69.876,"Europe & Central Asia","Chisinau","28.8497","47.0167","Upper middle income","IBRD"
"Moldova","MD","MDA",2017,"","2026-01-28",2755189,70.375,"Europe & Central Asia","Chisinau","28.8497","47.0167","Upper middle income","IBRD"
"Moldova","MD","MDA",2008,"","2026-01-28",2868833,69,"Europe & Central Asia","Chisinau","28.8497","47.0167","Upper middle income","IBRD"
"Moldova","MD","MDA",2012,"","2026-01-28",2860324,70.344,"Europe & Central Asia","Chisinau","28.8497","47.0167","Upper middle income","IBRD"
"Moldova","MD","MDA",2013,"","2026-01-28",2859558,70.291,"Europe & Central Asia","Chisinau","28.8497","47.0167","Upper middle income","IBRD"
"Moldova","MD","MDA",2014,"","2026-01-28",2857815,70.241,"Europe & Central Asia","Chisinau","28.8497","47.0167","Upper middle income","IBRD"
"Moldova","MD","MDA",2004,"","2026-01-28",2896023,68.017,"Europe & Central Asia","Chisinau","28.8497","47.0167","Upper middle income","IBRD"
"Moldova","MD","MDA",2005,"","2026-01-28",2888985,68.197,"Europe & Central Asia","Chisinau","28.8497","47.0167","Upper middle income","IBRD"
"Moldova","MD","MDA",2006,"","2026-01-28",2880967,68.423,"Europe & Central Asia","Chisinau","28.8497","47.0167","Upper middle income","IBRD"
"Moldova","MD","MDA",2016,"","2026-01-28",2803186,70.179,"Europe & Central Asia","Chisinau","28.8497","47.0167","Upper middle income","IBRD"
"Moldova","MD","MDA",2021,"","2026-01-28",2595809,68.991,"Europe & Central Asia","Chisinau","28.8497","47.0167","Upper middle income","IBRD"
"Moldova","MD","MDA",2018,"","2026-01-28",2707203,70.236,"Europe & Central Asia","Chisinau","28.8497","47.0167","Upper middle income","IBRD"
"Moldova","MD","MDA",2019,"","2026-01-28",2664224,70.181,"Europe & Central Asia","Chisinau","28.8497","47.0167","Upper middle income","IBRD"
"Moldova","MD","MDA",2020,"","2026-01-28",2635130,69.914,"Europe & Central Asia","Chisinau","28.8497","47.0167","Upper middle income","IBRD"
"Moldova","MD","MDA",2011,"","2026-01-28",2860699,70.173,"Europe & Central Asia","Chisinau","28.8497","47.0167","Upper middle income","IBRD"
"Moldova","MD","MDA",2024,"","2026-01-28",2402306,NA,"Europe & Central Asia","Chisinau","28.8497","47.0167","Upper middle income","IBRD"
"Moldova","MD","MDA",2015,"","2026-01-28",2835978,70.118,"Europe & Central Asia","Chisinau","28.8497","47.0167","Upper middle income","IBRD"
"Moldova","MD","MDA",2022,"","2026-01-28",2528654,71.546,"Europe & Central Asia","Chisinau","28.8497","47.0167","Upper middle income","IBRD"
"Moldova","MD","MDA",2023,"","2026-01-28",2457783,71.198,"Europe & Central Asia","Chisinau","28.8497","47.0167","Upper middle income","IBRD"
"Monaco","MC","MCO",2010,"","2026-01-28",33163,84.644,"Europe & Central Asia","Monaco","7.41891","43.7325","High income","Not classified"
"Monaco","MC","MCO",2017,"","2026-01-28",37678,85.878,"Europe & Central Asia","Monaco","7.41891","43.7325","High income","Not classified"
"Monaco","MC","MCO",2018,"","2026-01-28",38154,86.084,"Europe & Central Asia","Monaco","7.41891","43.7325","High income","Not classified"
"Monaco","MC","MCO",2008,"","2026-01-28",31836,83.827,"Europe & Central Asia","Monaco","7.41891","43.7325","High income","Not classified"
"Monaco","MC","MCO",2009,"","2026-01-28",32364,84.187,"Europe & Central Asia","Monaco","7.41891","43.7325","High income","Not classified"
"Monaco","MC","MCO",2019,"","2026-01-28",38109,86.151,"Europe & Central Asia","Monaco","7.41891","43.7325","High income","Not classified"
"Monaco","MC","MCO",2016,"","2026-01-28",37276,85.63,"Europe & Central Asia","Monaco","7.41891","43.7325","High income","Not classified"
"Monaco","MC","MCO",2013,"","2026-01-28",35447,85.056,"Europe & Central Asia","Monaco","7.41891","43.7325","High income","Not classified"
"Monaco","MC","MCO",2014,"","2026-01-28",36128,85.093,"Europe & Central Asia","Monaco","7.41891","43.7325","High income","Not classified"
"Monaco","MC","MCO",2011,"","2026-01-28",33946,85.01,"Europe & Central Asia","Monaco","7.41891","43.7325","High income","Not classified"
"Monaco","MC","MCO",2012,"","2026-01-28",34711,85.045,"Europe & Central Asia","Monaco","7.41891","43.7325","High income","Not classified"
"Monaco","MC","MCO",2002,"","2026-01-28",32422,83.055,"Europe & Central Asia","Monaco","7.41891","43.7325","High income","Not classified"
"Monaco","MC","MCO",2003,"","2026-01-28",32374,83.613,"Europe & Central Asia","Monaco","7.41891","43.7325","High income","Not classified"
"Monaco","MC","MCO",2004,"","2026-01-28",32307,84.151,"Europe & Central Asia","Monaco","7.41891","43.7325","High income","Not classified"
"Monaco","MC","MCO",2005,"","2026-01-28",32210,84.34,"Europe & Central Asia","Monaco","7.41891","43.7325","High income","Not classified"
"Monaco","MC","MCO",2020,"","2026-01-28",38050,86.089,"Europe & Central Asia","Monaco","7.41891","43.7325","High income","Not classified"
"Monaco","MC","MCO",2021,"","2026-01-28",38527,85.113,"Europe & Central Asia","Monaco","7.41891","43.7325","High income","Not classified"
"Monaco","MC","MCO",2022,"","2026-01-28",38931,85.746,"Europe & Central Asia","Monaco","7.41891","43.7325","High income","Not classified"
"Monaco","MC","MCO",2015,"","2026-01-28",36757,85.323,"Europe & Central Asia","Monaco","7.41891","43.7325","High income","Not classified"
"Monaco","MC","MCO",2023,"","2026-01-28",38956,86.372,"Europe & Central Asia","Monaco","7.41891","43.7325","High income","Not classified"
"Monaco","MC","MCO",2024,"","2026-01-28",38631,NA,"Europe & Central Asia","Monaco","7.41891","43.7325","High income","Not classified"
"Monaco","MC","MCO",2007,"","2026-01-28",31837,83.903,"Europe & Central Asia","Monaco","7.41891","43.7325","High income","Not classified"
"Monaco","MC","MCO",2001,"","2026-01-28",32447,82.485,"Europe & Central Asia","Monaco","7.41891","43.7325","High income","Not classified"
"Monaco","MC","MCO",2000,"","2026-01-28",32455,82.121,"Europe & Central Asia","Monaco","7.41891","43.7325","High income","Not classified"
"Monaco","MC","MCO",2006,"","2026-01-28",32057,84.194,"Europe & Central Asia","Monaco","7.41891","43.7325","High income","Not classified"
"Mongolia","MN","MNG",2024,"","2026-01-28",3524788,NA,"East Asia & Pacific","Ulaanbaatar","106.937","47.9129","Upper middle income","IBRD"
"Mongolia","MN","MNG",2000,"","2026-01-28",2388299,63.2104878048781,"East Asia & Pacific","Ulaanbaatar","106.937","47.9129","Upper middle income","IBRD"
"Mongolia","MN","MNG",2018,"","2026-01-28",3208189,70.8270731707317,"East Asia & Pacific","Ulaanbaatar","106.937","47.9129","Upper middle income","IBRD"
"Mongolia","MN","MNG",2019,"","2026-01-28",3267673,71.0531707317073,"East Asia & Pacific","Ulaanbaatar","106.937","47.9129","Upper middle income","IBRD"
"Mongolia","MN","MNG",2017,"","2026-01-28",3148917,70.5434146341463,"East Asia & Pacific","Ulaanbaatar","106.937","47.9129","Upper middle income","IBRD"
"Mongolia","MN","MNG",2023,"","2026-01-28",3481145,72.1224390243902,"East Asia & Pacific","Ulaanbaatar","106.937","47.9129","Upper middle income","IBRD"
"Mongolia","MN","MNG",2007,"","2026-01-28",2601850,66.5934146341464,"East Asia & Pacific","Ulaanbaatar","106.937","47.9129","Upper middle income","IBRD"
"Mongolia","MN","MNG",2008,"","2026-01-28",2643201,67.2460975609756,"East Asia & Pacific","Ulaanbaatar","106.937","47.9129","Upper middle income","IBRD"
"Mongolia","MN","MNG",2009,"","2026-01-28",2691115,67.9690243902439,"East Asia & Pacific","Ulaanbaatar","106.937","47.9129","Upper middle income","IBRD"
"Mongolia","MN","MNG",2010,"","2026-01-28",2738622,68.5056097560976,"East Asia & Pacific","Ulaanbaatar","106.937","47.9129","Upper middle income","IBRD"
"Mongolia","MN","MNG",2011,"","2026-01-28",2786317,69.109268292683,"East Asia & Pacific","Ulaanbaatar","106.937","47.9129","Upper middle income","IBRD"
"Mongolia","MN","MNG",2012,"","2026-01-28",2839705,69.500243902439,"East Asia & Pacific","Ulaanbaatar","106.937","47.9129","Upper middle income","IBRD"
"Mongolia","MN","MNG",2001,"","2026-01-28",2417751,63.3917073170732,"East Asia & Pacific","Ulaanbaatar","106.937","47.9129","Upper middle income","IBRD"
"Mongolia","MN","MNG",2002,"","2026-01-28",2449027,63.540243902439,"East Asia & Pacific","Ulaanbaatar","106.937","47.9129","Upper middle income","IBRD"
"Mongolia","MN","MNG",2003,"","2026-01-28",2480374,63.5753658536585,"East Asia & Pacific","Ulaanbaatar","106.937","47.9129","Upper middle income","IBRD"
"Mongolia","MN","MNG",2004,"","2026-01-28",2508412,64.630243902439,"East Asia & Pacific","Ulaanbaatar","106.937","47.9129","Upper middle income","IBRD"
"Mongolia","MN","MNG",2020,"","2026-01-28",3327204,71.3490243902439,"East Asia & Pacific","Ulaanbaatar","106.937","47.9129","Upper middle income","IBRD"
"Mongolia","MN","MNG",2021,"","2026-01-28",3383741,71.6451219512195,"East Asia & Pacific","Ulaanbaatar","106.937","47.9129","Upper middle income","IBRD"
"Mongolia","MN","MNG",2022,"","2026-01-28",3433748,71.9007317073171,"East Asia & Pacific","Ulaanbaatar","106.937","47.9129","Upper middle income","IBRD"
"Mongolia","MN","MNG",2006,"","2026-01-28",2567168,65.9021951219512,"East Asia & Pacific","Ulaanbaatar","106.937","47.9129","Upper middle income","IBRD"
"Mongolia","MN","MNG",2015,"","2026-01-28",3026864,70.810243902439,"East Asia & Pacific","Ulaanbaatar","106.937","47.9129","Upper middle income","IBRD"
"Mongolia","MN","MNG",2016,"","2026-01-28",3088856,70.2239024390244,"East Asia & Pacific","Ulaanbaatar","106.937","47.9129","Upper middle income","IBRD"
"Mongolia","MN","MNG",2014,"","2026-01-28",2963113,70.5831707317073,"East Asia & Pacific","Ulaanbaatar","106.937","47.9129","Upper middle income","IBRD"
"Mongolia","MN","MNG",2005,"","2026-01-28",2536407,65.2807317073171,"East Asia & Pacific","Ulaanbaatar","106.937","47.9129","Upper middle income","IBRD"
"Mongolia","MN","MNG",2013,"","2026-01-28",2899011,70.0980487804878,"East Asia & Pacific","Ulaanbaatar","106.937","47.9129","Upper middle income","IBRD"
"Montenegro","ME","MNE",2002,"","2026-01-28",609828,73.9652195121951,"Europe & Central Asia","Podgorica","19.2595","42.4602","Upper middle income","IBRD"
"Montenegro","ME","MNE",2006,"","2026-01-28",615025,73.8390243902439,"Europe & Central Asia","Podgorica","19.2595","42.4602","Upper middle income","IBRD"
"Montenegro","ME","MNE",2003,"","2026-01-28",612267,74.0557317073171,"Europe & Central Asia","Podgorica","19.2595","42.4602","Upper middle income","IBRD"
"Montenegro","ME","MNE",2001,"","2026-01-28",607389,73.5801951219512,"Europe & Central Asia","Podgorica","19.2595","42.4602","Upper middle income","IBRD"
"Montenegro","ME","MNE",2009,"","2026-01-28",618294,75.1439024390244,"Europe & Central Asia","Podgorica","19.2595","42.4602","Upper middle income","IBRD"
"Montenegro","ME","MNE",2010,"","2026-01-28",619428,75.990243902439,"Europe & Central Asia","Podgorica","19.2595","42.4602","Upper middle income","IBRD"
"Montenegro","ME","MNE",2005,"","2026-01-28",614261,73.9829268292683,"Europe & Central Asia","Podgorica","19.2595","42.4602","Upper middle income","IBRD"
"Montenegro","ME","MNE",2013,"","2026-01-28",622587,76.490243902439,"Europe & Central Asia","Podgorica","19.2595","42.4602","Upper middle income","IBRD"
"Montenegro","ME","MNE",2000,"","2026-01-28",604950,73.3968048780488,"Europe & Central Asia","Podgorica","19.2595","42.4602","Upper middle income","IBRD"
"Montenegro","ME","MNE",2004,"","2026-01-28",613353,74.2056097560976,"Europe & Central Asia","Podgorica","19.2595","42.4602","Upper middle income","IBRD"
"Montenegro","ME","MNE",2008,"","2026-01-28",616969,75.1365853658537,"Europe & Central Asia","Podgorica","19.2595","42.4602","Upper middle income","IBRD"
"Montenegro","ME","MNE",2024,"","2026-01-28",623525,NA,"Europe & Central Asia","Podgorica","19.2595","42.4602","Upper middle income","IBRD"
"Montenegro","ME","MNE",2014,"","2026-01-28",623744,76.3390243902439,"Europe & Central Asia","Podgorica","19.2595","42.4602","Upper middle income","IBRD"
"Montenegro","ME","MNE",2022,"","2026-01-28",623591,76.1878048780488,"Europe & Central Asia","Podgorica","19.2595","42.4602","Upper middle income","IBRD"
"Montenegro","ME","MNE",2023,"","2026-01-28",623529,77.5878048780488,"Europe & Central Asia","Podgorica","19.2595","42.4602","Upper middle income","IBRD"
"Montenegro","ME","MNE",2016,"","2026-01-28",625353,76.5414634146342,"Europe & Central Asia","Podgorica","19.2595","42.4602","Upper middle income","IBRD"
"Montenegro","ME","MNE",2017,"","2026-01-28",625982,76.6853658536585,"Europe & Central Asia","Podgorica","19.2595","42.4602","Upper middle income","IBRD"
"Montenegro","ME","MNE",2018,"","2026-01-28",626438,77.8853658536585,"Europe & Central Asia","Podgorica","19.2595","42.4602","Upper middle income","IBRD"
"Montenegro","ME","MNE",2011,"","2026-01-28",620345,76.0829268292683,"Europe & Central Asia","Podgorica","19.2595","42.4602","Upper middle income","IBRD"
"Montenegro","ME","MNE",2012,"","2026-01-28",621418,76.3,"Europe & Central Asia","Podgorica","19.2595","42.4602","Upper middle income","IBRD"
"Montenegro","ME","MNE",2020,"","2026-01-28",626590,75.9317073170732,"Europe & Central Asia","Podgorica","19.2595","42.4602","Upper middle income","IBRD"
"Montenegro","ME","MNE",2021,"","2026-01-28",625053,73.8243902439024,"Europe & Central Asia","Podgorica","19.2595","42.4602","Upper middle income","IBRD"
"Montenegro","ME","MNE",2007,"","2026-01-28",615875,74.3390243902439,"Europe & Central Asia","Podgorica","19.2595","42.4602","Upper middle income","IBRD"
"Montenegro","ME","MNE",2019,"","2026-01-28",626753,76.6829268292683,"Europe & Central Asia","Podgorica","19.2595","42.4602","Upper middle income","IBRD"
"Montenegro","ME","MNE",2015,"","2026-01-28",624651,76.6024390243903,"Europe & Central Asia","Podgorica","19.2595","42.4602","Upper middle income","IBRD"
"Morocco","MA","MAR",2017,"","2026-01-28",35446392,73.608,"Middle East & North Africa","Rabat","-6.8704","33.9905","Lower middle income","IBRD"
"Morocco","MA","MAR",2020,"","2026-01-28",36584208,73.133,"Middle East & North Africa","Rabat","-6.8704","33.9905","Lower middle income","IBRD"
"Morocco","MA","MAR",2021,"","2026-01-28",36954442,73.385,"Middle East & North Africa","Rabat","-6.8704","33.9905","Lower middle income","IBRD"
"Morocco","MA","MAR",2018,"","2026-01-28",35839760,73.946,"Middle East & North Africa","Rabat","-6.8704","33.9905","Lower middle income","IBRD"
"Morocco","MA","MAR",2022,"","2026-01-28",37329064,75.161,"Middle East & North Africa","Rabat","-6.8704","33.9905","Lower middle income","IBRD"
"Morocco","MA","MAR",2023,"","2026-01-28",37712505,75.313,"Middle East & North Africa","Rabat","-6.8704","33.9905","Lower middle income","IBRD"
"Morocco","MA","MAR",2024,"","2026-01-28",38081173,NA,"Middle East & North Africa","Rabat","-6.8704","33.9905","Lower middle income","IBRD"
"Morocco","MA","MAR",2019,"","2026-01-28",36210898,74.245,"Middle East & North Africa","Rabat","-6.8704","33.9905","Lower middle income","IBRD"
"Morocco","MA","MAR",2014,"","2026-01-28",34204780,72.522,"Middle East & North Africa","Rabat","-6.8704","33.9905","Lower middle income","IBRD"
"Morocco","MA","MAR",2015,"","2026-01-28",34607588,72.894,"Middle East & North Africa","Rabat","-6.8704","33.9905","Lower middle income","IBRD"
"Morocco","MA","MAR",2016,"","2026-01-28",35023457,73.228,"Middle East & North Africa","Rabat","-6.8704","33.9905","Lower middle income","IBRD"
"Morocco","MA","MAR",2005,"","2026-01-28",30358144,68.748,"Middle East & North Africa","Rabat","-6.8704","33.9905","Lower middle income","IBRD"
"Morocco","MA","MAR",2004,"","2026-01-28",29953018,68.272,"Middle East & North Africa","Rabat","-6.8704","33.9905","Lower middle income","IBRD"
"Morocco","MA","MAR",2000,"","2026-01-28",28423435,66.794,"Middle East & North Africa","Rabat","-6.8704","33.9905","Lower middle income","IBRD"
"Morocco","MA","MAR",2001,"","2026-01-28",28814643,67.2,"Middle East & North Africa","Rabat","-6.8704","33.9905","Lower middle income","IBRD"
"Morocco","MA","MAR",2013,"","2026-01-28",33787571,72.117,"Middle East & North Africa","Rabat","-6.8704","33.9905","Lower middle income","IBRD"
"Morocco","MA","MAR",2009,"","2026-01-28",32030778,70.454,"Middle East & North Africa","Rabat","-6.8704","33.9905","Lower middle income","IBRD"
"Morocco","MA","MAR",2006,"","2026-01-28",30771178,69.157,"Middle East & North Africa","Rabat","-6.8704","33.9905","Lower middle income","IBRD"
"Morocco","MA","MAR",2007,"","2026-01-28",31186468,69.62,"Middle East & North Africa","Rabat","-6.8704","33.9905","Lower middle income","IBRD"
"Morocco","MA","MAR",2008,"","2026-01-28",31606767,70.051,"Middle East & North Africa","Rabat","-6.8704","33.9905","Lower middle income","IBRD"
"Morocco","MA","MAR",2002,"","2026-01-28",29198142,67.582,"Middle East & North Africa","Rabat","-6.8704","33.9905","Lower middle income","IBRD"
"Morocco","MA","MAR",2010,"","2026-01-28",32467016,70.821,"Middle East & North Africa","Rabat","-6.8704","33.9905","Lower middle income","IBRD"
"Morocco","MA","MAR",2011,"","2026-01-28",32912588,71.263,"Middle East & North Africa","Rabat","-6.8704","33.9905","Lower middle income","IBRD"
"Morocco","MA","MAR",2012,"","2026-01-28",33355241,71.674,"Middle East & North Africa","Rabat","-6.8704","33.9905","Lower middle income","IBRD"
"Morocco","MA","MAR",2003,"","2026-01-28",29571415,67.958,"Middle East & North Africa","Rabat","-6.8704","33.9905","Lower middle income","IBRD"
"Mozambique","MZ","MOZ",2005,"","2026-01-28",20304569,52.322,"Sub-Saharan Africa","Maputo","32.5713","-25.9664","Low income","IDA"
"Mozambique","MZ","MOZ",2014,"","2026-01-28",25788475,57.965,"Sub-Saharan Africa","Maputo","32.5713","-25.9664","Low income","IDA"
"Mozambique","MZ","MOZ",2006,"","2026-01-28",20787087,52.748,"Sub-Saharan Africa","Maputo","32.5713","-25.9664","Low income","IDA"
"Mozambique","MZ","MOZ",2004,"","2026-01-28",19840313,51.855,"Sub-Saharan Africa","Maputo","32.5713","-25.9664","Low income","IDA"
"Mozambique","MZ","MOZ",2013,"","2026-01-28",25051611,57.189,"Sub-Saharan Africa","Maputo","32.5713","-25.9664","Low income","IDA"
"Mozambique","MZ","MOZ",2021,"","2026-01-28",31707800,60.268,"Sub-Saharan Africa","Maputo","32.5713","-25.9664","Low income","IDA"
"Mozambique","MZ","MOZ",2022,"","2026-01-28",32656246,63.011,"Sub-Saharan Africa","Maputo","32.5713","-25.9664","Low income","IDA"
"Mozambique","MZ","MOZ",2023,"","2026-01-28",33635160,63.611,"Sub-Saharan Africa","Maputo","32.5713","-25.9664","Low income","IDA"
"Mozambique","MZ","MOZ",2000,"","2026-01-28",18129653,49.476,"Sub-Saharan Africa","Maputo","32.5713","-25.9664","Low income","IDA"
"Mozambique","MZ","MOZ",2001,"","2026-01-28",18537729,50.259,"Sub-Saharan Africa","Maputo","32.5713","-25.9664","Low income","IDA"
"Mozambique","MZ","MOZ",2002,"","2026-01-28",18958338,50.879,"Sub-Saharan Africa","Maputo","32.5713","-25.9664","Low income","IDA"
"Mozambique","MZ","MOZ",2003,"","2026-01-28",19392475,51.383,"Sub-Saharan Africa","Maputo","32.5713","-25.9664","Low income","IDA"
"Mozambique","MZ","MOZ",2012,"","2026-01-28",24337846,56.46,"Sub-Saharan Africa","Maputo","32.5713","-25.9664","Low income","IDA"
"Mozambique","MZ","MOZ",2007,"","2026-01-28",21287635,53.255,"Sub-Saharan Africa","Maputo","32.5713","-25.9664","Low income","IDA"
"Mozambique","MZ","MOZ",2008,"","2026-01-28",21819036,53.799,"Sub-Saharan Africa","Maputo","32.5713","-25.9664","Low income","IDA"
"Mozambique","MZ","MOZ",2015,"","2026-01-28",26547572,58.711,"Sub-Saharan Africa","Maputo","32.5713","-25.9664","Low income","IDA"
"Mozambique","MZ","MOZ",2016,"","2026-01-28",27337105,59.455,"Sub-Saharan Africa","Maputo","32.5713","-25.9664","Low income","IDA"
"Mozambique","MZ","MOZ",2024,"","2026-01-28",34631766,NA,"Sub-Saharan Africa","Maputo","32.5713","-25.9664","Low income","IDA"
"Mozambique","MZ","MOZ",2017,"","2026-01-28",28166393,60.148,"Sub-Saharan Africa","Maputo","32.5713","-25.9664","Low income","IDA"
"Mozambique","MZ","MOZ",2009,"","2026-01-28",22391745,54.4,"Sub-Saharan Africa","Maputo","32.5713","-25.9664","Low income","IDA"
"Mozambique","MZ","MOZ",2010,"","2026-01-28",22999235,55.04,"Sub-Saharan Africa","Maputo","32.5713","-25.9664","Low income","IDA"
"Mozambique","MZ","MOZ",2019,"","2026-01-28",29884380,61.306,"Sub-Saharan Africa","Maputo","32.5713","-25.9664","Low income","IDA"
"Mozambique","MZ","MOZ",2011,"","2026-01-28",23649039,55.733,"Sub-Saharan Africa","Maputo","32.5713","-25.9664","Low income","IDA"
"Mozambique","MZ","MOZ",2020,"","2026-01-28",30783688,61.39,"Sub-Saharan Africa","Maputo","32.5713","-25.9664","Low income","IDA"
"Mozambique","MZ","MOZ",2018,"","2026-01-28",29018644,60.79,"Sub-Saharan Africa","Maputo","32.5713","-25.9664","Low income","IDA"
"Myanmar","MM","MMR",2006,"","2026-01-28",47785135,62.026,"East Asia & Pacific","Naypyidaw","95.9562","21.914","Lower middle income","IDA"
"Myanmar","MM","MMR",2007,"","2026-01-28",48125043,62.367,"East Asia & Pacific","Naypyidaw","95.9562","21.914","Lower middle income","IDA"
"Myanmar","MM","MMR",2005,"","2026-01-28",47438365,61.72,"East Asia & Pacific","Naypyidaw","95.9562","21.914","Lower middle income","IDA"
"Myanmar","MM","MMR",2015,"","2026-01-28",51089056,65.288,"East Asia & Pacific","Naypyidaw","95.9562","21.914","Lower middle income","IDA"
"Myanmar","MM","MMR",2016,"","2026-01-28",51495696,65.64,"East Asia & Pacific","Naypyidaw","95.9562","21.914","Lower middle income","IDA"
"Myanmar","MM","MMR",2009,"","2026-01-28",48660459,63.095,"East Asia & Pacific","Naypyidaw","95.9562","21.914","Lower middle income","IDA"
"Myanmar","MM","MMR",2019,"","2026-01-28",52640713,66.457,"East Asia & Pacific","Naypyidaw","95.9562","21.914","Lower middle income","IDA"
"Myanmar","MM","MMR",2020,"","2026-01-28",53016522,66.612,"East Asia & Pacific","Naypyidaw","95.9562","21.914","Lower middle income","IDA"
"Myanmar","MM","MMR",2013,"","2026-01-28",50262658,64.617,"East Asia & Pacific","Naypyidaw","95.9562","21.914","Lower middle income","IDA"
"Myanmar","MM","MMR",2014,"","2026-01-28",50681634,64.994,"East Asia & Pacific","Naypyidaw","95.9562","21.914","Lower middle income","IDA"
"Myanmar","MM","MMR",2000,"","2026-01-28",45290841,60.357,"East Asia & Pacific","Naypyidaw","95.9562","21.914","Lower middle income","IDA"
"Myanmar","MM","MMR",2008,"","2026-01-28",48390793,56.364,"East Asia & Pacific","Naypyidaw","95.9562","21.914","Lower middle income","IDA"
"Myanmar","MM","MMR",2017,"","2026-01-28",51894938,65.909,"East Asia & Pacific","Naypyidaw","95.9562","21.914","Lower middle income","IDA"
"Myanmar","MM","MMR",2018,"","2026-01-28",52272247,66.232,"East Asia & Pacific","Naypyidaw","95.9562","21.914","Lower middle income","IDA"
"Myanmar","MM","MMR",2004,"","2026-01-28",47068772,61.443,"East Asia & Pacific","Naypyidaw","95.9562","21.914","Lower middle income","IDA"
"Myanmar","MM","MMR",2001,"","2026-01-28",45771139,60.64,"East Asia & Pacific","Naypyidaw","95.9562","21.914","Lower middle income","IDA"
"Myanmar","MM","MMR",2012,"","2026-01-28",49837446,64.251,"East Asia & Pacific","Naypyidaw","95.9562","21.914","Lower middle income","IDA"
"Myanmar","MM","MMR",2021,"","2026-01-28",53387102,65.553,"East Asia & Pacific","Naypyidaw","95.9562","21.914","Lower middle income","IDA"
"Myanmar","MM","MMR",2011,"","2026-01-28",49419820,63.859,"East Asia & Pacific","Naypyidaw","95.9562","21.914","Lower middle income","IDA"
"Myanmar","MM","MMR",2024,"","2026-01-28",54500091,NA,"East Asia & Pacific","Naypyidaw","95.9562","21.914","Lower middle income","IDA"
"Myanmar","MM","MMR",2010,"","2026-01-28",49024382,63.479,"East Asia & Pacific","Naypyidaw","95.9562","21.914","Lower middle income","IDA"
"Myanmar","MM","MMR",2023,"","2026-01-28",54133798,66.889,"East Asia & Pacific","Naypyidaw","95.9562","21.914","Lower middle income","IDA"
"Myanmar","MM","MMR",2002,"","2026-01-28",46232653,60.925,"East Asia & Pacific","Naypyidaw","95.9562","21.914","Lower middle income","IDA"
"Myanmar","MM","MMR",2003,"","2026-01-28",46667192,61.196,"East Asia & Pacific","Naypyidaw","95.9562","21.914","Lower middle income","IDA"
"Myanmar","MM","MMR",2022,"","2026-01-28",53756787,66.506,"East Asia & Pacific","Naypyidaw","95.9562","21.914","Lower middle income","IDA"
"Namibia","NA","NAM",2024,"","2026-01-28",3030131,NA,"Sub-Saharan Africa","Windhoek","17.0931","-22.5648","Upper middle income","IBRD"
"Namibia","NA","NAM",2023,"","2026-01-28",2963095,67.385,"Sub-Saharan Africa","Windhoek","17.0931","-22.5648","Upper middle income","IBRD"
"Namibia","NA","NAM",2015,"","2026-01-28",2374300,60.008,"Sub-Saharan Africa","Windhoek","17.0931","-22.5648","Upper middle income","IBRD"
"Namibia","NA","NAM",2022,"","2026-01-28",2889662,64.19,"Sub-Saharan Africa","Windhoek","17.0931","-22.5648","Upper middle income","IBRD"
"Namibia","NA","NAM",2020,"","2026-01-28",2728762,64.071,"Sub-Saharan Africa","Windhoek","17.0931","-22.5648","Upper middle income","IBRD"
"Namibia","NA","NAM",2021,"","2026-01-28",2810548,60.85,"Sub-Saharan Africa","Windhoek","17.0931","-22.5648","Upper middle income","IBRD"
"Namibia","NA","NAM",2006,"","2026-01-28",1991888,53.183,"Sub-Saharan Africa","Windhoek","17.0931","-22.5648","Upper middle income","IBRD"
"Namibia","NA","NAM",2007,"","2026-01-28",2018600,54.026,"Sub-Saharan Africa","Windhoek","17.0931","-22.5648","Upper middle income","IBRD"
"Namibia","NA","NAM",2010,"","2026-01-28",2109811,56.093,"Sub-Saharan Africa","Windhoek","17.0931","-22.5648","Upper middle income","IBRD"
"Namibia","NA","NAM",2005,"","2026-01-28",1966582,52.557,"Sub-Saharan Africa","Windhoek","17.0931","-22.5648","Upper middle income","IBRD"
"Namibia","NA","NAM",2013,"","2026-01-28",2252508,58.468,"Sub-Saharan Africa","Windhoek","17.0931","-22.5648","Upper middle income","IBRD"
"Namibia","NA","NAM",2014,"","2026-01-28",2312139,59.311,"Sub-Saharan Africa","Windhoek","17.0931","-22.5648","Upper middle income","IBRD"
"Namibia","NA","NAM",2000,"","2026-01-28",1818647,52.946,"Sub-Saharan Africa","Windhoek","17.0931","-22.5648","Upper middle income","IBRD"
"Namibia","NA","NAM",2016,"","2026-01-28",2439213,60.81,"Sub-Saharan Africa","Windhoek","17.0931","-22.5648","Upper middle income","IBRD"
"Namibia","NA","NAM",2017,"","2026-01-28",2506853,61.661,"Sub-Saharan Africa","Windhoek","17.0931","-22.5648","Upper middle income","IBRD"
"Namibia","NA","NAM",2018,"","2026-01-28",2577327,62.579,"Sub-Saharan Africa","Windhoek","17.0931","-22.5648","Upper middle income","IBRD"
"Namibia","NA","NAM",2019,"","2026-01-28",2650494,63.546,"Sub-Saharan Africa","Windhoek","17.0931","-22.5648","Upper middle income","IBRD"
"Namibia","NA","NAM",2004,"","2026-01-28",1942082,52.175,"Sub-Saharan Africa","Windhoek","17.0931","-22.5648","Upper middle income","IBRD"
"Namibia","NA","NAM",2012,"","2026-01-28",2194654,57.733,"Sub-Saharan Africa","Windhoek","17.0931","-22.5648","Upper middle income","IBRD"
"Namibia","NA","NAM",2001,"","2026-01-28",1857048,51.98,"Sub-Saharan Africa","Windhoek","17.0931","-22.5648","Upper middle income","IBRD"
"Namibia","NA","NAM",2002,"","2026-01-28",1889970,51.988,"Sub-Saharan Africa","Windhoek","17.0931","-22.5648","Upper middle income","IBRD"
"Namibia","NA","NAM",2008,"","2026-01-28",2047056,54.74,"Sub-Saharan Africa","Windhoek","17.0931","-22.5648","Upper middle income","IBRD"
"Namibia","NA","NAM",2011,"","2026-01-28",2146325,56.647,"Sub-Saharan Africa","Windhoek","17.0931","-22.5648","Upper middle income","IBRD"
"Namibia","NA","NAM",2009,"","2026-01-28",2077394,55.347,"Sub-Saharan Africa","Windhoek","17.0931","-22.5648","Upper middle income","IBRD"
"Namibia","NA","NAM",2003,"","2026-01-28",1917464,51.918,"Sub-Saharan Africa","Windhoek","17.0931","-22.5648","Upper middle income","IBRD"
"Nauru","NR","NRU",2000,"","2026-01-28",10168,59.574,"East Asia & Pacific","Yaren District","166.920867","-0.5477","High income","IBRD"
"Nauru","NR","NRU",2007,"","2026-01-28",10020,59.49,"East Asia & Pacific","Yaren District","166.920867","-0.5477","High income","IBRD"
"Nauru","NR","NRU",2001,"","2026-01-28",10130,59.482,"East Asia & Pacific","Yaren District","166.920867","-0.5477","High income","IBRD"
"Nauru","NR","NRU",2002,"","2026-01-28",10082,59.427,"East Asia & Pacific","Yaren District","166.920867","-0.5477","High income","IBRD"
"Nauru","NR","NRU",2006,"","2026-01-28",10034,59.409,"East Asia & Pacific","Yaren District","166.920867","-0.5477","High income","IBRD"
"Nauru","NR","NRU",2011,"","2026-01-28",10098,60.287,"East Asia & Pacific","Yaren District","166.920867","-0.5477","High income","IBRD"
"Nauru","NR","NRU",2004,"","2026-01-28",10060,59.346,"East Asia & Pacific","Yaren District","166.920867","-0.5477","High income","IBRD"
"Nauru","NR","NRU",2005,"","2026-01-28",10049,59.361,"East Asia & Pacific","Yaren District","166.920867","-0.5477","High income","IBRD"
"Nauru","NR","NRU",2012,"","2026-01-28",10267,60.533,"East Asia & Pacific","Yaren District","166.920867","-0.5477","High income","IBRD"
"Nauru","NR","NRU",2013,"","2026-01-28",10517,60.701,"East Asia & Pacific","Yaren District","166.920867","-0.5477","High income","IBRD"
"Nauru","NR","NRU",2021,"","2026-01-28",11709,61.331,"East Asia & Pacific","Yaren District","166.920867","-0.5477","High income","IBRD"
"Nauru","NR","NRU",2022,"","2026-01-28",11801,61.93,"East Asia & Pacific","Yaren District","166.920867","-0.5477","High income","IBRD"
"Nauru","NR","NRU",2015,"","2026-01-28",10954,60.897,"East Asia & Pacific","Yaren District","166.920867","-0.5477","High income","IBRD"
"Nauru","NR","NRU",2016,"","2026-01-28",11150,60.996,"East Asia & Pacific","Yaren District","166.920867","-0.5477","High income","IBRD"
"Nauru","NR","NRU",2017,"","2026-01-28",11324,61.101,"East Asia & Pacific","Yaren District","166.920867","-0.5477","High income","IBRD"
"Nauru","NR","NRU",2003,"","2026-01-28",10059,59.359,"East Asia & Pacific","Yaren District","166.920867","-0.5477","High income","IBRD"
"Nauru","NR","NRU",2009,"","2026-01-28",10016,59.852,"East Asia & Pacific","Yaren District","166.920867","-0.5477","High income","IBRD"
"Nauru","NR","NRU",2010,"","2026-01-28",10043,60.074,"East Asia & Pacific","Yaren District","166.920867","-0.5477","High income","IBRD"
"Nauru","NR","NRU",2020,"","2026-01-28",11643,61.527,"East Asia & Pacific","Yaren District","166.920867","-0.5477","High income","IBRD"
"Nauru","NR","NRU",2008,"","2026-01-28",10009,59.675,"East Asia & Pacific","Yaren District","166.920867","-0.5477","High income","IBRD"
"Nauru","NR","NRU",2014,"","2026-01-28",10742,60.834,"East Asia & Pacific","Yaren District","166.920867","-0.5477","High income","IBRD"
"Nauru","NR","NRU",2023,"","2026-01-28",11875,62.109,"East Asia & Pacific","Yaren District","166.920867","-0.5477","High income","IBRD"
"Nauru","NR","NRU",2024,"","2026-01-28",11947,NA,"East Asia & Pacific","Yaren District","166.920867","-0.5477","High income","IBRD"
"Nauru","NR","NRU",2018,"","2026-01-28",11477,61.238,"East Asia & Pacific","Yaren District","166.920867","-0.5477","High income","IBRD"
"Nauru","NR","NRU",2019,"","2026-01-28",11587,61.393,"East Asia & Pacific","Yaren District","166.920867","-0.5477","High income","IBRD"
"Nepal","NP","NPL",2014,"","2026-01-28",27672370,67.812,"South Asia","Kathmandu","85.3157","27.6939","Lower middle income","IDA"
"Nepal","NP","NPL",2015,"","2026-01-28",27823629,67.374,"South Asia","Kathmandu","85.3157","27.6939","Lower middle income","IDA"
"Nepal","NP","NPL",2019,"","2026-01-28",28414064,69.299,"South Asia","Kathmandu","85.3157","27.6939","Lower middle income","IDA"
"Nepal","NP","NPL",2020,"","2026-01-28",28966574,69.106,"South Asia","Kathmandu","85.3157","27.6939","Lower middle income","IDA"
"Nepal","NP","NPL",2004,"","2026-01-28",26016656,64.744,"South Asia","Kathmandu","85.3157","27.6939","Lower middle income","IDA"
"Nepal","NP","NPL",2018,"","2026-01-28",28079689,69.036,"South Asia","Kathmandu","85.3157","27.6939","Lower middle income","IDA"
"Nepal","NP","NPL",2012,"","2026-01-28",27534915,67.364,"South Asia","Kathmandu","85.3157","27.6939","Lower middle income","IDA"
"Nepal","NP","NPL",2013,"","2026-01-28",27589996,67.598,"South Asia","Kathmandu","85.3157","27.6939","Lower middle income","IDA"
"Nepal","NP","NPL",2003,"","2026-01-28",25688758,64.229,"South Asia","Kathmandu","85.3157","27.6939","Lower middle income","IDA"
"Nepal","NP","NPL",2016,"","2026-01-28",27955462,68.444,"South Asia","Kathmandu","85.3157","27.6939","Lower middle income","IDA"
"Nepal","NP","NPL",2017,"","2026-01-28",28011258,68.74,"South Asia","Kathmandu","85.3157","27.6939","Lower middle income","IDA"
"Nepal","NP","NPL",2000,"","2026-01-28",24546509,62.642,"South Asia","Kathmandu","85.3157","27.6939","Lower middle income","IDA"
"Nepal","NP","NPL",2007,"","2026-01-28",26788492,66.169,"South Asia","Kathmandu","85.3157","27.6939","Lower middle income","IDA"
"Nepal","NP","NPL",2021,"","2026-01-28",29475010,68.385,"South Asia","Kathmandu","85.3157","27.6939","Lower middle income","IDA"
"Nepal","NP","NPL",2005,"","2026-01-28",26309458,65.275,"South Asia","Kathmandu","85.3157","27.6939","Lower middle income","IDA"
"Nepal","NP","NPL",2006,"","2026-01-28",26565425,65.891,"South Asia","Kathmandu","85.3157","27.6939","Lower middle income","IDA"
"Nepal","NP","NPL",2024,"","2026-01-28",29651054,NA,"South Asia","Kathmandu","85.3157","27.6939","Lower middle income","IDA"
"Nepal","NP","NPL",2002,"","2026-01-28",25328981,63.507,"South Asia","Kathmandu","85.3157","27.6939","Lower middle income","IDA"
"Nepal","NP","NPL",2022,"","2026-01-28",29715436,70.087,"South Asia","Kathmandu","85.3157","27.6939","Lower middle income","IDA"
"Nepal","NP","NPL",2023,"","2026-01-28",29694614,70.354,"South Asia","Kathmandu","85.3157","27.6939","Lower middle income","IDA"
"Nepal","NP","NPL",2010,"","2026-01-28",27341952,66.772,"South Asia","Kathmandu","85.3157","27.6939","Lower middle income","IDA"
"Nepal","NP","NPL",2011,"","2026-01-28",27464494,67.123,"South Asia","Kathmandu","85.3157","27.6939","Lower middle income","IDA"
"Nepal","NP","NPL",2008,"","2026-01-28",26990037,66.442,"South Asia","Kathmandu","85.3157","27.6939","Lower middle income","IDA"
"Nepal","NP","NPL",2009,"","2026-01-28",27173035,66.6,"South Asia","Kathmandu","85.3157","27.6939","Lower middle income","IDA"
"Nepal","NP","NPL",2001,"","2026-01-28",24946748,63.288,"South Asia","Kathmandu","85.3157","27.6939","Lower middle income","IDA"
"Netherlands","NL","NLD",2000,"","2026-01-28",15925513,77.9878048780488,"Europe & Central Asia","Amsterdam","4.89095","52.3738","High income","Not classified"
"Netherlands","NL","NLD",2018,"","2026-01-28",17231624,81.8121951219512,"Europe & Central Asia","Amsterdam","4.89095","52.3738","High income","Not classified"
"Netherlands","NL","NLD",2001,"","2026-01-28",16046180,78.190243902439,"Europe & Central Asia","Amsterdam","4.89095","52.3738","High income","Not classified"
"Netherlands","NL","NLD",2002,"","2026-01-28",16148929,78.2926829268293,"Europe & Central Asia","Amsterdam","4.89095","52.3738","High income","Not classified"
"Netherlands","NL","NLD",2009,"","2026-01-28",16530388,80.5487804878049,"Europe & Central Asia","Amsterdam","4.89095","52.3738","High income","Not classified"
"Netherlands","NL","NLD",2010,"","2026-01-28",16615394,80.7024390243902,"Europe & Central Asia","Amsterdam","4.89095","52.3738","High income","Not classified"
"Netherlands","NL","NLD",2019,"","2026-01-28",17344874,82.1121951219512,"Europe & Central Asia","Amsterdam","4.89095","52.3738","High income","Not classified"
"Netherlands","NL","NLD",2020,"","2026-01-28",17441500,81.3585365853659,"Europe & Central Asia","Amsterdam","4.89095","52.3738","High income","Not classified"
"Netherlands","NL","NLD",2021,"","2026-01-28",17533044,81.309756097561,"Europe & Central Asia","Amsterdam","4.89095","52.3738","High income","Not classified"
"Netherlands","NL","NLD",2003,"","2026-01-28",16225302,78.4926829268293,"Europe & Central Asia","Amsterdam","4.89095","52.3738","High income","Not classified"
"Netherlands","NL","NLD",2015,"","2026-01-28",16939923,81.509756097561,"Europe & Central Asia","Amsterdam","4.89095","52.3738","High income","Not classified"
"Netherlands","NL","NLD",2011,"","2026-01-28",16693074,81.2048780487805,"Europe & Central Asia","Amsterdam","4.89095","52.3738","High income","Not classified"
"Netherlands","NL","NLD",2012,"","2026-01-28",16754962,81.1048780487805,"Europe & Central Asia","Amsterdam","4.89095","52.3738","High income","Not classified"
"Netherlands","NL","NLD",2006,"","2026-01-28",16346101,79.6975609756098,"Europe & Central Asia","Amsterdam","4.89095","52.3738","High income","Not classified"
"Netherlands","NL","NLD",2022,"","2026-01-28",17700982,81.6146341463415,"Europe & Central Asia","Amsterdam","4.89095","52.3738","High income","Not classified"
"Netherlands","NL","NLD",2004,"","2026-01-28",16281779,79.0951219512195,"Europe & Central Asia","Amsterdam","4.89095","52.3738","High income","Not classified"
"Netherlands","NL","NLD",2005,"","2026-01-28",16319868,79.3463414634146,"Europe & Central Asia","Amsterdam","4.89095","52.3738","High income","Not classified"
"Netherlands","NL","NLD",2008,"","2026-01-28",16445593,80.2512195121951,"Europe & Central Asia","Amsterdam","4.89095","52.3738","High income","Not classified"
"Netherlands","NL","NLD",2013,"","2026-01-28",16804432,81.3048780487805,"Europe & Central Asia","Amsterdam","4.89095","52.3738","High income","Not classified"
"Netherlands","NL","NLD",2023,"","2026-01-28",17877117,81.9146341463415,"Europe & Central Asia","Amsterdam","4.89095","52.3738","High income","Not classified"
"Netherlands","NL","NLD",2024,"","2026-01-28",17993485,NA,"Europe & Central Asia","Amsterdam","4.89095","52.3738","High income","Not classified"
"Netherlands","NL","NLD",2017,"","2026-01-28",17131296,81.7609756097561,"Europe & Central Asia","Amsterdam","4.89095","52.3738","High income","Not classified"
"Netherlands","NL","NLD",2014,"","2026-01-28",16865008,81.7073170731707,"Europe & Central Asia","Amsterdam","4.89095","52.3738","High income","Not classified"
"Netherlands","NL","NLD",2016,"","2026-01-28",17030314,81.5609756097561,"Europe & Central Asia","Amsterdam","4.89095","52.3738","High income","Not classified"
"Netherlands","NL","NLD",2007,"","2026-01-28",16381696,80.0975609756098,"Europe & Central Asia","Amsterdam","4.89095","52.3738","High income","Not classified"
"New Caledonia","NC","NCL",2004,"","2026-01-28",240852,74.713,"East Asia & Pacific","Noum'ea","166.464","-22.2677","High income","Not classified"
"New Caledonia","NC","NCL",2002,"","2026-01-28",232236,74.278,"East Asia & Pacific","Noum'ea","166.464","-22.2677","High income","Not classified"
"New Caledonia","NC","NCL",2014,"","2026-01-28",281224,77.053,"East Asia & Pacific","Noum'ea","166.464","-22.2677","High income","Not classified"
"New Caledonia","NC","NCL",2005,"","2026-01-28",244381,74.867,"East Asia & Pacific","Noum'ea","166.464","-22.2677","High income","Not classified"
"New Caledonia","NC","NCL",2003,"","2026-01-28",236678,74.5,"East Asia & Pacific","Noum'ea","166.464","-22.2677","High income","Not classified"
"New Caledonia","NC","NCL",2008,"","2026-01-28",253825,75.398,"East Asia & Pacific","Noum'ea","166.464","-22.2677","High income","Not classified"
"New Caledonia","NC","NCL",2009,"","2026-01-28",257250,75.676,"East Asia & Pacific","Noum'ea","166.464","-22.2677","High income","Not classified"
"New Caledonia","NC","NCL",2010,"","2026-01-28",261582,75.992,"East Asia & Pacific","Noum'ea","166.464","-22.2677","High income","Not classified"
"New Caledonia","NC","NCL",2006,"","2026-01-28",247547,75.016,"East Asia & Pacific","Noum'ea","166.464","-22.2677","High income","Not classified"
"New Caledonia","NC","NCL",2012,"","2026-01-28",271633,76.615,"East Asia & Pacific","Noum'ea","166.464","-22.2677","High income","Not classified"
"New Caledonia","NC","NCL",2013,"","2026-01-28",276822,76.867,"East Asia & Pacific","Noum'ea","166.464","-22.2677","High income","Not classified"
"New Caledonia","NC","NCL",2023,"","2026-01-28",289870,78.766,"East Asia & Pacific","Noum'ea","166.464","-22.2677","High income","Not classified"
"New Caledonia","NC","NCL",2024,"","2026-01-28",292639,NA,"East Asia & Pacific","Noum'ea","166.464","-22.2677","High income","Not classified"
"New Caledonia","NC","NCL",2015,"","2026-01-28",283168,77.206,"East Asia & Pacific","Noum'ea","166.464","-22.2677","High income","Not classified"
"New Caledonia","NC","NCL",2016,"","2026-01-28",283423,77.359,"East Asia & Pacific","Noum'ea","166.464","-22.2677","High income","Not classified"
"New Caledonia","NC","NCL",2019,"","2026-01-28",283606,77.262,"East Asia & Pacific","Noum'ea","166.464","-22.2677","High income","Not classified"
"New Caledonia","NC","NCL",2020,"","2026-01-28",284176,77.049,"East Asia & Pacific","Noum'ea","166.464","-22.2677","High income","Not classified"
"New Caledonia","NC","NCL",2007,"","2026-01-28",250725,75.181,"East Asia & Pacific","Noum'ea","166.464","-22.2677","High income","Not classified"
"New Caledonia","NC","NCL",2018,"","2026-01-28",283541,77.557,"East Asia & Pacific","Noum'ea","166.464","-22.2677","High income","Not classified"
"New Caledonia","NC","NCL",2001,"","2026-01-28",227707,73.958,"East Asia & Pacific","Noum'ea","166.464","-22.2677","High income","Not classified"
"New Caledonia","NC","NCL",2022,"","2026-01-28",287123,77.698,"East Asia & Pacific","Noum'ea","166.464","-22.2677","High income","Not classified"
"New Caledonia","NC","NCL",2011,"","2026-01-28",266543,76.315,"East Asia & Pacific","Noum'ea","166.464","-22.2677","High income","Not classified"
"New Caledonia","NC","NCL",2000,"","2026-01-28",223098,73.574,"East Asia & Pacific","Noum'ea","166.464","-22.2677","High income","Not classified"
"New Caledonia","NC","NCL",2021,"","2026-01-28",285214,77.113,"East Asia & Pacific","Noum'ea","166.464","-22.2677","High income","Not classified"
"New Caledonia","NC","NCL",2017,"","2026-01-28",283546,77.504,"East Asia & Pacific","Noum'ea","166.464","-22.2677","High income","Not classified"
"New Zealand","NZ","NZL",2007,"","2026-01-28",4223800,80.1512195121951,"East Asia & Pacific","Wellington","174.776","-41.2865","High income","Not classified"
"New Zealand","NZ","NZL",2020,"","2026-01-28",5072400,82.2560975609756,"East Asia & Pacific","Wellington","174.776","-41.2865","High income","Not classified"
"New Zealand","NZ","NZL",2024,"","2026-01-28",5287500,NA,"East Asia & Pacific","Wellington","174.776","-41.2865","High income","Not classified"
"New Zealand","NZ","NZL",2019,"","2026-01-28",4970300,82.0560975609756,"East Asia & Pacific","Wellington","174.776","-41.2865","High income","Not classified"
"New Zealand","NZ","NZL",2003,"","2026-01-28",4027200,79.1463414634146,"East Asia & Pacific","Wellington","174.776","-41.2865","High income","Not classified"
"New Zealand","NZ","NZL",2021,"","2026-01-28",5084600,82.2073170731707,"East Asia & Pacific","Wellington","174.776","-41.2865","High income","Not classified"
"New Zealand","NZ","NZL",2022,"","2026-01-28",5081700,81.9585365853658,"East Asia & Pacific","Wellington","174.776","-41.2865","High income","Not classified"
"New Zealand","NZ","NZL",2023,"","2026-01-28",5200000,83.0048780487805,"East Asia & Pacific","Wellington","174.776","-41.2865","High income","Not classified"
"New Zealand","NZ","NZL",2012,"","2026-01-28",4408100,81.4073170731707,"East Asia & Pacific","Wellington","174.776","-41.2865","High income","Not classified"
"New Zealand","NZ","NZL",2013,"","2026-01-28",4442100,81.4048780487805,"East Asia & Pacific","Wellington","174.776","-41.2865","High income","Not classified"
"New Zealand","NZ","NZL",2010,"","2026-01-28",4350700,80.9048780487805,"East Asia & Pacific","Wellington","174.776","-41.2865","High income","Not classified"
"New Zealand","NZ","NZL",2011,"","2026-01-28",4384000,81.1560975609756,"East Asia & Pacific","Wellington","174.776","-41.2865","High income","Not classified"
"New Zealand","NZ","NZL",2017,"","2026-01-28",4813600,81.8585365853659,"East Asia & Pacific","Wellington","174.776","-41.2865","High income","Not classified"
"New Zealand","NZ","NZL",2018,"","2026-01-28",4900600,81.7073170731707,"East Asia & Pacific","Wellington","174.776","-41.2865","High income","Not classified"
"New Zealand","NZ","NZL",2000,"","2026-01-28",3857700,78.6365853658537,"East Asia & Pacific","Wellington","174.776","-41.2865","High income","Not classified"
"New Zealand","NZ","NZL",2001,"","2026-01-28",3880500,78.6926829268293,"East Asia & Pacific","Wellington","174.776","-41.2865","High income","Not classified"
"New Zealand","NZ","NZL",2002,"","2026-01-28",3948500,78.8463414634146,"East Asia & Pacific","Wellington","174.776","-41.2865","High income","Not classified"
"New Zealand","NZ","NZL",2016,"","2026-01-28",4714100,81.6585365853659,"East Asia & Pacific","Wellington","174.776","-41.2865","High income","Not classified"
"New Zealand","NZ","NZL",2008,"","2026-01-28",4259800,80.3512195121951,"East Asia & Pacific","Wellington","174.776","-41.2865","High income","Not classified"
"New Zealand","NZ","NZL",2009,"","2026-01-28",4302600,80.7024390243902,"East Asia & Pacific","Wellington","174.776","-41.2865","High income","Not classified"
"New Zealand","NZ","NZL",2006,"","2026-01-28",4184600,80.0487804878049,"East Asia & Pacific","Wellington","174.776","-41.2865","High income","Not classified"
"New Zealand","NZ","NZL",2014,"","2026-01-28",4516500,81.4568292682927,"East Asia & Pacific","Wellington","174.776","-41.2865","High income","Not classified"
"New Zealand","NZ","NZL",2015,"","2026-01-28",4609400,81.6124390243903,"East Asia & Pacific","Wellington","174.776","-41.2865","High income","Not classified"
"New Zealand","NZ","NZL",2004,"","2026-01-28",4087500,79.5487804878049,"East Asia & Pacific","Wellington","174.776","-41.2865","High income","Not classified"
"New Zealand","NZ","NZL",2005,"","2026-01-28",4133900,79.8512195121951,"East Asia & Pacific","Wellington","174.776","-41.2865","High income","Not classified"
"Nicaragua","NI","NIC",2009,"","2026-01-28",5656601,71.499,"Latin America & Caribbean","Managua","-86.2734","12.1475","Lower middle income","IDA"
"Nicaragua","NI","NIC",2003,"","2026-01-28",5210963,68.749,"Latin America & Caribbean","Managua","-86.2734","12.1475","Lower middle income","IDA"
"Nicaragua","NI","NIC",2002,"","2026-01-28",5149909,67.95,"Latin America & Caribbean","Managua","-86.2734","12.1475","Lower middle income","IDA"
"Nicaragua","NI","NIC",2007,"","2026-01-28",5497243,71.197,"Latin America & Caribbean","Managua","-86.2734","12.1475","Lower middle income","IDA"
"Nicaragua","NI","NIC",2008,"","2026-01-28",5576593,71.404,"Latin America & Caribbean","Managua","-86.2734","12.1475","Lower middle income","IDA"
"Nicaragua","NI","NIC",2020,"","2026-01-28",6565267,70.766,"Latin America & Caribbean","Managua","-86.2734","12.1475","Lower middle income","IDA"
"Nicaragua","NI","NIC",2017,"","2026-01-28",6316231,73.389,"Latin America & Caribbean","Managua","-86.2734","12.1475","Lower middle income","IDA"
"Nicaragua","NI","NIC",2018,"","2026-01-28",6400080,73.879,"Latin America & Caribbean","Managua","-86.2734","12.1475","Lower middle income","IDA"
"Nicaragua","NI","NIC",2001,"","2026-01-28",5087825,67.028,"Latin America & Caribbean","Managua","-86.2734","12.1475","Lower middle income","IDA"
"Nicaragua","NI","NIC",2012,"","2026-01-28",5901287,72.435,"Latin America & Caribbean","Managua","-86.2734","12.1475","Lower middle income","IDA"
"Nicaragua","NI","NIC",2013,"","2026-01-28",5983845,72.551,"Latin America & Caribbean","Managua","-86.2734","12.1475","Lower middle income","IDA"
"Nicaragua","NI","NIC",2004,"","2026-01-28",5272912,69.51,"Latin America & Caribbean","Managua","-86.2734","12.1475","Lower middle income","IDA"
"Nicaragua","NI","NIC",2005,"","2026-01-28",5342105,70.374,"Latin America & Caribbean","Managua","-86.2734","12.1475","Lower middle income","IDA"
"Nicaragua","NI","NIC",2006,"","2026-01-28",5418855,70.958,"Latin America & Caribbean","Managua","-86.2734","12.1475","Lower middle income","IDA"
"Nicaragua","NI","NIC",2016,"","2026-01-28",6232666,73.18,"Latin America & Caribbean","Managua","-86.2734","12.1475","Lower middle income","IDA"
"Nicaragua","NI","NIC",2021,"","2026-01-28",6644741,70.478,"Latin America & Caribbean","Managua","-86.2734","12.1475","Lower middle income","IDA"
"Nicaragua","NI","NIC",2000,"","2026-01-28",5022633,66.36,"Latin America & Caribbean","Managua","-86.2734","12.1475","Lower middle income","IDA"
"Nicaragua","NI","NIC",2019,"","2026-01-28",6483657,73.764,"Latin America & Caribbean","Managua","-86.2734","12.1475","Lower middle income","IDA"
"Nicaragua","NI","NIC",2024,"","2026-01-28",6916140,NA,"Latin America & Caribbean","Managua","-86.2734","12.1475","Lower middle income","IDA"
"Nicaragua","NI","NIC",2011,"","2026-01-28",5819051,72.033,"Latin America & Caribbean","Managua","-86.2734","12.1475","Lower middle income","IDA"
"Nicaragua","NI","NIC",2015,"","2026-01-28",6149417,72.899,"Latin America & Caribbean","Managua","-86.2734","12.1475","Lower middle income","IDA"
"Nicaragua","NI","NIC",2014,"","2026-01-28",6066492,72.792,"Latin America & Caribbean","Managua","-86.2734","12.1475","Lower middle income","IDA"
"Nicaragua","NI","NIC",2023,"","2026-01-28",6823613,74.947,"Latin America & Caribbean","Managua","-86.2734","12.1475","Lower middle income","IDA"
"Nicaragua","NI","NIC",2010,"","2026-01-28",5737450,71.761,"Latin America & Caribbean","Managua","-86.2734","12.1475","Lower middle income","IDA"
"Nicaragua","NI","NIC",2022,"","2026-01-28",6730654,74.463,"Latin America & Caribbean","Managua","-86.2734","12.1475","Lower middle income","IDA"
"Niger","NE","NER",2010,"","2026-01-28",16548835,57.08,"Sub-Saharan Africa","Niamey","2.1073","13.514","Low income","IDA"
"Niger","NE","NER",2011,"","2026-01-28",17176283,57.6,"Sub-Saharan Africa","Niamey","2.1073","13.514","Low income","IDA"
"Niger","NE","NER",2016,"","2026-01-28",20685753,59.228,"Sub-Saharan Africa","Niamey","2.1073","13.514","Low income","IDA"
"Niger","NE","NER",2017,"","2026-01-28",21435446,59.524,"Sub-Saharan Africa","Niamey","2.1073","13.514","Low income","IDA"
"Niger","NE","NER",2008,"","2026-01-28",15361915,55.852,"Sub-Saharan Africa","Niamey","2.1073","13.514","Low income","IDA"
"Niger","NE","NER",2009,"","2026-01-28",15943675,56.487,"Sub-Saharan Africa","Niamey","2.1073","13.514","Low income","IDA"
"Niger","NE","NER",2013,"","2026-01-28",18519898,58.364,"Sub-Saharan Africa","Niamey","2.1073","13.514","Low income","IDA"
"Niger","NE","NER",2024,"","2026-01-28",27032412,NA,"Sub-Saharan Africa","Niamey","2.1073","13.514","Low income","IDA"
"Niger","NE","NER",2022,"","2026-01-28",25311973,60.398,"Sub-Saharan Africa","Niamey","2.1073","13.514","Low income","IDA"
"Niger","NE","NER",2014,"","2026-01-28",19215909,58.693,"Sub-Saharan Africa","Niamey","2.1073","13.514","Low income","IDA"
"Niger","NE","NER",2015,"","2026-01-28",19939498,58.85,"Sub-Saharan Africa","Niamey","2.1073","13.514","Low income","IDA"
"Niger","NE","NER",2002,"","2026-01-28",12349144,50.645,"Sub-Saharan Africa","Niamey","2.1073","13.514","Low income","IDA"
"Niger","NE","NER",2003,"","2026-01-28",12796984,51.545,"Sub-Saharan Africa","Niamey","2.1073","13.514","Low income","IDA"
"Niger","NE","NER",2012,"","2026-01-28",17836769,57.987,"Sub-Saharan Africa","Niamey","2.1073","13.514","Low income","IDA"
"Niger","NE","NER",2019,"","2026-01-28",22947757,60.031,"Sub-Saharan Africa","Niamey","2.1073","13.514","Low income","IDA"
"Niger","NE","NER",2020,"","2026-01-28",23717613,59.89,"Sub-Saharan Africa","Niamey","2.1073","13.514","Low income","IDA"
"Niger","NE","NER",2021,"","2026-01-28",24502140,59.542,"Sub-Saharan Africa","Niamey","2.1073","13.514","Low income","IDA"
"Niger","NE","NER",2018,"","2026-01-28",22188069,59.765,"Sub-Saharan Africa","Niamey","2.1073","13.514","Low income","IDA"
"Niger","NE","NER",2000,"","2026-01-28",11509630,49.172,"Sub-Saharan Africa","Niamey","2.1073","13.514","Low income","IDA"
"Niger","NE","NER",2023,"","2026-01-28",26159867,61.183,"Sub-Saharan Africa","Niamey","2.1073","13.514","Low income","IDA"
"Niger","NE","NER",2006,"","2026-01-28",14268581,54.223,"Sub-Saharan Africa","Niamey","2.1073","13.514","Low income","IDA"
"Niger","NE","NER",2007,"","2026-01-28",14803610,55.063,"Sub-Saharan Africa","Niamey","2.1073","13.514","Low income","IDA"
"Niger","NE","NER",2004,"","2026-01-28",13265836,52.402,"Sub-Saharan Africa","Niamey","2.1073","13.514","Low income","IDA"
"Niger","NE","NER",2001,"","2026-01-28",11920647,49.872,"Sub-Saharan Africa","Niamey","2.1073","13.514","Low income","IDA"
"Niger","NE","NER",2005,"","2026-01-28",13756192,53.32,"Sub-Saharan Africa","Niamey","2.1073","13.514","Low income","IDA"
"Nigeria","NG","NGA",2009,"","2026-01-28",162049464,51.08,"Sub-Saharan Africa","Abuja","7.48906","9.05804","Lower middle income","Blend"
"Nigeria","NG","NGA",2024,"","2026-01-28",232679478,NA,"Sub-Saharan Africa","Abuja","7.48906","9.05804","Lower middle income","Blend"
"Nigeria","NG","NGA",2007,"","2026-01-28",153267261,50.381,"Sub-Saharan Africa","Abuja","7.48906","9.05804","Lower middle income","Blend"
"Nigeria","NG","NGA",2016,"","2026-01-28",195443700,52.189,"Sub-Saharan Africa","Abuja","7.48906","9.05804","Lower middle income","Blend"
"Nigeria","NG","NGA",2017,"","2026-01-28",200254579,52.397,"Sub-Saharan Africa","Abuja","7.48906","9.05804","Lower middle income","Blend"
"Nigeria","NG","NGA",2023,"","2026-01-28",227882945,54.462,"Sub-Saharan Africa","Abuja","7.48906","9.05804","Lower middle income","Blend"
"Nigeria","NG","NGA",2000,"","2026-01-28",126382494,47.143,"Sub-Saharan Africa","Abuja","7.48906","9.05804","Lower middle income","Blend"
"Nigeria","NG","NGA",2008,"","2026-01-28",157595014,50.748,"Sub-Saharan Africa","Abuja","7.48906","9.05804","Lower middle income","Blend"
"Nigeria","NG","NGA",2002,"","2026-01-28",133471989,48.02,"Sub-Saharan Africa","Abuja","7.48906","9.05804","Lower middle income","Blend"
"Nigeria","NG","NGA",2010,"","2026-01-28",166642886,51.315,"Sub-Saharan Africa","Abuja","7.48906","9.05804","Lower middle income","Blend"
"Nigeria","NG","NGA",2018,"","2026-01-28",204938755,52.669,"Sub-Saharan Africa","Abuja","7.48906","9.05804","Lower middle income","Blend"
"Nigeria","NG","NGA",2015,"","2026-01-28",190671878,51.939,"Sub-Saharan Africa","Abuja","7.48906","9.05804","Lower middle income","Blend"
"Nigeria","NG","NGA",2020,"","2026-01-28",213996181,53.072,"Sub-Saharan Africa","Abuja","7.48906","9.05804","Lower middle income","Blend"
"Nigeria","NG","NGA",2003,"","2026-01-28",137202644,48.618,"Sub-Saharan Africa","Abuja","7.48906","9.05804","Lower middle income","Blend"
"Nigeria","NG","NGA",2022,"","2026-01-28",223150896,54.079,"Sub-Saharan Africa","Abuja","7.48906","9.05804","Lower middle income","Blend"
"Nigeria","NG","NGA",2019,"","2026-01-28",209485641,53.009,"Sub-Saharan Africa","Abuja","7.48906","9.05804","Lower middle income","Blend"
"Nigeria","NG","NGA",2001,"","2026-01-28",129862595,47.549,"Sub-Saharan Africa","Abuja","7.48906","9.05804","Lower middle income","Blend"
"Nigeria","NG","NGA",2021,"","2026-01-28",218529286,53.455,"Sub-Saharan Africa","Abuja","7.48906","9.05804","Lower middle income","Blend"
"Nigeria","NG","NGA",2005,"","2026-01-28",145017253,49.538,"Sub-Saharan Africa","Abuja","7.48906","9.05804","Lower middle income","Blend"
"Nigeria","NG","NGA",2011,"","2026-01-28",171379598,51.49,"Sub-Saharan Africa","Abuja","7.48906","9.05804","Lower middle income","Blend"
"Nigeria","NG","NGA",2014,"","2026-01-28",185896915,51.94,"Sub-Saharan Africa","Abuja","7.48906","9.05804","Lower middle income","Blend"
"Nigeria","NG","NGA",2013,"","2026-01-28",181049443,51.827,"Sub-Saharan Africa","Abuja","7.48906","9.05804","Lower middle income","Blend"
"Nigeria","NG","NGA",2006,"","2026-01-28",149077334,49.876,"Sub-Saharan Africa","Abuja","7.48906","9.05804","Lower middle income","Blend"
"Nigeria","NG","NGA",2004,"","2026-01-28",141057045,49.148,"Sub-Saharan Africa","Abuja","7.48906","9.05804","Lower middle income","Blend"
"Nigeria","NG","NGA",2012,"","2026-01-28",176200625,51.688,"Sub-Saharan Africa","Abuja","7.48906","9.05804","Lower middle income","Blend"
"North America","XU","NAC",2004,"","2026-01-28",324806660,77.7343375427686,"Aggregates","","","","Aggregates","Aggregates"
"North America","XU","NAC",2001,"","2026-01-28",316051677,77.0883485337654,"Aggregates","","","","Aggregates","Aggregates"
"North America","XU","NAC",2000,"","2026-01-28",312909691,76.8850332429286,"Aggregates","","","","Aggregates","Aggregates"
"North America","XU","NAC",2012,"","2026-01-28",349116140,79.0322253270364,"Aggregates","","","","Aggregates","Aggregates"
"North America","XU","NAC",2008,"","2026-01-28",337404564,78.3038592516027,"Aggregates","","","","Aggregates","Aggregates"
"North America","XU","NAC",2003,"","2026-01-28",321812780,77.3002796759891,"Aggregates","","","","Aggregates","Aggregates"
"North America","XU","NAC",2007,"","2026-01-28",334183103,78.2395331531403,"Aggregates","","","","Aggregates","Aggregates"
"North America","XU","NAC",2021,"","2026-01-28",370404272,76.8657678890549,"Aggregates","","","","Aggregates","Aggregates"
"North America","XU","NAC",2002,"","2026-01-28",319046534,77.1919358768587,"Aggregates","","","","Aggregates","Aggregates"
"North America","XU","NAC",2006,"","2026-01-28",331013939,77.9690402937581,"Aggregates","","","","Aggregates","Aggregates"
"North America","XU","NAC",2014,"","2026-01-28",354755155,79.135655352291,"Aggregates","","","","Aggregates","Aggregates"
"North America","XU","NAC",2017,"","2026-01-28",363217262,78.8688036246685,"Aggregates","","","","Aggregates","Aggregates"
"North America","XU","NAC",2022,"","2026-01-28",373018004,77.8327679594239,"Aggregates","","","","Aggregates","Aggregates"
"North America","XU","NAC",2013,"","2026-01-28",351870848,79.0411295925554,"Aggregates","","","","Aggregates","Aggregates"
"North America","XU","NAC",2016,"","2026-01-28",360527592,78.8800103845064,"Aggregates","","","","Aggregates","Aggregates"
"North America","XU","NAC",2011,"","2026-01-28",346242415,78.9234323511493,"Aggregates","","","","Aggregates","Aggregates"
"North America","XU","NAC",2018,"","2026-01-28",365666028,78.9607960728398,"Aggregates","","","","Aggregates","Aggregates"
"North America","XU","NAC",2009,"","2026-01-28",340465163,78.6547128363776,"Aggregates","","","","Aggregates","Aggregates"
"North America","XU","NAC",2010,"","2026-01-28",343447854,78.8169547045614,"Aggregates","","","","Aggregates","Aggregates"
"North America","XU","NAC",2024,"","2026-01-28",381464223,NA,"Aggregates","","","","Aggregates","Aggregates"
"North America","XU","NAC",2020,"","2026-01-28",369670740,77.4498099795241,"Aggregates","","","","Aggregates","Aggregates"
"North America","XU","NAC",2023,"","2026-01-28",376954413,78.7328213732191,"Aggregates","","","","Aggregates","Aggregates"
"North America","XU","NAC",2019,"","2026-01-28",367908829,79.1334134419141,"Aggregates","","","","Aggregates","Aggregates"
"North America","XU","NAC",2005,"","2026-01-28",327822042,77.7462382909607,"Aggregates","","","","Aggregates","Aggregates"
"North America","XU","NAC",2015,"","2026-01-28",357583083,79.0036254654542,"Aggregates","","","","Aggregates","Aggregates"
"North Macedonia","MK","MKD",2016,"","2026-01-28",1906313,75.4,"Europe & Central Asia","Skopje","21.4361","42.0024","Upper middle income","IBRD"
"North Macedonia","MK","MKD",2015,"","2026-01-28",1912430,75.4024390243902,"Europe & Central Asia","Skopje","21.4361","42.0024","Upper middle income","IBRD"
"North Macedonia","MK","MKD",2001,"","2026-01-28",2034882,73.4365853658537,"Europe & Central Asia","Skopje","21.4361","42.0024","Upper middle income","IBRD"
"North Macedonia","MK","MKD",2019,"","2026-01-28",1876262,76.6024390243903,"Europe & Central Asia","Skopje","21.4361","42.0024","Upper middle income","IBRD"
"North Macedonia","MK","MKD",2023,"","2026-01-28",1827816,75.3160975609756,"Europe & Central Asia","Skopje","21.4361","42.0024","Upper middle income","IBRD"
"North Macedonia","MK","MKD",2024,"","2026-01-28",1824359,NA,"Europe & Central Asia","Skopje","21.4361","42.0024","Upper middle income","IBRD"
"North Macedonia","MK","MKD",2020,"","2026-01-28",1856124,74.3951219512195,"Europe & Central Asia","Skopje","21.4361","42.0024","Upper middle income","IBRD"
"North Macedonia","MK","MKD",2022,"","2026-01-28",1831712,74.4248780487805,"Europe & Central Asia","Skopje","21.4361","42.0024","Upper middle income","IBRD"
"North Macedonia","MK","MKD",2013,"","2026-01-28",1922716,75.4,"Europe & Central Asia","Skopje","21.4361","42.0024","Upper middle income","IBRD"
"North Macedonia","MK","MKD",2014,"","2026-01-28",1917557,75.4512195121951,"Europe & Central Asia","Skopje","21.4361","42.0024","Upper middle income","IBRD"
"North Macedonia","MK","MKD",2021,"","2026-01-28",1837114,73.2463414634146,"Europe & Central Asia","Skopje","21.4361","42.0024","Upper middle income","IBRD"
"North Macedonia","MK","MKD",2018,"","2026-01-28",1889051,76.6487804878049,"Europe & Central Asia","Skopje","21.4361","42.0024","Upper middle income","IBRD"
"North Macedonia","MK","MKD",2000,"","2026-01-28",2026350,72.9463414634147,"Europe & Central Asia","Skopje","21.4361","42.0024","Upper middle income","IBRD"
"North Macedonia","MK","MKD",2008,"","2026-01-28",1971493,74.4,"Europe & Central Asia","Skopje","21.4361","42.0024","Upper middle income","IBRD"
"North Macedonia","MK","MKD",2017,"","2026-01-28",1898657,75.9536585365854,"Europe & Central Asia","Skopje","21.4361","42.0024","Upper middle income","IBRD"
"North Macedonia","MK","MKD",2006,"","2026-01-28",1994287,73.8951219512195,"Europe & Central Asia","Skopje","21.4361","42.0024","Upper middle income","IBRD"
"North Macedonia","MK","MKD",2007,"","2026-01-28",1982933,73.8,"Europe & Central Asia","Skopje","21.4361","42.0024","Upper middle income","IBRD"
"North Macedonia","MK","MKD",2012,"","2026-01-28",1929821,74.9024390243903,"Europe & Central Asia","Skopje","21.4361","42.0024","Upper middle income","IBRD"
"North Macedonia","MK","MKD",2009,"","2026-01-28",1958782,74.4463414634146,"Europe & Central Asia","Skopje","21.4361","42.0024","Upper middle income","IBRD"
"North Macedonia","MK","MKD",2010,"","2026-01-28",1946298,74.9975609756098,"Europe & Central Asia","Skopje","21.4361","42.0024","Upper middle income","IBRD"
"North Macedonia","MK","MKD",2011,"","2026-01-28",1937398,75.1,"Europe & Central Asia","Skopje","21.4361","42.0024","Upper middle income","IBRD"
"North Macedonia","MK","MKD",2004,"","2026-01-28",2016186,73.5975609756098,"Europe & Central Asia","Skopje","21.4361","42.0024","Upper middle income","IBRD"
"North Macedonia","MK","MKD",2002,"","2026-01-28",2020157,73.0390243902439,"Europe & Central Asia","Skopje","21.4361","42.0024","Upper middle income","IBRD"
"North Macedonia","MK","MKD",2005,"","2026-01-28",2005330,73.6975609756098,"Europe & Central Asia","Skopje","21.4361","42.0024","Upper middle income","IBRD"
"North Macedonia","MK","MKD",2003,"","2026-01-28",2022725,73.2414634146342,"Europe & Central Asia","Skopje","21.4361","42.0024","Upper middle income","IBRD"
"Northern Mariana Islands","MP","MNP",2003,"","2026-01-28",65421,76.505,"East Asia & Pacific","Saipan","145.765","15.1935","High income","Not classified"
"Northern Mariana Islands","MP","MNP",2015,"","2026-01-28",51514,77.36,"East Asia & Pacific","Saipan","145.765","15.1935","High income","Not classified"
"Northern Mariana Islands","MP","MNP",2012,"","2026-01-28",53234,77.566,"East Asia & Pacific","Saipan","145.765","15.1935","High income","Not classified"
"Northern Mariana Islands","MP","MNP",2013,"","2026-01-28",52758,77.452,"East Asia & Pacific","Saipan","145.765","15.1935","High income","Not classified"
"Northern Mariana Islands","MP","MNP",2004,"","2026-01-28",63938,76.789,"East Asia & Pacific","Saipan","145.765","15.1935","High income","Not classified"
"Northern Mariana Islands","MP","MNP",2021,"","2026-01-28",46979,78.16,"East Asia & Pacific","Saipan","145.765","15.1935","High income","Not classified"
"Northern Mariana Islands","MP","MNP",2022,"","2026-01-28",46078,78.531,"East Asia & Pacific","Saipan","145.765","15.1935","High income","Not classified"
"Northern Mariana Islands","MP","MNP",2000,"","2026-01-28",68356,74.9,"East Asia & Pacific","Saipan","145.765","15.1935","High income","Not classified"
"Northern Mariana Islands","MP","MNP",2014,"","2026-01-28",52178,77.377,"East Asia & Pacific","Saipan","145.765","15.1935","High income","Not classified"
"Northern Mariana Islands","MP","MNP",2002,"","2026-01-28",66778,75.934,"East Asia & Pacific","Saipan","145.765","15.1935","High income","Not classified"
"Northern Mariana Islands","MP","MNP",2011,"","2026-01-28",53608,77.688,"East Asia & Pacific","Saipan","145.765","15.1935","High income","Not classified"
"Northern Mariana Islands","MP","MNP",2016,"","2026-01-28",50773,77.392,"East Asia & Pacific","Saipan","145.765","15.1935","High income","Not classified"
"Northern Mariana Islands","MP","MNP",2001,"","2026-01-28",67984,75.419,"East Asia & Pacific","Saipan","145.765","15.1935","High income","Not classified"
"Northern Mariana Islands","MP","MNP",2020,"","2026-01-28",47528,78.03,"East Asia & Pacific","Saipan","145.765","15.1935","High income","Not classified"
"Northern Mariana Islands","MP","MNP",2007,"","2026-01-28",58941,77.863,"East Asia & Pacific","Saipan","145.765","15.1935","High income","Not classified"
"Northern Mariana Islands","MP","MNP",2008,"","2026-01-28",57150,77.938,"East Asia & Pacific","Saipan","145.765","15.1935","High income","Not classified"
"Northern Mariana Islands","MP","MNP",2023,"","2026-01-28",45143,78.808,"East Asia & Pacific","Saipan","145.765","15.1935","High income","Not classified"
"Northern Mariana Islands","MP","MNP",2024,"","2026-01-28",44278,NA,"East Asia & Pacific","Saipan","145.765","15.1935","High income","Not classified"
"Northern Mariana Islands","MP","MNP",2010,"","2026-01-28",54091,77.8,"East Asia & Pacific","Saipan","145.765","15.1935","High income","Not classified"
"Northern Mariana Islands","MP","MNP",2019,"","2026-01-28",48129,77.844,"East Asia & Pacific","Saipan","145.765","15.1935","High income","Not classified"
"Northern Mariana Islands","MP","MNP",2005,"","2026-01-28",62354,77.307,"East Asia & Pacific","Saipan","145.765","15.1935","High income","Not classified"
"Northern Mariana Islands","MP","MNP",2006,"","2026-01-28",60682,77.688,"East Asia & Pacific","Saipan","145.765","15.1935","High income","Not classified"
"Northern Mariana Islands","MP","MNP",2018,"","2026-01-28",49077,77.51,"East Asia & Pacific","Saipan","145.765","15.1935","High income","Not classified"
"Northern Mariana Islands","MP","MNP",2009,"","2026-01-28",55325,77.903,"East Asia & Pacific","Saipan","145.765","15.1935","High income","Not classified"
"Northern Mariana Islands","MP","MNP",2017,"","2026-01-28",49959,77.47,"East Asia & Pacific","Saipan","145.765","15.1935","High income","Not classified"
"Norway","NO","NOR",2007,"","2026-01-28",4709153,80.3951219512195,"Europe & Central Asia","Oslo","10.7387","59.9138","High income","Not classified"
"Norway","NO","NOR",2005,"","2026-01-28",4623291,80.0414634146342,"Europe & Central Asia","Oslo","10.7387","59.9138","High income","Not classified"
"Norway","NO","NOR",2008,"","2026-01-28",4768212,80.5926829268293,"Europe & Central Asia","Oslo","10.7387","59.9138","High income","Not classified"
"Norway","NO","NOR",2006,"","2026-01-28",4660677,80.3439024390244,"Europe & Central Asia","Oslo","10.7387","59.9138","High income","Not classified"
"Norway","NO","NOR",2020,"","2026-01-28",5379475,83.209756097561,"Europe & Central Asia","Oslo","10.7387","59.9138","High income","Not classified"
"Norway","NO","NOR",2018,"","2026-01-28",5311916,82.7585365853659,"Europe & Central Asia","Oslo","10.7387","59.9138","High income","Not classified"
"Norway","NO","NOR",2004,"","2026-01-28",4591910,79.8414634146342,"Europe & Central Asia","Oslo","10.7387","59.9138","High income","Not classified"
"Norway","NO","NOR",2012,"","2026-01-28",5018573,81.4512195121951,"Europe & Central Asia","Oslo","10.7387","59.9138","High income","Not classified"
"Norway","NO","NOR",2013,"","2026-01-28",5079623,81.7512195121951,"Europe & Central Asia","Oslo","10.7387","59.9138","High income","Not classified"
"Norway","NO","NOR",2010,"","2026-01-28",4889252,80.9975609756098,"Europe & Central Asia","Oslo","10.7387","59.9138","High income","Not classified"
"Norway","NO","NOR",2009,"","2026-01-28",4828726,80.7951219512195,"Europe & Central Asia","Oslo","10.7387","59.9138","High income","Not classified"
"Norway","NO","NOR",2016,"","2026-01-28",5234519,82.4073170731707,"Europe & Central Asia","Oslo","10.7387","59.9138","High income","Not classified"
"Norway","NO","NOR",2017,"","2026-01-28",5276968,82.609756097561,"Europe & Central Asia","Oslo","10.7387","59.9138","High income","Not classified"
"Norway","NO","NOR",2019,"","2026-01-28",5347896,82.9585365853659,"Europe & Central Asia","Oslo","10.7387","59.9138","High income","Not classified"
"Norway","NO","NOR",2015,"","2026-01-28",5188607,82.3048780487805,"Europe & Central Asia","Oslo","10.7387","59.9138","High income","Not classified"
"Norway","NO","NOR",2011,"","2026-01-28",4953088,81.2951219512195,"Europe & Central Asia","Oslo","10.7387","59.9138","High income","Not classified"
"Norway","NO","NOR",2023,"","2026-01-28",5519601,83.1121951219512,"Europe & Central Asia","Oslo","10.7387","59.9138","High income","Not classified"
"Norway","NO","NOR",2003,"","2026-01-28",4564855,79.390243902439,"Europe & Central Asia","Oslo","10.7387","59.9138","High income","Not classified"
"Norway","NO","NOR",2014,"","2026-01-28",5137232,82.1,"Europe & Central Asia","Oslo","10.7387","59.9138","High income","Not classified"
"Norway","NO","NOR",2000,"","2026-01-28",4490967,78.6341463414634,"Europe & Central Asia","Oslo","10.7387","59.9138","High income","Not classified"
"Norway","NO","NOR",2001,"","2026-01-28",4513751,78.7853658536585,"Europe & Central Asia","Oslo","10.7387","59.9138","High income","Not classified"
"Norway","NO","NOR",2024,"","2026-01-28",5572279,NA,"Europe & Central Asia","Oslo","10.7387","59.9138","High income","Not classified"
"Norway","NO","NOR",2021,"","2026-01-28",5408320,83.1634146341463,"Europe & Central Asia","Oslo","10.7387","59.9138","High income","Not classified"
"Norway","NO","NOR",2022,"","2026-01-28",5457127,82.509756097561,"Europe & Central Asia","Oslo","10.7387","59.9138","High income","Not classified"
"Norway","NO","NOR",2002,"","2026-01-28",4538159,78.9878048780488,"Europe & Central Asia","Oslo","10.7387","59.9138","High income","Not classified"
"Not classified","XY","",2000,"","2026-01-28",NA,NA,NA,NA,NA,NA,NA,NA
"Not classified","XY","",2001,"","2026-01-28",NA,NA,NA,NA,NA,NA,NA,NA
"Not classified","XY","",2002,"","2026-01-28",NA,NA,NA,NA,NA,NA,NA,NA
"Not classified","XY","",2003,"","2026-01-28",NA,NA,NA,NA,NA,NA,NA,NA
"Not classified","XY","",2004,"","2026-01-28",NA,NA,NA,NA,NA,NA,NA,NA
"Not classified","XY","",2005,"","2026-01-28",NA,NA,NA,NA,NA,NA,NA,NA
"Not classified","XY","",2006,"","2026-01-28",NA,NA,NA,NA,NA,NA,NA,NA
"Not classified","XY","",2007,"","2026-01-28",NA,NA,NA,NA,NA,NA,NA,NA
"Not classified","XY","",2008,"","2026-01-28",NA,NA,NA,NA,NA,NA,NA,NA
"Not classified","XY","",2009,"","2026-01-28",NA,NA,NA,NA,NA,NA,NA,NA
"Not classified","XY","",2010,"","2026-01-28",NA,NA,NA,NA,NA,NA,NA,NA
"Not classified","XY","",2011,"","2026-01-28",NA,NA,NA,NA,NA,NA,NA,NA
"Not classified","XY","",2012,"","2026-01-28",NA,NA,NA,NA,NA,NA,NA,NA
"Not classified","XY","",2013,"","2026-01-28",NA,NA,NA,NA,NA,NA,NA,NA
"Not classified","XY","",2014,"","2026-01-28",NA,NA,NA,NA,NA,NA,NA,NA
"Not classified","XY","",2015,"","2026-01-28",NA,NA,NA,NA,NA,NA,NA,NA
"Not classified","XY","",2016,"","2026-01-28",NA,NA,NA,NA,NA,NA,NA,NA
"Not classified","XY","",2017,"","2026-01-28",NA,NA,NA,NA,NA,NA,NA,NA
"Not classified","XY","",2018,"","2026-01-28",NA,NA,NA,NA,NA,NA,NA,NA
"Not classified","XY","",2019,"","2026-01-28",NA,NA,NA,NA,NA,NA,NA,NA
"Not classified","XY","",2020,"","2026-01-28",NA,NA,NA,NA,NA,NA,NA,NA
"Not classified","XY","",2021,"","2026-01-28",NA,NA,NA,NA,NA,NA,NA,NA
"Not classified","XY","",2022,"","2026-01-28",NA,NA,NA,NA,NA,NA,NA,NA
"Not classified","XY","",2023,"","2026-01-28",NA,NA,NA,NA,NA,NA,NA,NA
"Not classified","XY","",2024,"","2026-01-28",NA,NA,NA,NA,NA,NA,NA,NA
"OECD members","OE","OED",2008,"","2026-01-28",1274711058,78.6146332445559,"Aggregates","","","","Aggregates","Aggregates"
"OECD members","OE","OED",2007,"","2026-01-28",1264728255,78.4729454763552,"Aggregates","","","","Aggregates","Aggregates"
"OECD members","OE","OED",2009,"","2026-01-28",1283973216,78.8670589595977,"Aggregates","","","","Aggregates","Aggregates"
"OECD members","OE","OED",2000,"","2026-01-28",1202226474,76.8195165967813,"Aggregates","","","","Aggregates","Aggregates"
"OECD members","OE","OED",2019,"","2026-01-28",1364146219,80.2450659060679,"Aggregates","","","","Aggregates","Aggregates"
"OECD members","OE","OED",2010,"","2026-01-28",1292701737,79.0473008520596,"Aggregates","","","","Aggregates","Aggregates"
"OECD members","OE","OED",2017,"","2026-01-28",1348127258,79.931058371801,"Aggregates","","","","Aggregates","Aggregates"
"OECD members","OE","OED",2018,"","2026-01-28",1356470975,80.0281711116686,"Aggregates","","","","Aggregates","Aggregates"
"OECD members","OE","OED",2001,"","2026-01-28",1211109104,77.1207466135963,"Aggregates","","","","Aggregates","Aggregates"
"OECD members","OE","OED",2002,"","2026-01-28",1220101353,77.2833606924084,"Aggregates","","","","Aggregates","Aggregates"
"OECD members","OE","OED",2003,"","2026-01-28",1229012217,77.4260355491099,"Aggregates","","","","Aggregates","Aggregates"
"OECD members","OE","OED",2004,"","2026-01-28",1237896576,77.8261405899935,"Aggregates","","","","Aggregates","Aggregates"
"OECD members","OE","OED",2005,"","2026-01-28",1246656490,77.9539871455081,"Aggregates","","","","Aggregates","Aggregates"
"OECD members","OE","OED",2006,"","2026-01-28",1255746646,78.2501352258837,"Aggregates","","","","Aggregates","Aggregates"
"OECD members","OE","OED",2016,"","2026-01-28",1340142055,79.8914226918913,"Aggregates","","","","Aggregates","Aggregates"
"OECD members","OE","OED",2021,"","2026-01-28",1371785073,78.5885513303119,"Aggregates","","","","Aggregates","Aggregates"
"OECD members","OE","OED",2024,"","2026-01-28",1396877448,NA,"Aggregates","","","","Aggregates","Aggregates"
"OECD members","OE","OED",2023,"","2026-01-28",1387897706,80.1614352591851,"Aggregates","","","","Aggregates","Aggregates"
"OECD members","OE","OED",2020,"","2026-01-28",1369310195,78.958005085165,"Aggregates","","","","Aggregates","Aggregates"
"OECD members","OE","OED",2012,"","2026-01-28",1307733583,79.429885982955,"Aggregates","","","","Aggregates","Aggregates"
"OECD members","OE","OED",2013,"","2026-01-28",1315427979,79.6249276178205,"Aggregates","","","","Aggregates","Aggregates"
"OECD members","OE","OED",2014,"","2026-01-28",1323459714,79.8766518985509,"Aggregates","","","","Aggregates","Aggregates"
"OECD members","OE","OED",2011,"","2026-01-28",1299644689,79.2685938676768,"Aggregates","","","","Aggregates","Aggregates"
"OECD members","OE","OED",2022,"","2026-01-28",1378565677,79.5212545784247,"Aggregates","","","","Aggregates","Aggregates"
"OECD members","OE","OED",2015,"","2026-01-28",1331675197,79.761947694534,"Aggregates","","","","Aggregates","Aggregates"
"Oman","OM","OMN",2012,"","2026-01-28",3547106,78.187,"Middle East & North Africa","Muscat","58.5874","23.6105","High income","Not classified"
"Oman","OM","OMN",2013,"","2026-01-28",3833913,78.633,"Middle East & North Africa","Muscat","58.5874","23.6105","High income","Not classified"
"Oman","OM","OMN",2011,"","2026-01-28",3076763,77.74,"Middle East & North Africa","Muscat","58.5874","23.6105","High income","Not classified"
"Oman","OM","OMN",2009,"","2026-01-28",2684659,76.631,"Middle East & North Africa","Muscat","58.5874","23.6105","High income","Not classified"
"Oman","OM","OMN",2014,"","2026-01-28",4002439,79.03,"Middle East & North Africa","Muscat","58.5874","23.6105","High income","Not classified"
"Oman","OM","OMN",2001,"","2026-01-28",2310217,73.979,"Middle East & North Africa","Muscat","58.5874","23.6105","High income","Not classified"
"Oman","OM","OMN",2015,"","2026-01-28",4184895,79.346,"Middle East & North Africa","Muscat","58.5874","23.6105","High income","Not classified"
"Oman","OM","OMN",2016,"","2026-01-28",4390877,79.581,"Middle East & North Africa","Muscat","58.5874","23.6105","High income","Not classified"
"Oman","OM","OMN",2010,"","2026-01-28",2757446,77.184,"Middle East & North Africa","Muscat","58.5874","23.6105","High income","Not classified"
"Oman","OM","OMN",2005,"","2026-01-28",2459802,75.07,"Middle East & North Africa","Muscat","58.5874","23.6105","High income","Not classified"
"Oman","OM","OMN",2002,"","2026-01-28",2337140,74.276,"Middle East & North Africa","Muscat","58.5874","23.6105","High income","Not classified"
"Oman","OM","OMN",2003,"","2026-01-28",2363796,74.521,"Middle East & North Africa","Muscat","58.5874","23.6105","High income","Not classified"
"Oman","OM","OMN",2004,"","2026-01-28",2404821,74.82,"Middle East & North Africa","Muscat","58.5874","23.6105","High income","Not classified"
"Oman","OM","OMN",2024,"","2026-01-28",5281538,NA,"Middle East & North Africa","Muscat","58.5874","23.6105","High income","Not classified"
"Oman","OM","OMN",2006,"","2026-01-28",2514795,75.354,"Middle East & North Africa","Muscat","58.5874","23.6105","High income","Not classified"
"Oman","OM","OMN",2007,"","2026-01-28",2570174,75.596,"Middle East & North Africa","Muscat","58.5874","23.6105","High income","Not classified"
"Oman","OM","OMN",2008,"","2026-01-28",2626529,76.124,"Middle East & North Africa","Muscat","58.5874","23.6105","High income","Not classified"
"Oman","OM","OMN",2019,"","2026-01-28",4591241,79.946,"Middle East & North Africa","Muscat","58.5874","23.6105","High income","Not classified"
"Oman","OM","OMN",2000,"","2026-01-28",2282131,73.643,"Middle East & North Africa","Muscat","58.5874","23.6105","High income","Not classified"
"Oman","OM","OMN",2017,"","2026-01-28",4537396,79.748,"Middle East & North Africa","Muscat","58.5874","23.6105","High income","Not classified"
"Oman","OM","OMN",2018,"","2026-01-28",4597877,79.864,"Middle East & North Africa","Muscat","58.5874","23.6105","High income","Not classified"
"Oman","OM","OMN",2023,"","2026-01-28",5049269,80.031,"Middle East & North Africa","Muscat","58.5874","23.6105","High income","Not classified"
"Oman","OM","OMN",2020,"","2026-01-28",4522497,77.763,"Middle East & North Africa","Muscat","58.5874","23.6105","High income","Not classified"
"Oman","OM","OMN",2021,"","2026-01-28",4500424,75.969,"Middle East & North Africa","Muscat","58.5874","23.6105","High income","Not classified"
"Oman","OM","OMN",2022,"","2026-01-28",4730226,77.911,"Middle East & North Africa","Muscat","58.5874","23.6105","High income","Not classified"
"Other small states","S4","OSS",2000,"","2026-01-28",9788238,66.4385365444731,"Aggregates","","","","Aggregates","Aggregates"
"Other small states","S4","OSS",2010,"","2026-01-28",11112466,69.566524844548,"Aggregates","","","","Aggregates","Aggregates"
"Other small states","S4","OSS",2011,"","2026-01-28",11226214,69.9373436903887,"Aggregates","","","","Aggregates","Aggregates"
"Other small states","S4","OSS",2012,"","2026-01-28",11346082,70.3920318149408,"Aggregates","","","","Aggregates","Aggregates"
"Other small states","S4","OSS",2001,"","2026-01-28",9961679,66.6129499326785,"Aggregates","","","","Aggregates","Aggregates"
"Other small states","S4","OSS",2024,"","2026-01-28",12931878,NA,"Aggregates","","","","Aggregates","Aggregates"
"Other small states","S4","OSS",2002,"","2026-01-28",10136134,66.8105993387088,"Aggregates","","","","Aggregates","Aggregates"
"Other small states","S4","OSS",2017,"","2026-01-28",11989367,72.1237658150048,"Aggregates","","","","Aggregates","Aggregates"
"Other small states","S4","OSS",2018,"","2026-01-28",12135267,72.4217850423792,"Aggregates","","","","Aggregates","Aggregates"
"Other small states","S4","OSS",2013,"","2026-01-28",11466589,70.8040790092001,"Aggregates","","","","Aggregates","Aggregates"
"Other small states","S4","OSS",2020,"","2026-01-28",12417333,72.5097097789427,"Aggregates","","","","Aggregates","Aggregates"
"Other small states","S4","OSS",2021,"","2026-01-28",12541889,71.7699719301416,"Aggregates","","","","Aggregates","Aggregates"
"Other small states","S4","OSS",2022,"","2026-01-28",12699005,72.9049248661262,"Aggregates","","","","Aggregates","Aggregates"
"Other small states","S4","OSS",2019,"","2026-01-28",12281907,72.6570116424877,"Aggregates","","","","Aggregates","Aggregates"
"Other small states","S4","OSS",2009,"","2026-01-28",10989567,69.0687004196222,"Aggregates","","","","Aggregates","Aggregates"
"Other small states","S4","OSS",2014,"","2026-01-28",11591200,71.0998162246591,"Aggregates","","","","Aggregates","Aggregates"
"Other small states","S4","OSS",2016,"","2026-01-28",11851918,71.7745690542754,"Aggregates","","","","Aggregates","Aggregates"
"Other small states","S4","OSS",2023,"","2026-01-28",12822134,73.5594214776897,"Aggregates","","","","Aggregates","Aggregates"
"Other small states","S4","OSS",2004,"","2026-01-28",10371059,67.2249688020829,"Aggregates","","","","Aggregates","Aggregates"
"Other small states","S4","OSS",2005,"","2026-01-28",10479844,67.5574840535073,"Aggregates","","","","Aggregates","Aggregates"
"Other small states","S4","OSS",2006,"","2026-01-28",10601352,67.8310957913256,"Aggregates","","","","Aggregates","Aggregates"
"Other small states","S4","OSS",2003,"","2026-01-28",10269557,67.0073081269231,"Aggregates","","","","Aggregates","Aggregates"
"Other small states","S4","OSS",2008,"","2026-01-28",10862640,68.5798272966725,"Aggregates","","","","Aggregates","Aggregates"
"Other small states","S4","OSS",2007,"","2026-01-28",10730365,68.1699901591827,"Aggregates","","","","Aggregates","Aggregates"
"Other small states","S4","OSS",2015,"","2026-01-28",11722398,71.4795830574543,"Aggregates","","","","Aggregates","Aggregates"
"Pacific island small states","S2","PSS",2004,"","2026-01-28",2145505,67.1038169577792,"Aggregates","","","","Aggregates","Aggregates"
"Pacific island small states","S2","PSS",2005,"","2026-01-28",2170029,67.2332794133166,"Aggregates","","","","Aggregates","Aggregates"
"Pacific island small states","S2","PSS",2003,"","2026-01-28",2120592,66.9599297545214,"Aggregates","","","","Aggregates","Aggregates"
"Pacific island small states","S2","PSS",2002,"","2026-01-28",2095273,66.7584824574172,"Aggregates","","","","Aggregates","Aggregates"
"Pacific island small states","S2","PSS",2012,"","2026-01-28",2351924,67.6660532253593,"Aggregates","","","","Aggregates","Aggregates"
"Pacific island small states","S2","PSS",2006,"","2026-01-28",2194265,67.3577049121232,"Aggregates","","","","Aggregates","Aggregates"
"Pacific island small states","S2","PSS",2001,"","2026-01-28",2069097,67.0167243338519,"Aggregates","","","","Aggregates","Aggregates"
"Pacific island small states","S2","PSS",2000,"","2026-01-28",2042274,66.8914832838297,"Aggregates","","","","Aggregates","Aggregates"
"Pacific island small states","S2","PSS",2013,"","2026-01-28",2382931,68.0054625635404,"Aggregates","","","","Aggregates","Aggregates"
"Pacific island small states","S2","PSS",2024,"","2026-01-28",2722467,NA,"Aggregates","","","","Aggregates","Aggregates"
"Pacific island small states","S2","PSS",2016,"","2026-01-28",2477794,68.2856508563666,"Aggregates","","","","Aggregates","Aggregates"
"Pacific island small states","S2","PSS",2014,"","2026-01-28",2414338,68.0376132124003,"Aggregates","","","","Aggregates","Aggregates"
"Pacific island small states","S2","PSS",2023,"","2026-01-28",2689224,69.2745949035856,"Aggregates","","","","Aggregates","Aggregates"
"Pacific island small states","S2","PSS",2008,"","2026-01-28",2240739,67.5747311016589,"Aggregates","","","","Aggregates","Aggregates"
"Pacific island small states","S2","PSS",2009,"","2026-01-28",2262456,67.4527929020498,"Aggregates","","","","Aggregates","Aggregates"
"Pacific island small states","S2","PSS",2017,"","2026-01-28",2509999,68.5192875005129,"Aggregates","","","","Aggregates","Aggregates"
"Pacific island small states","S2","PSS",2007,"","2026-01-28",2218230,67.3668379536838,"Aggregates","","","","Aggregates","Aggregates"
"Pacific island small states","S2","PSS",2015,"","2026-01-28",2445989,68.1166096033138,"Aggregates","","","","Aggregates","Aggregates"
"Pacific island small states","S2","PSS",2019,"","2026-01-28",2568656,68.6421578303985,"Aggregates","","","","Aggregates","Aggregates"
"Pacific island small states","S2","PSS",2010,"","2026-01-28",2289399,67.9059171883101,"Aggregates","","","","Aggregates","Aggregates"
"Pacific island small states","S2","PSS",2011,"","2026-01-28",2320899,68.0222810195532,"Aggregates","","","","Aggregates","Aggregates"
"Pacific island small states","S2","PSS",2018,"","2026-01-28",2542009,68.5825887890247,"Aggregates","","","","Aggregates","Aggregates"
"Pacific island small states","S2","PSS",2020,"","2026-01-28",2595522,68.3568108792759,"Aggregates","","","","Aggregates","Aggregates"
"Pacific island small states","S2","PSS",2021,"","2026-01-28",2625493,67.4810209240703,"Aggregates","","","","Aggregates","Aggregates"
"Pacific island small states","S2","PSS",2022,"","2026-01-28",2656049,69.1004348993561,"Aggregates","","","","Aggregates","Aggregates"
"Pakistan","PK","PAK",2020,"","2026-01-28",235001746,65.701,"South Asia","Islamabad","72.8","30.5167","Lower middle income","Blend"
"Pakistan","PK","PAK",2019,"","2026-01-28",230800899,66.729,"South Asia","Islamabad","72.8","30.5167","Lower middle income","Blend"
"Pakistan","PK","PAK",2000,"","2026-01-28",154879127,61.903,"South Asia","Islamabad","72.8","30.5167","Lower middle income","Blend"
"Pakistan","PK","PAK",2021,"","2026-01-28",239477801,65.773,"South Asia","Islamabad","72.8","30.5167","Lower middle income","Blend"
"Pakistan","PK","PAK",2008,"","2026-01-28",189499113,64.002,"South Asia","Islamabad","72.8","30.5167","Lower middle income","Blend"
"Pakistan","PK","PAK",2007,"","2026-01-28",184493231,63.807,"South Asia","Islamabad","72.8","30.5167","Lower middle income","Blend"
"Pakistan","PK","PAK",2009,"","2026-01-28",194376534,64.206,"South Asia","Islamabad","72.8","30.5167","Lower middle income","Blend"
"Pakistan","PK","PAK",2022,"","2026-01-28",243700667,67.417,"South Asia","Islamabad","72.8","30.5167","Lower middle income","Blend"
"Pakistan","PK","PAK",2018,"","2026-01-28",226928892,66.481,"South Asia","Islamabad","72.8","30.5167","Lower middle income","Blend"
"Pakistan","PK","PAK",2017,"","2026-01-28",223273967,66.223,"South Asia","Islamabad","72.8","30.5167","Lower middle income","Blend"
"Pakistan","PK","PAK",2003,"","2026-01-28",167110248,62.834,"South Asia","Islamabad","72.8","30.5167","Lower middle income","Blend"
"Pakistan","PK","PAK",2005,"","2026-01-28",175453212,62.416,"South Asia","Islamabad","72.8","30.5167","Lower middle income","Blend"
"Pakistan","PK","PAK",2001,"","2026-01-28",159270907,62.241,"South Asia","Islamabad","72.8","30.5167","Lower middle income","Blend"
"Pakistan","PK","PAK",2002,"","2026-01-28",163222549,62.556,"South Asia","Islamabad","72.8","30.5167","Lower middle income","Blend"
"Pakistan","PK","PAK",2012,"","2026-01-28",207667125,64.883,"South Asia","Islamabad","72.8","30.5167","Lower middle income","Blend"
"Pakistan","PK","PAK",2013,"","2026-01-28",211073978,65.129,"South Asia","Islamabad","72.8","30.5167","Lower middle income","Blend"
"Pakistan","PK","PAK",2010,"","2026-01-28",199239047,64.378,"South Asia","Islamabad","72.8","30.5167","Lower middle income","Blend"
"Pakistan","PK","PAK",2011,"","2026-01-28",203746065,64.659,"South Asia","Islamabad","72.8","30.5167","Lower middle income","Blend"
"Pakistan","PK","PAK",2016,"","2026-01-28",220138869,65.943,"South Asia","Islamabad","72.8","30.5167","Lower middle income","Blend"
"Pakistan","PK","PAK",2023,"","2026-01-28",247504495,67.649,"South Asia","Islamabad","72.8","30.5167","Lower middle income","Blend"
"Pakistan","PK","PAK",2014,"","2026-01-28",214264647,65.374,"South Asia","Islamabad","72.8","30.5167","Lower middle income","Blend"
"Pakistan","PK","PAK",2015,"","2026-01-28",217290883,65.641,"South Asia","Islamabad","72.8","30.5167","Lower middle income","Blend"
"Pakistan","PK","PAK",2004,"","2026-01-28",171286000,63.097,"South Asia","Islamabad","72.8","30.5167","Lower middle income","Blend"
"Pakistan","PK","PAK",2006,"","2026-01-28",179682690,63.624,"South Asia","Islamabad","72.8","30.5167","Lower middle income","Blend"
"Pakistan","PK","PAK",2024,"","2026-01-28",251269164,NA,"South Asia","Islamabad","72.8","30.5167","Lower middle income","Blend"
"Palau","PW","PLW",2003,"","2026-01-28",19659,65.446,"East Asia & Pacific","Koror","134.479","7.34194","High income","IBRD"
"Palau","PW","PLW",2004,"","2026-01-28",19820,65.816,"East Asia & Pacific","Koror","134.479","7.34194","High income","IBRD"
"Palau","PW","PLW",2005,"","2026-01-28",19819,66.219,"East Asia & Pacific","Koror","134.479","7.34194","High income","IBRD"
"Palau","PW","PLW",2013,"","2026-01-28",17648,68.981,"East Asia & Pacific","Koror","134.479","7.34194","High income","IBRD"
"Palau","PW","PLW",2015,"","2026-01-28",17770,69.07,"East Asia & Pacific","Koror","134.479","7.34194","High income","IBRD"
"Palau","PW","PLW",2024,"","2026-01-28",17695,NA,"East Asia & Pacific","Koror","134.479","7.34194","High income","IBRD"
"Palau","PW","PLW",2006,"","2026-01-28",19593,66.633,"East Asia & Pacific","Koror","134.479","7.34194","High income","IBRD"
"Palau","PW","PLW",2014,"","2026-01-28",17715,69.062,"East Asia & Pacific","Koror","134.479","7.34194","High income","IBRD"
"Palau","PW","PLW",2000,"","2026-01-28",19178,64.499,"East Asia & Pacific","Koror","134.479","7.34194","High income","IBRD"
"Palau","PW","PLW",2001,"","2026-01-28",19352,64.8,"East Asia & Pacific","Koror","134.479","7.34194","High income","IBRD"
"Palau","PW","PLW",2002,"","2026-01-28",19503,65.076,"East Asia & Pacific","Koror","134.479","7.34194","High income","IBRD"
"Palau","PW","PLW",2017,"","2026-01-28",17812,69.019,"East Asia & Pacific","Koror","134.479","7.34194","High income","IBRD"
"Palau","PW","PLW",2018,"","2026-01-28",17814,68.989,"East Asia & Pacific","Koror","134.479","7.34194","High income","IBRD"
"Palau","PW","PLW",2022,"","2026-01-28",17759,68.922,"East Asia & Pacific","Koror","134.479","7.34194","High income","IBRD"
"Palau","PW","PLW",2016,"","2026-01-28",17797,69.046,"East Asia & Pacific","Koror","134.479","7.34194","High income","IBRD"
"Palau","PW","PLW",2008,"","2026-01-28",19009,67.562,"East Asia & Pacific","Koror","134.479","7.34194","High income","IBRD"
"Palau","PW","PLW",2009,"","2026-01-28",18709,67.99,"East Asia & Pacific","Koror","134.479","7.34194","High income","IBRD"
"Palau","PW","PLW",2010,"","2026-01-28",18396,68.347,"East Asia & Pacific","Koror","134.479","7.34194","High income","IBRD"
"Palau","PW","PLW",2023,"","2026-01-28",17727,69.269,"East Asia & Pacific","Koror","134.479","7.34194","High income","IBRD"
"Palau","PW","PLW",2012,"","2026-01-28",17765,68.863,"East Asia & Pacific","Koror","134.479","7.34194","High income","IBRD"
"Palau","PW","PLW",2021,"","2026-01-28",17783,68.563,"East Asia & Pacific","Koror","134.479","7.34194","High income","IBRD"
"Palau","PW","PLW",2011,"","2026-01-28",18078,68.638,"East Asia & Pacific","Koror","134.479","7.34194","High income","IBRD"
"Palau","PW","PLW",2007,"","2026-01-28",19302,67.113,"East Asia & Pacific","Koror","134.479","7.34194","High income","IBRD"
"Palau","PW","PLW",2020,"","2026-01-28",17792,68.689,"East Asia & Pacific","Koror","134.479","7.34194","High income","IBRD"
"Palau","PW","PLW",2019,"","2026-01-28",17798,68.982,"East Asia & Pacific","Koror","134.479","7.34194","High income","IBRD"
"Panama","PA","PAN",2010,"","2026-01-28",3628535,76.417,"Latin America & Caribbean","Panama City","-79.5188","8.99427","High income","IBRD"
"Panama","PA","PAN",2007,"","2026-01-28",3437490,75.675,"Latin America & Caribbean","Panama City","-79.5188","8.99427","High income","IBRD"
"Panama","PA","PAN",2008,"","2026-01-28",3500648,75.937,"Latin America & Caribbean","Panama City","-79.5188","8.99427","High income","IBRD"
"Panama","PA","PAN",2009,"","2026-01-28",3564381,76.228,"Latin America & Caribbean","Panama City","-79.5188","8.99427","High income","IBRD"
"Panama","PA","PAN",2013,"","2026-01-28",3825329,77.129,"Latin America & Caribbean","Panama City","-79.5188","8.99427","High income","IBRD"
"Panama","PA","PAN",2021,"","2026-01-28",4345405,77.004,"Latin America & Caribbean","Panama City","-79.5188","8.99427","High income","IBRD"
"Panama","PA","PAN",2011,"","2026-01-28",3693505,76.659,"Latin America & Caribbean","Panama City","-79.5188","8.99427","High income","IBRD"
"Panama","PA","PAN",2006,"","2026-01-28",3375024,75.429,"Latin America & Caribbean","Panama City","-79.5188","8.99427","High income","IBRD"
"Panama","PA","PAN",2001,"","2026-01-28",3069537,73.82,"Latin America & Caribbean","Panama City","-79.5188","8.99427","High income","IBRD"
"Panama","PA","PAN",2002,"","2026-01-28",3129344,74.195,"Latin America & Caribbean","Panama City","-79.5188","8.99427","High income","IBRD"
"Panama","PA","PAN",2003,"","2026-01-28",3189807,74.567,"Latin America & Caribbean","Panama City","-79.5188","8.99427","High income","IBRD"
"Panama","PA","PAN",2012,"","2026-01-28",3759256,76.877,"Latin America & Caribbean","Panama City","-79.5188","8.99427","High income","IBRD"
"Panama","PA","PAN",2005,"","2026-01-28",3313026,75.16,"Latin America & Caribbean","Panama City","-79.5188","8.99427","High income","IBRD"
"Panama","PA","PAN",2020,"","2026-01-28",4293261,76.33,"Latin America & Caribbean","Panama City","-79.5188","8.99427","High income","IBRD"
"Panama","PA","PAN",2023,"","2026-01-28",4458759,79.594,"Latin America & Caribbean","Panama City","-79.5188","8.99427","High income","IBRD"
"Panama","PA","PAN",2004,"","2026-01-28",3251155,74.845,"Latin America & Caribbean","Panama City","-79.5188","8.99427","High income","IBRD"
"Panama","PA","PAN",2000,"","2026-01-28",3010369,73.443,"Latin America & Caribbean","Panama City","-79.5188","8.99427","High income","IBRD"
"Panama","PA","PAN",2022,"","2026-01-28",4400773,79.324,"Latin America & Caribbean","Panama City","-79.5188","8.99427","High income","IBRD"
"Panama","PA","PAN",2016,"","2026-01-28",4029086,77.772,"Latin America & Caribbean","Panama City","-79.5188","8.99427","High income","IBRD"
"Panama","PA","PAN",2017,"","2026-01-28",4098707,77.901,"Latin America & Caribbean","Panama City","-79.5188","8.99427","High income","IBRD"
"Panama","PA","PAN",2018,"","2026-01-28",4167860,78.266,"Latin America & Caribbean","Panama City","-79.5188","8.99427","High income","IBRD"
"Panama","PA","PAN",2015,"","2026-01-28",3960035,77.583,"Latin America & Caribbean","Panama City","-79.5188","8.99427","High income","IBRD"
"Panama","PA","PAN",2014,"","2026-01-28",3892101,77.365,"Latin America & Caribbean","Panama City","-79.5188","8.99427","High income","IBRD"
"Panama","PA","PAN",2019,"","2026-01-28",4234700,78.514,"Latin America & Caribbean","Panama City","-79.5188","8.99427","High income","IBRD"
"Panama","PA","PAN",2024,"","2026-01-28",4515577,NA,"Latin America & Caribbean","Panama City","-79.5188","8.99427","High income","IBRD"
"Papua New Guinea","PG","PNG",2024,"","2026-01-28",10576502,NA,"East Asia & Pacific","Port Moresby","147.194","-9.47357","Lower middle income","Blend"
"Papua New Guinea","PG","PNG",2007,"","2026-01-28",6963345,62.211,"East Asia & Pacific","Port Moresby","147.194","-9.47357","Lower middle income","Blend"
"Papua New Guinea","PG","PNG",2022,"","2026-01-28",10203169,65.274,"East Asia & Pacific","Port Moresby","147.194","-9.47357","Lower middle income","Blend"
"Papua New Guinea","PG","PNG",2023,"","2026-01-28",10389635,66.134,"East Asia & Pacific","Port Moresby","147.194","-9.47357","Lower middle income","Blend"
"Papua New Guinea","PG","PNG",2008,"","2026-01-28",7183002,62.511,"East Asia & Pacific","Port Moresby","147.194","-9.47357","Lower middle income","Blend"
"Papua New Guinea","PG","PNG",2009,"","2026-01-28",7406438,62.772,"East Asia & Pacific","Port Moresby","147.194","-9.47357","Lower middle income","Blend"
"Papua New Guinea","PG","PNG",2010,"","2026-01-28",7633523,63.056,"East Asia & Pacific","Port Moresby","147.194","-9.47357","Lower middle income","Blend"
"Papua New Guinea","PG","PNG",2017,"","2026-01-28",9178714,64.923,"East Asia & Pacific","Port Moresby","147.194","-9.47357","Lower middle income","Blend"
"Papua New Guinea","PG","PNG",2018,"","2026-01-28",9394513,65.114,"East Asia & Pacific","Port Moresby","147.194","-9.47357","Lower middle income","Blend"
"Papua New Guinea","PG","PNG",2015,"","2026-01-28",8743246,64.473,"East Asia & Pacific","Port Moresby","147.194","-9.47357","Lower middle income","Blend"
"Papua New Guinea","PG","PNG",2016,"","2026-01-28",8961718,64.7,"East Asia & Pacific","Port Moresby","147.194","-9.47357","Lower middle income","Blend"
"Papua New Guinea","PG","PNG",2021,"","2026-01-28",10012896,64.358,"East Asia & Pacific","Port Moresby","147.194","-9.47357","Lower middle income","Blend"
"Papua New Guinea","PG","PNG",2011,"","2026-01-28",7859346,63.382,"East Asia & Pacific","Port Moresby","147.194","-9.47357","Lower middle income","Blend"
"Papua New Guinea","PG","PNG",2019,"","2026-01-28",9609010,65.331,"East Asia & Pacific","Port Moresby","147.194","-9.47357","Lower middle income","Blend"
"Papua New Guinea","PG","PNG",2020,"","2026-01-28",9815746,65.075,"East Asia & Pacific","Port Moresby","147.194","-9.47357","Lower middle income","Blend"
"Papua New Guinea","PG","PNG",2001,"","2026-01-28",5728435,61.647,"East Asia & Pacific","Port Moresby","147.194","-9.47357","Lower middle income","Blend"
"Papua New Guinea","PG","PNG",2002,"","2026-01-28",5924003,61.643,"East Asia & Pacific","Port Moresby","147.194","-9.47357","Lower middle income","Blend"
"Papua New Guinea","PG","PNG",2014,"","2026-01-28",8523441,64.198,"East Asia & Pacific","Port Moresby","147.194","-9.47357","Lower middle income","Blend"
"Papua New Guinea","PG","PNG",2000,"","2026-01-28",5537064,61.609,"East Asia & Pacific","Port Moresby","147.194","-9.47357","Lower middle income","Blend"
"Papua New Guinea","PG","PNG",2005,"","2026-01-28",6535905,61.868,"East Asia & Pacific","Port Moresby","147.194","-9.47357","Lower middle income","Blend"
"Papua New Guinea","PG","PNG",2006,"","2026-01-28",6747720,62.018,"East Asia & Pacific","Port Moresby","147.194","-9.47357","Lower middle income","Blend"
"Papua New Guinea","PG","PNG",2003,"","2026-01-28",6123997,61.741,"East Asia & Pacific","Port Moresby","147.194","-9.47357","Lower middle income","Blend"
"Papua New Guinea","PG","PNG",2004,"","2026-01-28",6328041,61.795,"East Asia & Pacific","Port Moresby","147.194","-9.47357","Lower middle income","Blend"
"Papua New Guinea","PG","PNG",2013,"","2026-01-28",8302698,63.927,"East Asia & Pacific","Port Moresby","147.194","-9.47357","Lower middle income","Blend"
"Papua New Guinea","PG","PNG",2012,"","2026-01-28",8081390,63.639,"East Asia & Pacific","Port Moresby","147.194","-9.47357","Lower middle income","Blend"
"Paraguay","PY","PRY",2001,"","2026-01-28",5187689,70.281,"Latin America & Caribbean","Asuncion","-57.6362","-25.3005","Upper middle income","IBRD"
"Paraguay","PY","PRY",2011,"","2026-01-28",5814626,72.787,"Latin America & Caribbean","Asuncion","-57.6362","-25.3005","Upper middle income","IBRD"
"Paraguay","PY","PRY",2000,"","2026-01-28",5100868,70.026,"Latin America & Caribbean","Asuncion","-57.6362","-25.3005","Upper middle income","IBRD"
"Paraguay","PY","PRY",2010,"","2026-01-28",5737971,72.551,"Latin America & Caribbean","Asuncion","-57.6362","-25.3005","Upper middle income","IBRD"
"Paraguay","PY","PRY",2021,"","2026-01-28",6684182,68.108,"Latin America & Caribbean","Asuncion","-57.6362","-25.3005","Upper middle income","IBRD"
"Paraguay","PY","PRY",2002,"","2026-01-28",5261328,70.539,"Latin America & Caribbean","Asuncion","-57.6362","-25.3005","Upper middle income","IBRD"
"Paraguay","PY","PRY",2003,"","2026-01-28",5326436,70.795,"Latin America & Caribbean","Asuncion","-57.6362","-25.3005","Upper middle income","IBRD"
"Paraguay","PY","PRY",2012,"","2026-01-28",5897008,73.105,"Latin America & Caribbean","Asuncion","-57.6362","-25.3005","Upper middle income","IBRD"
"Paraguay","PY","PRY",2013,"","2026-01-28",5982445,73.292,"Latin America & Caribbean","Asuncion","-57.6362","-25.3005","Upper middle income","IBRD"
"Paraguay","PY","PRY",2022,"","2026-01-28",6760464,72.319,"Latin America & Caribbean","Asuncion","-57.6362","-25.3005","Upper middle income","IBRD"
"Paraguay","PY","PRY",2023,"","2026-01-28",6844146,73.844,"Latin America & Caribbean","Asuncion","-57.6362","-25.3005","Upper middle income","IBRD"
"Paraguay","PY","PRY",2015,"","2026-01-28",6159103,73.454,"Latin America & Caribbean","Asuncion","-57.6362","-25.3005","Upper middle income","IBRD"
"Paraguay","PY","PRY",2005,"","2026-01-28",5448097,71.317,"Latin America & Caribbean","Asuncion","-57.6362","-25.3005","Upper middle income","IBRD"
"Paraguay","PY","PRY",2006,"","2026-01-28",5505148,71.584,"Latin America & Caribbean","Asuncion","-57.6362","-25.3005","Upper middle income","IBRD"
"Paraguay","PY","PRY",2007,"","2026-01-28",5559386,71.817,"Latin America & Caribbean","Asuncion","-57.6362","-25.3005","Upper middle income","IBRD"
"Paraguay","PY","PRY",2008,"","2026-01-28",5613574,72.047,"Latin America & Caribbean","Asuncion","-57.6362","-25.3005","Upper middle income","IBRD"
"Paraguay","PY","PRY",2009,"","2026-01-28",5671236,72.282,"Latin America & Caribbean","Asuncion","-57.6362","-25.3005","Upper middle income","IBRD"
"Paraguay","PY","PRY",2016,"","2026-01-28",6249126,73.487,"Latin America & Caribbean","Asuncion","-57.6362","-25.3005","Upper middle income","IBRD"
"Paraguay","PY","PRY",2004,"","2026-01-28",5388175,71.054,"Latin America & Caribbean","Asuncion","-57.6362","-25.3005","Upper middle income","IBRD"
"Paraguay","PY","PRY",2014,"","2026-01-28",6069811,73.415,"Latin America & Caribbean","Asuncion","-57.6362","-25.3005","Upper middle income","IBRD"
"Paraguay","PY","PRY",2024,"","2026-01-28",6929153,NA,"Latin America & Caribbean","Asuncion","-57.6362","-25.3005","Upper middle income","IBRD"
"Paraguay","PY","PRY",2020,"","2026-01-28",6603739,72.72,"Latin America & Caribbean","Asuncion","-57.6362","-25.3005","Upper middle income","IBRD"
"Paraguay","PY","PRY",2017,"","2026-01-28",6338660,73.45,"Latin America & Caribbean","Asuncion","-57.6362","-25.3005","Upper middle income","IBRD"
"Paraguay","PY","PRY",2018,"","2026-01-28",6427382,73.627,"Latin America & Caribbean","Asuncion","-57.6362","-25.3005","Upper middle income","IBRD"
"Paraguay","PY","PRY",2019,"","2026-01-28",6515058,73.668,"Latin America & Caribbean","Asuncion","-57.6362","-25.3005","Upper middle income","IBRD"
"Peru","PE","PER",2014,"","2026-01-28",30115826,75.26,"Latin America & Caribbean","Lima","-77.0465","-12.0931","Upper middle income","IBRD"
"Peru","PE","PER",2015,"","2026-01-28",30457600,75.732,"Latin America & Caribbean","Lima","-77.0465","-12.0931","Upper middle income","IBRD"
"Peru","PE","PER",2016,"","2026-01-28",30866494,75.951,"Latin America & Caribbean","Lima","-77.0465","-12.0931","Upper middle income","IBRD"
"Peru","PE","PER",2019,"","2026-01-28",32449303,76.275,"Latin America & Caribbean","Lima","-77.0465","-12.0931","Upper middle income","IBRD"
"Peru","PE","PER",2018,"","2026-01-28",31897584,76.018,"Latin America & Caribbean","Lima","-77.0465","-12.0931","Upper middle income","IBRD"
"Peru","PE","PER",2013,"","2026-01-28",29817919,74.591,"Latin America & Caribbean","Lima","-77.0465","-12.0931","Upper middle income","IBRD"
"Peru","PE","PER",2001,"","2026-01-28",26964601,70.315,"Latin America & Caribbean","Lima","-77.0465","-12.0931","Upper middle income","IBRD"
"Peru","PE","PER",2005,"","2026-01-28",28101180,71.988,"Latin America & Caribbean","Lima","-77.0465","-12.0931","Upper middle income","IBRD"
"Peru","PE","PER",2017,"","2026-01-28",31324637,75.958,"Latin America & Caribbean","Lima","-77.0465","-12.0931","Upper middle income","IBRD"
"Peru","PE","PER",2000,"","2026-01-28",26598331,69.821,"Latin America & Caribbean","Lima","-77.0465","-12.0931","Upper middle income","IBRD"
"Peru","PE","PER",2008,"","2026-01-28",28719041,72.743,"Latin America & Caribbean","Lima","-77.0465","-12.0931","Upper middle income","IBRD"
"Peru","PE","PER",2009,"","2026-01-28",28896811,72.631,"Latin America & Caribbean","Lima","-77.0465","-12.0931","Upper middle income","IBRD"
"Peru","PE","PER",2006,"","2026-01-28",28324491,72.337,"Latin America & Caribbean","Lima","-77.0465","-12.0931","Upper middle income","IBRD"
"Peru","PE","PER",2007,"","2026-01-28",28530699,72.746,"Latin America & Caribbean","Lima","-77.0465","-12.0931","Upper middle income","IBRD"
"Peru","PE","PER",2012,"","2026-01-28",29550366,73.979,"Latin America & Caribbean","Lima","-77.0465","-12.0931","Upper middle income","IBRD"
"Peru","PE","PER",2020,"","2026-01-28",32838579,73.832,"Latin America & Caribbean","Lima","-77.0465","-12.0931","Upper middle income","IBRD"
"Peru","PE","PER",2010,"","2026-01-28",29086019,72.886,"Latin America & Caribbean","Lima","-77.0465","-12.0931","Upper middle income","IBRD"
"Peru","PE","PER",2011,"","2026-01-28",29304086,73.327,"Latin America & Caribbean","Lima","-77.0465","-12.0931","Upper middle income","IBRD"
"Peru","PE","PER",2023,"","2026-01-28",33845617,77.74,"Latin America & Caribbean","Lima","-77.0465","-12.0931","Upper middle income","IBRD"
"Peru","PE","PER",2024,"","2026-01-28",34217848,NA,"Latin America & Caribbean","Lima","-77.0465","-12.0931","Upper middle income","IBRD"
"Peru","PE","PER",2002,"","2026-01-28",27288217,70.815,"Latin America & Caribbean","Lima","-77.0465","-12.0931","Upper middle income","IBRD"
"Peru","PE","PER",2004,"","2026-01-28",27852190,71.447,"Latin America & Caribbean","Lima","-77.0465","-12.0931","Upper middle income","IBRD"
"Peru","PE","PER",2003,"","2026-01-28",27580490,71.278,"Latin America & Caribbean","Lima","-77.0465","-12.0931","Upper middle income","IBRD"
"Peru","PE","PER",2021,"","2026-01-28",33155882,71.596,"Latin America & Caribbean","Lima","-77.0465","-12.0931","Upper middle income","IBRD"
"Peru","PE","PER",2022,"","2026-01-28",33475438,76.834,"Latin America & Caribbean","Lima","-77.0465","-12.0931","Upper middle income","IBRD"
"Philippines","PH","PHL",2001,"","2026-01-28",81401488,67.829,"East Asia & Pacific","Manila","121.035","14.5515","Lower middle income","IBRD"
"Philippines","PH","PHL",2000,"","2026-01-28",79625397,67.789,"East Asia & Pacific","Manila","121.035","14.5515","Lower middle income","IBRD"
"Philippines","PH","PHL",2010,"","2026-01-28",96337125,68.883,"East Asia & Pacific","Manila","121.035","14.5515","Lower middle income","IBRD"
"Philippines","PH","PHL",2011,"","2026-01-28",98248614,69.096,"East Asia & Pacific","Manila","121.035","14.5515","Lower middle income","IBRD"
"Philippines","PH","PHL",2012,"","2026-01-28",100175512,69.237,"East Asia & Pacific","Manila","121.035","14.5515","Lower middle income","IBRD"
"Philippines","PH","PHL",2002,"","2026-01-28",83068889,67.886,"East Asia & Pacific","Manila","121.035","14.5515","Lower middle income","IBRD"
"Philippines","PH","PHL",2003,"","2026-01-28",84731835,68.049,"East Asia & Pacific","Manila","121.035","14.5515","Lower middle income","IBRD"
"Philippines","PH","PHL",2014,"","2026-01-28",103767130,69.311,"East Asia & Pacific","Manila","121.035","14.5515","Lower middle income","IBRD"
"Philippines","PH","PHL",2015,"","2026-01-28",105312992,69.45,"East Asia & Pacific","Manila","121.035","14.5515","Lower middle income","IBRD"
"Philippines","PH","PHL",2020,"","2026-01-28",112081264,70.097,"East Asia & Pacific","Manila","121.035","14.5515","Lower middle income","IBRD"
"Philippines","PH","PHL",2013,"","2026-01-28",102076336,69.283,"East Asia & Pacific","Manila","121.035","14.5515","Lower middle income","IBRD"
"Philippines","PH","PHL",2021,"","2026-01-28",113100950,66.675,"East Asia & Pacific","Manila","121.035","14.5515","Lower middle income","IBRD"
"Philippines","PH","PHL",2022,"","2026-01-28",113964338,69.472,"East Asia & Pacific","Manila","121.035","14.5515","Lower middle income","IBRD"
"Philippines","PH","PHL",2023,"","2026-01-28",114891199,69.833,"East Asia & Pacific","Manila","121.035","14.5515","Lower middle income","IBRD"
"Philippines","PH","PHL",2019,"","2026-01-28",110804683,69.68,"East Asia & Pacific","Manila","121.035","14.5515","Lower middle income","IBRD"
"Philippines","PH","PHL",2009,"","2026-01-28",94384250,68.631,"East Asia & Pacific","Manila","121.035","14.5515","Lower middle income","IBRD"
"Philippines","PH","PHL",2005,"","2026-01-28",88015962,68.423,"East Asia & Pacific","Manila","121.035","14.5515","Lower middle income","IBRD"
"Philippines","PH","PHL",2006,"","2026-01-28",89508986,68.172,"East Asia & Pacific","Manila","121.035","14.5515","Lower middle income","IBRD"
"Philippines","PH","PHL",2024,"","2026-01-28",115843670,NA,"East Asia & Pacific","Manila","121.035","14.5515","Lower middle income","IBRD"
"Philippines","PH","PHL",2004,"","2026-01-28",86394504,68.301,"East Asia & Pacific","Manila","121.035","14.5515","Lower middle income","IBRD"
"Philippines","PH","PHL",2017,"","2026-01-28",108119693,69.966,"East Asia & Pacific","Manila","121.035","14.5515","Lower middle income","IBRD"
"Philippines","PH","PHL",2018,"","2026-01-28",109465287,69.761,"East Asia & Pacific","Manila","121.035","14.5515","Lower middle income","IBRD"
"Philippines","PH","PHL",2016,"","2026-01-28",106735719,69.49,"East Asia & Pacific","Manila","121.035","14.5515","Lower middle income","IBRD"
"Philippines","PH","PHL",2008,"","2026-01-28",92699095,68.643,"East Asia & Pacific","Manila","121.035","14.5515","Lower middle income","IBRD"
"Philippines","PH","PHL",2007,"","2026-01-28",91075184,68.549,"East Asia & Pacific","Manila","121.035","14.5515","Lower middle income","IBRD"
"Poland","PL","POL",2005,"","2026-01-28",38165445,74.9951219512195,"Europe & Central Asia","Warsaw","21.02","52.26","High income","IBRD"
"Poland","PL","POL",2006,"","2026-01-28",38141267,75.1439024390244,"Europe & Central Asia","Warsaw","21.02","52.26","High income","IBRD"
"Poland","PL","POL",2004,"","2026-01-28",38182222,74.8463414634146,"Europe & Central Asia","Warsaw","21.02","52.26","High income","IBRD"
"Poland","PL","POL",2002,"","2026-01-28",38230364,74.4975609756098,"Europe & Central Asia","Warsaw","21.02","52.26","High income","IBRD"
"Poland","PL","POL",2003,"","2026-01-28",38204570,74.5975609756098,"Europe & Central Asia","Warsaw","21.02","52.26","High income","IBRD"
"Poland","PL","POL",2017,"","2026-01-28",37974826,77.7536585365854,"Europe & Central Asia","Warsaw","21.02","52.26","High income","IBRD"
"Poland","PL","POL",2007,"","2026-01-28",38120560,75.2439024390244,"Europe & Central Asia","Warsaw","21.02","52.26","High income","IBRD"
"Poland","PL","POL",2008,"","2026-01-28",38125759,75.5439024390244,"Europe & Central Asia","Warsaw","21.02","52.26","High income","IBRD"
"Poland","PL","POL",2009,"","2026-01-28",38151603,75.6951219512195,"Europe & Central Asia","Warsaw","21.02","52.26","High income","IBRD"
"Poland","PL","POL",2016,"","2026-01-28",37970087,77.8512195121951,"Europe & Central Asia","Warsaw","21.02","52.26","High income","IBRD"
"Poland","PL","POL",2018,"","2026-01-28",37974750,77.6024390243903,"Europe & Central Asia","Warsaw","21.02","52.26","High income","IBRD"
"Poland","PL","POL",2000,"","2026-01-28",38258629,73.7487804878049,"Europe & Central Asia","Warsaw","21.02","52.26","High income","IBRD"
"Poland","PL","POL",2001,"","2026-01-28",38248076,74.2,"Europe & Central Asia","Warsaw","21.02","52.26","High income","IBRD"
"Poland","PL","POL",2011,"","2026-01-28",38063255,76.6951219512195,"Europe & Central Asia","Warsaw","21.02","52.26","High income","IBRD"
"Poland","PL","POL",2012,"","2026-01-28",38063164,76.7463414634146,"Europe & Central Asia","Warsaw","21.02","52.26","High income","IBRD"
"Poland","PL","POL",2013,"","2026-01-28",38040196,77,"Europe & Central Asia","Warsaw","21.02","52.26","High income","IBRD"
"Poland","PL","POL",2014,"","2026-01-28",38011735,77.6024390243903,"Europe & Central Asia","Warsaw","21.02","52.26","High income","IBRD"
"Poland","PL","POL",2015,"","2026-01-28",37986412,77.4512195121951,"Europe & Central Asia","Warsaw","21.02","52.26","High income","IBRD"
"Poland","PL","POL",2020,"","2026-01-28",37515748,76.4,"Europe & Central Asia","Warsaw","21.02","52.26","High income","IBRD"
"Poland","PL","POL",2021,"","2026-01-28",36981559,75.3512195121951,"Europe & Central Asia","Warsaw","21.02","52.26","High income","IBRD"
"Poland","PL","POL",2010,"","2026-01-28",38042794,76.2463414634146,"Europe & Central Asia","Warsaw","21.02","52.26","High income","IBRD"
"Poland","PL","POL",2019,"","2026-01-28",37965475,77.9048780487805,"Europe & Central Asia","Warsaw","21.02","52.26","High income","IBRD"
"Poland","PL","POL",2024,"","2026-01-28",36559233,NA,"Europe & Central Asia","Warsaw","21.02","52.26","High income","IBRD"
"Poland","PL","POL",2022,"","2026-01-28",36821749,77.1560975609756,"Europe & Central Asia","Warsaw","21.02","52.26","High income","IBRD"
"Poland","PL","POL",2023,"","2026-01-28",36687353,78.5073170731707,"Europe & Central Asia","Warsaw","21.02","52.26","High income","IBRD"
"Portugal","PT","PRT",2021,"","2026-01-28",10361831,81.3780487804878,"Europe & Central Asia","Lisbon","-9.13552","38.7072","High income","Not classified"
"Portugal","PT","PRT",2020,"","2026-01-28",10297081,81.3292682926829,"Europe & Central Asia","Lisbon","-9.13552","38.7072","High income","Not classified"
"Portugal","PT","PRT",2019,"","2026-01-28",10286263,81.6756097560976,"Europe & Central Asia","Lisbon","-9.13552","38.7072","High income","Not classified"
"Portugal","PT","PRT",2022,"","2026-01-28",10434332,81.6317073170732,"Europe & Central Asia","Lisbon","-9.13552","38.7072","High income","Not classified"
"Portugal","PT","PRT",2023,"","2026-01-28",10578174,82.2804878048781,"Europe & Central Asia","Lisbon","-9.13552","38.7072","High income","Not classified"
"Portugal","PT","PRT",2018,"","2026-01-28",10283822,81.3243902439024,"Europe & Central Asia","Lisbon","-9.13552","38.7072","High income","Not classified"
"Portugal","PT","PRT",2024,"","2026-01-28",10694681,NA,"Europe & Central Asia","Lisbon","-9.13552","38.7072","High income","Not classified"
"Portugal","PT","PRT",2017,"","2026-01-28",10300300,81.4243902439025,"Europe & Central Asia","Lisbon","-9.13552","38.7072","High income","Not classified"
"Portugal","PT","PRT",2003,"","2026-01-28",10458821,77.219512195122,"Europe & Central Asia","Lisbon","-9.13552","38.7072","High income","Not classified"
"Portugal","PT","PRT",2004,"","2026-01-28",10483861,77.6707317073171,"Europe & Central Asia","Lisbon","-9.13552","38.7072","High income","Not classified"
"Portugal","PT","PRT",2015,"","2026-01-28",10358076,81.1243902439025,"Europe & Central Asia","Lisbon","-9.13552","38.7072","High income","Not classified"
"Portugal","PT","PRT",2016,"","2026-01-28",10325452,81.1243902439025,"Europe & Central Asia","Lisbon","-9.13552","38.7072","High income","Not classified"
"Portugal","PT","PRT",2002,"","2026-01-28",10419631,77.0658536585366,"Europe & Central Asia","Lisbon","-9.13552","38.7072","High income","Not classified"
"Portugal","PT","PRT",2009,"","2026-01-28",10568247,78.7268292682927,"Europe & Central Asia","Lisbon","-9.13552","38.7072","High income","Not classified"
"Portugal","PT","PRT",2010,"","2026-01-28",10573100,79.0268292682927,"Europe & Central Asia","Lisbon","-9.13552","38.7072","High income","Not classified"
"Portugal","PT","PRT",2005,"","2026-01-28",10503330,78.0707317073171,"Europe & Central Asia","Lisbon","-9.13552","38.7072","High income","Not classified"
"Portugal","PT","PRT",2006,"","2026-01-28",10522288,78.419512195122,"Europe & Central Asia","Lisbon","-9.13552","38.7072","High income","Not classified"
"Portugal","PT","PRT",2013,"","2026-01-28",10457295,80.7219512195122,"Europe & Central Asia","Lisbon","-9.13552","38.7072","High income","Not classified"
"Portugal","PT","PRT",2014,"","2026-01-28",10401062,81.1219512195122,"Europe & Central Asia","Lisbon","-9.13552","38.7072","High income","Not classified"
"Portugal","PT","PRT",2011,"","2026-01-28",10557560,80.4707317073171,"Europe & Central Asia","Lisbon","-9.13552","38.7072","High income","Not classified"
"Portugal","PT","PRT",2012,"","2026-01-28",10514844,80.3731707317073,"Europe & Central Asia","Lisbon","-9.13552","38.7072","High income","Not classified"
"Portugal","PT","PRT",2007,"","2026-01-28",10542964,78.3219512195122,"Europe & Central Asia","Lisbon","-9.13552","38.7072","High income","Not classified"
"Portugal","PT","PRT",2000,"","2026-01-28",10289898,76.3146341463415,"Europe & Central Asia","Lisbon","-9.13552","38.7072","High income","Not classified"
"Portugal","PT","PRT",2001,"","2026-01-28",10362722,76.8146341463415,"Europe & Central Asia","Lisbon","-9.13552","38.7072","High income","Not classified"
"Portugal","PT","PRT",2008,"","2026-01-28",10558177,78.5243902439025,"Europe & Central Asia","Lisbon","-9.13552","38.7072","High income","Not classified"
"Post-demographic dividend","V4","PST",2007,"","2026-01-28",1059147302,78.9805173339684,"Aggregates","","","","Aggregates","Aggregates"
"Post-demographic dividend","V4","PST",2006,"","2026-01-28",1052866351,78.7291498117515,"Aggregates","","","","Aggregates","Aggregates"
"Post-demographic dividend","V4","PST",2008,"","2026-01-28",1065603711,79.1456240590947,"Aggregates","","","","Aggregates","Aggregates"
"Post-demographic dividend","V4","PST",2020,"","2026-01-28",1117007476,80.0658791727843,"Aggregates","","","","Aggregates","Aggregates"
"Post-demographic dividend","V4","PST",2009,"","2026-01-28",1071118156,79.4684041481196,"Aggregates","","","","Aggregates","Aggregates"
"Post-demographic dividend","V4","PST",2018,"","2026-01-28",1111377470,80.7442826647034,"Aggregates","","","","Aggregates","Aggregates"
"Post-demographic dividend","V4","PST",2019,"","2026-01-28",1114898817,80.9700846681541,"Aggregates","","","","Aggregates","Aggregates"
"Post-demographic dividend","V4","PST",2011,"","2026-01-28",1079468050,79.9443824717695,"Aggregates","","","","Aggregates","Aggregates"
"Post-demographic dividend","V4","PST",2001,"","2026-01-28",1026105872,77.6340698596268,"Aggregates","","","","Aggregates","Aggregates"
"Post-demographic dividend","V4","PST",2002,"","2026-01-28",1031302538,77.771842585777,"Aggregates","","","","Aggregates","Aggregates"
"Post-demographic dividend","V4","PST",2003,"","2026-01-28",1036498631,77.8873480039422,"Aggregates","","","","Aggregates","Aggregates"
"Post-demographic dividend","V4","PST",2004,"","2026-01-28",1041890752,78.3070690267902,"Aggregates","","","","Aggregates","Aggregates"
"Post-demographic dividend","V4","PST",2005,"","2026-01-28",1047140108,78.410884260835,"Aggregates","","","","Aggregates","Aggregates"
"Post-demographic dividend","V4","PST",2017,"","2026-01-28",1107161559,80.6650553844053,"Aggregates","","","","Aggregates","Aggregates"
"Post-demographic dividend","V4","PST",2000,"","2026-01-28",1021150563,77.3513756471437,"Aggregates","","","","Aggregates","Aggregates"
"Post-demographic dividend","V4","PST",2010,"","2026-01-28",1076208648,79.6785405516336,"Aggregates","","","","Aggregates","Aggregates"
"Post-demographic dividend","V4","PST",2024,"","2026-01-28",1128377826,NA,"Aggregates","","","","Aggregates","Aggregates"
"Post-demographic dividend","V4","PST",2021,"","2026-01-28",1116582773,79.7955238788416,"Aggregates","","","","Aggregates","Aggregates"
"Post-demographic dividend","V4","PST",2013,"","2026-01-28",1088424167,80.2734415662981,"Aggregates","","","","Aggregates","Aggregates"
"Post-demographic dividend","V4","PST",2014,"","2026-01-28",1093025476,80.5390454613178,"Aggregates","","","","Aggregates","Aggregates"
"Post-demographic dividend","V4","PST",2015,"","2026-01-28",1097890139,80.4400997313335,"Aggregates","","","","Aggregates","Aggregates"
"Post-demographic dividend","V4","PST",2012,"","2026-01-28",1084193277,80.088710974095,"Aggregates","","","","Aggregates","Aggregates"
"Post-demographic dividend","V4","PST",2022,"","2026-01-28",1117394729,80.1977878300116,"Aggregates","","","","Aggregates","Aggregates"
"Post-demographic dividend","V4","PST",2023,"","2026-01-28",1121315547,80.8230563837636,"Aggregates","","","","Aggregates","Aggregates"
"Post-demographic dividend","V4","PST",2016,"","2026-01-28",1102966925,80.6112411501517,"Aggregates","","","","Aggregates","Aggregates"
"Pre-demographic dividend","V1","PRE",2011,"","2026-01-28",774567417,57.3118533177816,"Aggregates","","","","Aggregates","Aggregates"
"Pre-demographic dividend","V1","PRE",2010,"","2026-01-28",752046672,57.1219983597813,"Aggregates","","","","Aggregates","Aggregates"
"Pre-demographic dividend","V1","PRE",2012,"","2026-01-28",798002725,58.0153462397337,"Aggregates","","","","Aggregates","Aggregates"
"Pre-demographic dividend","V1","PRE",2013,"","2026-01-28",822138419,58.4503631169364,"Aggregates","","","","Aggregates","Aggregates"
"Pre-demographic dividend","V1","PRE",2023,"","2026-01-28",1078224044,62.1636298902791,"Aggregates","","","","Aggregates","Aggregates"
"Pre-demographic dividend","V1","PRE",2014,"","2026-01-28",846420736,58.6086588197397,"Aggregates","","","","Aggregates","Aggregates"
"Pre-demographic dividend","V1","PRE",2009,"","2026-01-28",730293963,56.5093390786225,"Aggregates","","","","Aggregates","Aggregates"
"Pre-demographic dividend","V1","PRE",2022,"","2026-01-28",1051201551,61.3832880029503,"Aggregates","","","","Aggregates","Aggregates"
"Pre-demographic dividend","V1","PRE",2015,"","2026-01-28",870587800,58.93626650033,"Aggregates","","","","Aggregates","Aggregates"
"Pre-demographic dividend","V1","PRE",2003,"","2026-01-28",614269146,53.2939035756388,"Aggregates","","","","Aggregates","Aggregates"
"Pre-demographic dividend","V1","PRE",2004,"","2026-01-28",632445407,53.8000182623905,"Aggregates","","","","Aggregates","Aggregates"
"Pre-demographic dividend","V1","PRE",2005,"","2026-01-28",651320620,54.3659843800477,"Aggregates","","","","Aggregates","Aggregates"
"Pre-demographic dividend","V1","PRE",2006,"","2026-01-28",670229212,54.9719247303041,"Aggregates","","","","Aggregates","Aggregates"
"Pre-demographic dividend","V1","PRE",2007,"","2026-01-28",688722596,55.5507681291351,"Aggregates","","","","Aggregates","Aggregates"
"Pre-demographic dividend","V1","PRE",2008,"","2026-01-28",708796270,56.1357406037774,"Aggregates","","","","Aggregates","Aggregates"
"Pre-demographic dividend","V1","PRE",2021,"","2026-01-28",1024960313,60.2752505117259,"Aggregates","","","","Aggregates","Aggregates"
"Pre-demographic dividend","V1","PRE",2001,"","2026-01-28",578587390,52.2521572447682,"Aggregates","","","","Aggregates","Aggregates"
"Pre-demographic dividend","V1","PRE",2002,"","2026-01-28",596114535,52.7423973946282,"Aggregates","","","","Aggregates","Aggregates"
"Pre-demographic dividend","V1","PRE",2019,"","2026-01-28",972302503,60.5568008955552,"Aggregates","","","","Aggregates","Aggregates"
"Pre-demographic dividend","V1","PRE",2024,"","2026-01-28",1105951788,NA,"Aggregates","","","","Aggregates","Aggregates"
"Pre-demographic dividend","V1","PRE",2017,"","2026-01-28",920568701,59.5402350736624,"Aggregates","","","","Aggregates","Aggregates"
"Pre-demographic dividend","V1","PRE",2018,"","2026-01-28",946317177,60.2074724802348,"Aggregates","","","","Aggregates","Aggregates"
"Pre-demographic dividend","V1","PRE",2000,"","2026-01-28",562428025,51.7515478288284,"Aggregates","","","","Aggregates","Aggregates"
"Pre-demographic dividend","V1","PRE",2016,"","2026-01-28",895239872,59.2363562400827,"Aggregates","","","","Aggregates","Aggregates"
"Pre-demographic dividend","V1","PRE",2020,"","2026-01-28",998624261,60.5012070014439,"Aggregates","","","","Aggregates","Aggregates"
"Puerto Rico (US)","PR","PRI",2000,"","2026-01-28",3810605,75.514,NA,NA,NA,NA,NA,NA
"Puerto Rico (US)","PR","PRI",2001,"","2026-01-28",3818774,75.972,NA,NA,NA,NA,NA,NA
"Puerto Rico (US)","PR","PRI",2002,"","2026-01-28",3823701,76.819,NA,NA,NA,NA,NA,NA
"Puerto Rico (US)","PR","PRI",2003,"","2026-01-28",3826095,76.941,NA,NA,NA,NA,NA,NA
"Puerto Rico (US)","PR","PRI",2004,"","2026-01-28",3826878,76.913,NA,NA,NA,NA,NA,NA
"Puerto Rico (US)","PR","PRI",2005,"","2026-01-28",3821362,76.703,NA,NA,NA,NA,NA,NA
"Puerto Rico (US)","PR","PRI",2006,"","2026-01-28",3805214,77.561,NA,NA,NA,NA,NA,NA
"Puerto Rico (US)","PR","PRI",2007,"","2026-01-28",3782995,77.659,NA,NA,NA,NA,NA,NA
"Puerto Rico (US)","PR","PRI",2008,"","2026-01-28",3760866,78.111,NA,NA,NA,NA,NA,NA
"Puerto Rico (US)","PR","PRI",2009,"","2026-01-28",3740410,78.377,NA,NA,NA,NA,NA,NA
"Puerto Rico (US)","PR","PRI",2010,"","2026-01-28",3724465,78.717,NA,NA,NA,NA,NA,NA
"Puerto Rico (US)","PR","PRI",2011,"","2026-01-28",3693464,78.766,NA,NA,NA,NA,NA,NA
"Puerto Rico (US)","PR","PRI",2012,"","2026-01-28",3661045,79.258,NA,NA,NA,NA,NA,NA
"Puerto Rico (US)","PR","PRI",2013,"","2026-01-28",3631427,80.318,NA,NA,NA,NA,NA,NA
"Puerto Rico (US)","PR","PRI",2014,"","2026-01-28",3585017,80.039,NA,NA,NA,NA,NA,NA
"Puerto Rico (US)","PR","PRI",2015,"","2026-01-28",3535167,80.677,NA,NA,NA,NA,NA,NA
"Puerto Rico (US)","PR","PRI",2016,"","2026-01-28",3480432,80.355,NA,NA,NA,NA,NA,NA
"Puerto Rico (US)","PR","PRI",2017,"","2026-01-28",3410837,79.07,NA,NA,NA,NA,NA,NA
"Puerto Rico (US)","PR","PRI",2018,"","2026-01-28",3290690,81.086,NA,NA,NA,NA,NA,NA
"Puerto Rico (US)","PR","PRI",2019,"","2026-01-28",3302691,81.438,NA,NA,NA,NA,NA,NA
"Puerto Rico (US)","PR","PRI",2020,"","2026-01-28",3281590,80.009,NA,NA,NA,NA,NA,NA
"Puerto Rico (US)","PR","PRI",2021,"","2026-01-28",3262711,79.77,NA,NA,NA,NA,NA,NA
"Puerto Rico (US)","PR","PRI",2022,"","2026-01-28",3220137,79.427,NA,NA,NA,NA,NA,NA
"Puerto Rico (US)","PR","PRI",2023,"","2026-01-28",3203792,81.69,NA,NA,NA,NA,NA,NA
"Puerto Rico (US)","PR","PRI",2024,"","2026-01-28",3203295,NA,NA,NA,NA,NA,NA,NA
"Qatar","QA","QAT",2001,"","2026-01-28",677925,75.486,"Middle East & North Africa","Doha","51.5082","25.2948","High income","Not classified"
"Qatar","QA","QAT",2002,"","2026-01-28",711205,75.766,"Middle East & North Africa","Doha","51.5082","25.2948","High income","Not classified"
"Qatar","QA","QAT",2003,"","2026-01-28",744682,76.097,"Middle East & North Africa","Doha","51.5082","25.2948","High income","Not classified"
"Qatar","QA","QAT",2000,"","2026-01-28",644989,75.25,"Middle East & North Africa","Doha","51.5082","25.2948","High income","Not classified"
"Qatar","QA","QAT",2012,"","2026-01-28",1722438,80.499,"Middle East & North Africa","Doha","51.5082","25.2948","High income","Not classified"
"Qatar","QA","QAT",2006,"","2026-01-28",972831,77.323,"Middle East & North Africa","Doha","51.5082","25.2948","High income","Not classified"
"Qatar","QA","QAT",2014,"","2026-01-28",2151745,81.395,"Middle East & North Africa","Doha","51.5082","25.2948","High income","Not classified"
"Qatar","QA","QAT",2004,"","2026-01-28",773332,76.484,"Middle East & North Africa","Doha","51.5082","25.2948","High income","Not classified"
"Qatar","QA","QAT",2005,"","2026-01-28",825408,76.909,"Middle East & North Africa","Doha","51.5082","25.2948","High income","Not classified"
"Qatar","QA","QAT",2013,"","2026-01-28",1916426,80.974,"Middle East & North Africa","Doha","51.5082","25.2948","High income","Not classified"
"Qatar","QA","QAT",2016,"","2026-01-28",2477113,82.147,"Middle East & North Africa","Doha","51.5082","25.2948","High income","Not classified"
"Qatar","QA","QAT",2017,"","2026-01-28",2545820,82.458,"Middle East & North Africa","Doha","51.5082","25.2948","High income","Not classified"
"Qatar","QA","QAT",2007,"","2026-01-28",1208595,77.741,"Middle East & North Africa","Doha","51.5082","25.2948","High income","Not classified"
"Qatar","QA","QAT",2008,"","2026-01-28",1426938,78.262,"Middle East & North Africa","Doha","51.5082","25.2948","High income","Not classified"
"Qatar","QA","QAT",2009,"","2026-01-28",1608903,78.837,"Middle East & North Africa","Doha","51.5082","25.2948","High income","Not classified"
"Qatar","QA","QAT",2010,"","2026-01-28",1616832,79.444,"Middle East & North Africa","Doha","51.5082","25.2948","High income","Not classified"
"Qatar","QA","QAT",2011,"","2026-01-28",1624761,79.994,"Middle East & North Africa","Doha","51.5082","25.2948","High income","Not classified"
"Qatar","QA","QAT",2023,"","2026-01-28",2656032,82.368,"Middle East & North Africa","Doha","51.5082","25.2948","High income","Not classified"
"Qatar","QA","QAT",2024,"","2026-01-28",2857822,NA,"Middle East & North Africa","Doha","51.5082","25.2948","High income","Not classified"
"Qatar","QA","QAT",2020,"","2026-01-28",2794148,80.409,"Middle East & North Africa","Doha","51.5082","25.2948","High income","Not classified"
"Qatar","QA","QAT",2021,"","2026-01-28",2504910,81.083,"Middle East & North Africa","Doha","51.5082","25.2948","High income","Not classified"
"Qatar","QA","QAT",2018,"","2026-01-28",2580734,82.714,"Middle East & North Africa","Doha","51.5082","25.2948","High income","Not classified"
"Qatar","QA","QAT",2015,"","2026-01-28",2344557,81.785,"Middle East & North Africa","Doha","51.5082","25.2948","High income","Not classified"
"Qatar","QA","QAT",2022,"","2026-01-28",2657333,81.857,"Middle East & North Africa","Doha","51.5082","25.2948","High income","Not classified"
"Qatar","QA","QAT",2019,"","2026-01-28",2638657,82.945,"Middle East & North Africa","Doha","51.5082","25.2948","High income","Not classified"
"Romania","RO","ROU",2017,"","2026-01-28",19588715,75.209756097561,"Europe & Central Asia","Bucharest","26.0979","44.4479","High income","IBRD"
"Romania","RO","ROU",2018,"","2026-01-28",19473970,75.3585365853659,"Europe & Central Asia","Bucharest","26.0979","44.4479","High income","IBRD"
"Romania","RO","ROU",2006,"","2026-01-28",21193760,72.1634146341463,"Europe & Central Asia","Bucharest","26.0979","44.4479","High income","IBRD"
"Romania","RO","ROU",2007,"","2026-01-28",20882982,72.5658536585366,"Europe & Central Asia","Bucharest","26.0979","44.4479","High income","IBRD"
"Romania","RO","ROU",2019,"","2026-01-28",19371648,75.6073170731707,"Europe & Central Asia","Bucharest","26.0979","44.4479","High income","IBRD"
"Romania","RO","ROU",2015,"","2026-01-28",19815616,74.9121951219512,"Europe & Central Asia","Bucharest","26.0979","44.4479","High income","IBRD"
"Romania","RO","ROU",2016,"","2026-01-28",19702267,75.209756097561,"Europe & Central Asia","Bucharest","26.0979","44.4479","High income","IBRD"
"Romania","RO","ROU",2000,"","2026-01-28",22442971,71.1634146341463,"Europe & Central Asia","Bucharest","26.0979","44.4479","High income","IBRD"
"Romania","RO","ROU",2001,"","2026-01-28",22131970,71.1609756097561,"Europe & Central Asia","Bucharest","26.0979","44.4479","High income","IBRD"
"Romania","RO","ROU",2002,"","2026-01-28",21730496,71.009756097561,"Europe & Central Asia","Bucharest","26.0979","44.4479","High income","IBRD"
"Romania","RO","ROU",2020,"","2026-01-28",19265250,74.2536585365854,"Europe & Central Asia","Bucharest","26.0979","44.4479","High income","IBRD"
"Romania","RO","ROU",2005,"","2026-01-28",21319685,71.9121951219512,"Europe & Central Asia","Bucharest","26.0979","44.4479","High income","IBRD"
"Romania","RO","ROU",2021,"","2026-01-28",19122059,72.809756097561,"Europe & Central Asia","Bucharest","26.0979","44.4479","High income","IBRD"
"Romania","RO","ROU",2008,"","2026-01-28",20537875,72.5658536585366,"Europe & Central Asia","Bucharest","26.0979","44.4479","High income","IBRD"
"Romania","RO","ROU",2009,"","2026-01-28",20367487,73.309756097561,"Europe & Central Asia","Bucharest","26.0979","44.4479","High income","IBRD"
"Romania","RO","ROU",2010,"","2026-01-28",20246871,73.4585365853659,"Europe & Central Asia","Bucharest","26.0979","44.4479","High income","IBRD"
"Romania","RO","ROU",2011,"","2026-01-28",20147528,74.409756097561,"Europe & Central Asia","Bucharest","26.0979","44.4479","High income","IBRD"
"Romania","RO","ROU",2012,"","2026-01-28",20058035,74.4121951219512,"Europe & Central Asia","Bucharest","26.0979","44.4479","High income","IBRD"
"Romania","RO","ROU",2013,"","2026-01-28",19983693,75.0634146341463,"Europe & Central Asia","Bucharest","26.0979","44.4479","High income","IBRD"
"Romania","RO","ROU",2014,"","2026-01-28",19908979,74.909756097561,"Europe & Central Asia","Bucharest","26.0979","44.4479","High income","IBRD"
"Romania","RO","ROU",2004,"","2026-01-28",21451748,71.5609756097561,"Europe & Central Asia","Bucharest","26.0979","44.4479","High income","IBRD"
"Romania","RO","ROU",2022,"","2026-01-28",19048502,75.1536585365854,"Europe & Central Asia","Bucharest","26.0979","44.4479","High income","IBRD"
"Romania","RO","ROU",2023,"","2026-01-28",19061062,76.6073170731707,"Europe & Central Asia","Bucharest","26.0979","44.4479","High income","IBRD"
"Romania","RO","ROU",2003,"","2026-01-28",21574326,71.309756097561,"Europe & Central Asia","Bucharest","26.0979","44.4479","High income","IBRD"
"Romania","RO","ROU",2024,"","2026-01-28",19051804,NA,"Europe & Central Asia","Bucharest","26.0979","44.4479","High income","IBRD"
"Russian Federation","RU","RUS",2001,"","2026-01-28",145976482,65.3834146341463,"Europe & Central Asia","Moscow","37.6176","55.7558","High income","IBRD"
"Russian Federation","RU","RUS",2002,"","2026-01-28",145306497,65.1287804878049,"Europe & Central Asia","Moscow","37.6176","55.7558","High income","IBRD"
"Russian Federation","RU","RUS",2003,"","2026-01-28",144648618,65.0275609756098,"Europe & Central Asia","Moscow","37.6176","55.7558","High income","IBRD"
"Russian Federation","RU","RUS",2008,"","2026-01-28",142742366,67.9492682926829,"Europe & Central Asia","Moscow","37.6176","55.7558","High income","IBRD"
"Russian Federation","RU","RUS",2022,"","2026-01-28",144236933,72.5456097560976,"Europe & Central Asia","Moscow","37.6176","55.7558","High income","IBRD"
"Russian Federation","RU","RUS",2023,"","2026-01-28",143826130,73.2546341463415,"Europe & Central Asia","Moscow","37.6176","55.7558","High income","IBRD"
"Russian Federation","RU","RUS",2024,"","2026-01-28",143533851,NA,"Europe & Central Asia","Moscow","37.6176","55.7558","High income","IBRD"
"Russian Federation","RU","RUS",2000,"","2026-01-28",146596869,65.4836585365854,"Europe & Central Asia","Moscow","37.6176","55.7558","High income","IBRD"
"Russian Federation","RU","RUS",2013,"","2026-01-28",143805638,70.5787804878049,"Europe & Central Asia","Moscow","37.6176","55.7558","High income","IBRD"
"Russian Federation","RU","RUS",2014,"","2026-01-28",144237223,70.7436585365854,"Europe & Central Asia","Moscow","37.6176","55.7558","High income","IBRD"
"Russian Federation","RU","RUS",2015,"","2026-01-28",144640716,71.1834146341463,"Europe & Central Asia","Moscow","37.6176","55.7558","High income","IBRD"
"Russian Federation","RU","RUS",2016,"","2026-01-28",145015460,71.6512195121951,"Europe & Central Asia","Moscow","37.6176","55.7558","High income","IBRD"
"Russian Federation","RU","RUS",2004,"","2026-01-28",144067316,65.4709756097561,"Europe & Central Asia","Moscow","37.6176","55.7558","High income","IBRD"
"Russian Federation","RU","RUS",2019,"","2026-01-28",145453291,73.0839024390244,"Europe & Central Asia","Moscow","37.6176","55.7558","High income","IBRD"
"Russian Federation","RU","RUS",2020,"","2026-01-28",145245148,71.3387804878049,"Europe & Central Asia","Moscow","37.6176","55.7558","High income","IBRD"
"Russian Federation","RU","RUS",2021,"","2026-01-28",144746762,69.900243902439,"Europe & Central Asia","Moscow","37.6176","55.7558","High income","IBRD"
"Russian Federation","RU","RUS",2012,"","2026-01-28",143378447,70.0721951219512,"Europe & Central Asia","Moscow","37.6176","55.7558","High income","IBRD"
"Russian Federation","RU","RUS",2009,"","2026-01-28",142785348,68.6846341463415,"Europe & Central Asia","Moscow","37.6176","55.7558","High income","IBRD"
"Russian Federation","RU","RUS",2010,"","2026-01-28",142849468,68.8412195121951,"Europe & Central Asia","Moscow","37.6176","55.7558","High income","IBRD"
"Russian Federation","RU","RUS",2011,"","2026-01-28",143018195,69.6839024390244,"Europe & Central Asia","Moscow","37.6176","55.7558","High income","IBRD"
"Russian Federation","RU","RUS",2007,"","2026-01-28",142805114,67.5868292682927,"Europe & Central Asia","Moscow","37.6176","55.7558","High income","IBRD"
"Russian Federation","RU","RUS",2017,"","2026-01-28",145293260,72.4514634146342,"Europe & Central Asia","Moscow","37.6176","55.7558","High income","IBRD"
"Russian Federation","RU","RUS",2005,"","2026-01-28",143518814,65.529756097561,"Europe & Central Asia","Moscow","37.6176","55.7558","High income","IBRD"
"Russian Federation","RU","RUS",2006,"","2026-01-28",143049637,66.7275609756098,"Europe & Central Asia","Moscow","37.6176","55.7558","High income","IBRD"
"Russian Federation","RU","RUS",2018,"","2026-01-28",145398106,72.6621951219512,"Europe & Central Asia","Moscow","37.6176","55.7558","High income","IBRD"
"Rwanda","RW","RWA",2000,"","2026-01-28",8213931,47.798,"Sub-Saharan Africa","Kigali","30.0587","-1.95325","Low income","IDA"
"Rwanda","RW","RWA",2006,"","2026-01-28",9299246,58.342,"Sub-Saharan Africa","Kigali","30.0587","-1.95325","Low income","IDA"
"Rwanda","RW","RWA",2007,"","2026-01-28",9549933,59.504,"Sub-Saharan Africa","Kigali","30.0587","-1.95325","Low income","IDA"
"Rwanda","RW","RWA",2009,"","2026-01-28",10060432,61.813,"Sub-Saharan Africa","Kigali","30.0587","-1.95325","Low income","IDA"
"Rwanda","RW","RWA",2011,"","2026-01-28",10573733,63.476,"Sub-Saharan Africa","Kigali","30.0587","-1.95325","Low income","IDA"
"Rwanda","RW","RWA",2001,"","2026-01-28",8287094,49.49,"Sub-Saharan Africa","Kigali","30.0587","-1.95325","Low income","IDA"
"Rwanda","RW","RWA",2008,"","2026-01-28",9804269,60.641,"Sub-Saharan Africa","Kigali","30.0587","-1.95325","Low income","IDA"
"Rwanda","RW","RWA",2003,"","2026-01-28",8586875,53.529,"Sub-Saharan Africa","Kigali","30.0587","-1.95325","Low income","IDA"
"Rwanda","RW","RWA",2004,"","2026-01-28",8816844,55.52,"Sub-Saharan Africa","Kigali","30.0587","-1.95325","Low income","IDA"
"Rwanda","RW","RWA",2005,"","2026-01-28",9054528,56.968,"Sub-Saharan Africa","Kigali","30.0587","-1.95325","Low income","IDA"
"Rwanda","RW","RWA",2002,"","2026-01-28",8400180,51.262,"Sub-Saharan Africa","Kigali","30.0587","-1.95325","Low income","IDA"
"Rwanda","RW","RWA",2017,"","2026-01-28",12202060,66.14,"Sub-Saharan Africa","Kigali","30.0587","-1.95325","Low income","IDA"
"Rwanda","RW","RWA",2018,"","2026-01-28",12487996,66.354,"Sub-Saharan Africa","Kigali","30.0587","-1.95325","Low income","IDA"
"Rwanda","RW","RWA",2010,"","2026-01-28",10317553,62.804,"Sub-Saharan Africa","Kigali","30.0587","-1.95325","Low income","IDA"
"Rwanda","RW","RWA",2016,"","2026-01-28",11919183,65.733,"Sub-Saharan Africa","Kigali","30.0587","-1.95325","Low income","IDA"
"Rwanda","RW","RWA",2020,"","2026-01-28",13065837,66.953,"Sub-Saharan Africa","Kigali","30.0587","-1.95325","Low income","IDA"
"Rwanda","RW","RWA",2021,"","2026-01-28",13355260,66.85,"Sub-Saharan Africa","Kigali","30.0587","-1.95325","Low income","IDA"
"Rwanda","RW","RWA",2022,"","2026-01-28",13651030,67.528,"Sub-Saharan Africa","Kigali","30.0587","-1.95325","Low income","IDA"
"Rwanda","RW","RWA",2023,"","2026-01-28",13954471,67.785,"Sub-Saharan Africa","Kigali","30.0587","-1.95325","Low income","IDA"
"Rwanda","RW","RWA",2012,"","2026-01-28",10829901,64.189,"Sub-Saharan Africa","Kigali","30.0587","-1.95325","Low income","IDA"
"Rwanda","RW","RWA",2013,"","2026-01-28",11093340,64.651,"Sub-Saharan Africa","Kigali","30.0587","-1.95325","Low income","IDA"
"Rwanda","RW","RWA",2014,"","2026-01-28",11364757,65.088,"Sub-Saharan Africa","Kigali","30.0587","-1.95325","Low income","IDA"
"Rwanda","RW","RWA",2015,"","2026-01-28",11640022,65.419,"Sub-Saharan Africa","Kigali","30.0587","-1.95325","Low income","IDA"
"Rwanda","RW","RWA",2019,"","2026-01-28",12776103,66.691,"Sub-Saharan Africa","Kigali","30.0587","-1.95325","Low income","IDA"
"Rwanda","RW","RWA",2024,"","2026-01-28",14256567,NA,"Sub-Saharan Africa","Kigali","30.0587","-1.95325","Low income","IDA"
"Samoa","WS","WSM",2023,"","2026-01-28",216663,71.698,"East Asia & Pacific","Apia","-171.752","-13.8314","Lower middle income","IDA"
"Samoa","WS","WSM",2024,"","2026-01-28",218019,NA,"East Asia & Pacific","Apia","-171.752","-13.8314","Lower middle income","IDA"
"Samoa","WS","WSM",2021,"","2026-01-28",213779,71.096,"East Asia & Pacific","Apia","-171.752","-13.8314","Lower middle income","IDA"
"Samoa","WS","WSM",2022,"","2026-01-28",215261,71.55,"East Asia & Pacific","Apia","-171.752","-13.8314","Lower middle income","IDA"
"Samoa","WS","WSM",2012,"","2026-01-28",196498,71.159,"East Asia & Pacific","Apia","-171.752","-13.8314","Lower middle income","IDA"
"Samoa","WS","WSM",2014,"","2026-01-28",200037,71.142,"East Asia & Pacific","Apia","-171.752","-13.8314","Lower middle income","IDA"
"Samoa","WS","WSM",2015,"","2026-01-28",201782,71.06,"East Asia & Pacific","Apia","-171.752","-13.8314","Lower middle income","IDA"
"Samoa","WS","WSM",2011,"","2026-01-28",194713,71.393,"East Asia & Pacific","Apia","-171.752","-13.8314","Lower middle income","IDA"
"Samoa","WS","WSM",2017,"","2026-01-28",205415,70.991,"East Asia & Pacific","Apia","-171.752","-13.8314","Lower middle income","IDA"
"Samoa","WS","WSM",2018,"","2026-01-28",207582,71.052,"East Asia & Pacific","Apia","-171.752","-13.8314","Lower middle income","IDA"
"Samoa","WS","WSM",2019,"","2026-01-28",209780,70.269,"East Asia & Pacific","Apia","-171.752","-13.8314","Lower middle income","IDA"
"Samoa","WS","WSM",2020,"","2026-01-28",211944,70.727,"East Asia & Pacific","Apia","-171.752","-13.8314","Lower middle income","IDA"
"Samoa","WS","WSM",2004,"","2026-01-28",186249,71.508,"East Asia & Pacific","Apia","-171.752","-13.8314","Lower middle income","IDA"
"Samoa","WS","WSM",2005,"","2026-01-28",186978,71.487,"East Asia & Pacific","Apia","-171.752","-13.8314","Lower middle income","IDA"
"Samoa","WS","WSM",2006,"","2026-01-28",187709,71.62,"East Asia & Pacific","Apia","-171.752","-13.8314","Lower middle income","IDA"
"Samoa","WS","WSM",2007,"","2026-01-28",188753,71.605,"East Asia & Pacific","Apia","-171.752","-13.8314","Lower middle income","IDA"
"Samoa","WS","WSM",2008,"","2026-01-28",190107,71.531,"East Asia & Pacific","Apia","-171.752","-13.8314","Lower middle income","IDA"
"Samoa","WS","WSM",2009,"","2026-01-28",191513,69.486,"East Asia & Pacific","Apia","-171.752","-13.8314","Lower middle income","IDA"
"Samoa","WS","WSM",2013,"","2026-01-28",198268,71.229,"East Asia & Pacific","Apia","-171.752","-13.8314","Lower middle income","IDA"
"Samoa","WS","WSM",2002,"","2026-01-28",184471,71.233,"East Asia & Pacific","Apia","-171.752","-13.8314","Lower middle income","IDA"
"Samoa","WS","WSM",2016,"","2026-01-28",203499,71.003,"East Asia & Pacific","Apia","-171.752","-13.8314","Lower middle income","IDA"
"Samoa","WS","WSM",2000,"","2026-01-28",181685,70.791,"East Asia & Pacific","Apia","-171.752","-13.8314","Lower middle income","IDA"
"Samoa","WS","WSM",2001,"","2026-01-28",183166,71.028,"East Asia & Pacific","Apia","-171.752","-13.8314","Lower middle income","IDA"
"Samoa","WS","WSM",2010,"","2026-01-28",193023,71.451,"East Asia & Pacific","Apia","-171.752","-13.8314","Lower middle income","IDA"
"Samoa","WS","WSM",2003,"","2026-01-28",185430,71.441,"East Asia & Pacific","Apia","-171.752","-13.8314","Lower middle income","IDA"
"San Marino","SM","SMR",2008,"","2026-01-28",31662,82.894,"Europe & Central Asia","San Marino","12.4486","43.9322","High income","Not classified"
"San Marino","SM","SMR",2009,"","2026-01-28",33066,83.224,"Europe & Central Asia","San Marino","12.4486","43.9322","High income","Not classified"
"San Marino","SM","SMR",2003,"","2026-01-28",27843,81.33,"Europe & Central Asia","San Marino","12.4486","43.9322","High income","Not classified"
"San Marino","SM","SMR",2000,"","2026-01-28",26799,80.504,"Europe & Central Asia","San Marino","12.4486","43.9322","High income","Not classified"
"San Marino","SM","SMR",2001,"","2026-01-28",27143,80.803,"Europe & Central Asia","San Marino","12.4486","43.9322","High income","Not classified"
"San Marino","SM","SMR",2002,"","2026-01-28",27491,81.061,"Europe & Central Asia","San Marino","12.4486","43.9322","High income","Not classified"
"San Marino","SM","SMR",2010,"","2026-01-28",33270,83.464,"Europe & Central Asia","San Marino","12.4486","43.9322","High income","Not classified"
"San Marino","SM","SMR",2013,"","2026-01-28",33041,84.175,"Europe & Central Asia","San Marino","12.4486","43.9322","High income","Not classified"
"San Marino","SM","SMR",2014,"","2026-01-28",32655,84.394,"Europe & Central Asia","San Marino","12.4486","43.9322","High income","Not classified"
"San Marino","SM","SMR",2004,"","2026-01-28",29457,81.592,"Europe & Central Asia","San Marino","12.4486","43.9322","High income","Not classified"
"San Marino","SM","SMR",2005,"","2026-01-28",29836,81.926,"Europe & Central Asia","San Marino","12.4486","43.9322","High income","Not classified"
"San Marino","SM","SMR",2006,"","2026-01-28",30184,82.258,"Europe & Central Asia","San Marino","12.4486","43.9322","High income","Not classified"
"San Marino","SM","SMR",2007,"","2026-01-28",31211,82.605,"Europe & Central Asia","San Marino","12.4486","43.9322","High income","Not classified"
"San Marino","SM","SMR",2019,"","2026-01-28",34663,85.257,"Europe & Central Asia","San Marino","12.4486","43.9322","High income","Not classified"
"San Marino","SM","SMR",2020,"","2026-01-28",34770,82.65,"Europe & Central Asia","San Marino","12.4486","43.9322","High income","Not classified"
"San Marino","SM","SMR",2021,"","2026-01-28",34252,83.539,"Europe & Central Asia","San Marino","12.4486","43.9322","High income","Not classified"
"San Marino","SM","SMR",2022,"","2026-01-28",33755,85.708,"Europe & Central Asia","San Marino","12.4486","43.9322","High income","Not classified"
"San Marino","SM","SMR",2023,"","2026-01-28",33860,85.706,"Europe & Central Asia","San Marino","12.4486","43.9322","High income","Not classified"
"San Marino","SM","SMR",2011,"","2026-01-28",32620,83.713,"Europe & Central Asia","San Marino","12.4486","43.9322","High income","Not classified"
"San Marino","SM","SMR",2012,"","2026-01-28",33469,83.943,"Europe & Central Asia","San Marino","12.4486","43.9322","High income","Not classified"
"San Marino","SM","SMR",2017,"","2026-01-28",33825,84.933,"Europe & Central Asia","San Marino","12.4486","43.9322","High income","Not classified"
"San Marino","SM","SMR",2018,"","2026-01-28",34522,85.095,"Europe & Central Asia","San Marino","12.4486","43.9322","High income","Not classified"
"San Marino","SM","SMR",2015,"","2026-01-28",32897,84.596,"Europe & Central Asia","San Marino","12.4486","43.9322","High income","Not classified"
"San Marino","SM","SMR",2016,"","2026-01-28",33101,84.775,"Europe & Central Asia","San Marino","12.4486","43.9322","High income","Not classified"
"San Marino","SM","SMR",2024,"","2026-01-28",33977,NA,"Europe & Central Asia","San Marino","12.4486","43.9322","High income","Not classified"
"Sao Tome and Principe","ST","STP",2003,"","2026-01-28",153814,62.158,"Sub-Saharan Africa","Sao Tome","6.6071","0.20618","Lower middle income","IDA"
"Sao Tome and Principe","ST","STP",2004,"","2026-01-28",157705,62.56,"Sub-Saharan Africa","Sao Tome","6.6071","0.20618","Lower middle income","IDA"
"Sao Tome and Principe","ST","STP",2011,"","2026-01-28",185649,64.122,"Sub-Saharan Africa","Sao Tome","6.6071","0.20618","Lower middle income","IDA"
"Sao Tome and Principe","ST","STP",2013,"","2026-01-28",193148,64.93,"Sub-Saharan Africa","Sao Tome","6.6071","0.20618","Lower middle income","IDA"
"Sao Tome and Principe","ST","STP",2014,"","2026-01-28",196767,65.478,"Sub-Saharan Africa","Sao Tome","6.6071","0.20618","Lower middle income","IDA"
"Sao Tome and Principe","ST","STP",2015,"","2026-01-28",200291,66.023,"Sub-Saharan Africa","Sao Tome","6.6071","0.20618","Lower middle income","IDA"
"Sao Tome and Principe","ST","STP",2012,"","2026-01-28",189439,64.505,"Sub-Saharan Africa","Sao Tome","6.6071","0.20618","Lower middle income","IDA"
"Sao Tome and Principe","ST","STP",2017,"","2026-01-28",206970,67.074,"Sub-Saharan Africa","Sao Tome","6.6071","0.20618","Lower middle income","IDA"
"Sao Tome and Principe","ST","STP",2002,"","2026-01-28",149922,61.826,"Sub-Saharan Africa","Sao Tome","6.6071","0.20618","Lower middle income","IDA"
"Sao Tome and Principe","ST","STP",2018,"","2026-01-28",210187,67.602,"Sub-Saharan Africa","Sao Tome","6.6071","0.20618","Lower middle income","IDA"
"Sao Tome and Principe","ST","STP",2005,"","2026-01-28",161639,62.434,"Sub-Saharan Africa","Sao Tome","6.6071","0.20618","Lower middle income","IDA"
"Sao Tome and Principe","ST","STP",2006,"","2026-01-28",165638,63.041,"Sub-Saharan Africa","Sao Tome","6.6071","0.20618","Lower middle income","IDA"
"Sao Tome and Principe","ST","STP",2007,"","2026-01-28",169700,63.336,"Sub-Saharan Africa","Sao Tome","6.6071","0.20618","Lower middle income","IDA"
"Sao Tome and Principe","ST","STP",2008,"","2026-01-28",173793,63.448,"Sub-Saharan Africa","Sao Tome","6.6071","0.20618","Lower middle income","IDA"
"Sao Tome and Principe","ST","STP",2009,"","2026-01-28",177853,63.669,"Sub-Saharan Africa","Sao Tome","6.6071","0.20618","Lower middle income","IDA"
"Sao Tome and Principe","ST","STP",2010,"","2026-01-28",181802,63.867,"Sub-Saharan Africa","Sao Tome","6.6071","0.20618","Lower middle income","IDA"
"Sao Tome and Principe","ST","STP",2023,"","2026-01-28",230871,69.718,"Sub-Saharan Africa","Sao Tome","6.6071","0.20618","Lower middle income","IDA"
"Sao Tome and Principe","ST","STP",2024,"","2026-01-28",235536,NA,"Sub-Saharan Africa","Sao Tome","6.6071","0.20618","Lower middle income","IDA"
"Sao Tome and Principe","ST","STP",2020,"","2026-01-28",217435,67.979,"Sub-Saharan Africa","Sao Tome","6.6071","0.20618","Lower middle income","IDA"
"Sao Tome and Principe","ST","STP",2016,"","2026-01-28",203689,66.563,"Sub-Saharan Africa","Sao Tome","6.6071","0.20618","Lower middle income","IDA"
"Sao Tome and Principe","ST","STP",2000,"","2026-01-28",144018,61.207,"Sub-Saharan Africa","Sao Tome","6.6071","0.20618","Lower middle income","IDA"
"Sao Tome and Principe","ST","STP",2001,"","2026-01-28",146375,61.5,"Sub-Saharan Africa","Sao Tome","6.6071","0.20618","Lower middle income","IDA"
"Sao Tome and Principe","ST","STP",2021,"","2026-01-28",221961,68.026,"Sub-Saharan Africa","Sao Tome","6.6071","0.20618","Lower middle income","IDA"
"Sao Tome and Principe","ST","STP",2022,"","2026-01-28",226305,69.237,"Sub-Saharan Africa","Sao Tome","6.6071","0.20618","Lower middle income","IDA"
"Sao Tome and Principe","ST","STP",2019,"","2026-01-28",213392,68.043,"Sub-Saharan Africa","Sao Tome","6.6071","0.20618","Lower middle income","IDA"
"Saudi Arabia","SA","SAU",2000,"","2026-01-28",16177722,72.607,"Middle East & North Africa","Riyadh","46.6977","24.6748","High income","Not classified"
"Saudi Arabia","SA","SAU",2019,"","2026-01-28",30063799,78.313,"Middle East & North Africa","Riyadh","46.6977","24.6748","High income","Not classified"
"Saudi Arabia","SA","SAU",2020,"","2026-01-28",31552510,77.596,"Middle East & North Africa","Riyadh","46.6977","24.6748","High income","Not classified"
"Saudi Arabia","SA","SAU",2021,"","2026-01-28",30784383,77.089,"Middle East & North Africa","Riyadh","46.6977","24.6748","High income","Not classified"
"Saudi Arabia","SA","SAU",2010,"","2026-01-28",23978487,75.616,"Middle East & North Africa","Riyadh","46.6977","24.6748","High income","Not classified"
"Saudi Arabia","SA","SAU",2011,"","2026-01-28",25091867,75.808,"Middle East & North Africa","Riyadh","46.6977","24.6748","High income","Not classified"
"Saudi Arabia","SA","SAU",2012,"","2026-01-28",26168861,76.09,"Middle East & North Africa","Riyadh","46.6977","24.6748","High income","Not classified"
"Saudi Arabia","SA","SAU",2013,"","2026-01-28",27624004,76.517,"Middle East & North Africa","Riyadh","46.6977","24.6748","High income","Not classified"
"Saudi Arabia","SA","SAU",2001,"","2026-01-28",17041397,72.951,"Middle East & North Africa","Riyadh","46.6977","24.6748","High income","Not classified"
"Saudi Arabia","SA","SAU",2002,"","2026-01-28",17910910,73.296,"Middle East & North Africa","Riyadh","46.6977","24.6748","High income","Not classified"
"Saudi Arabia","SA","SAU",2017,"","2026-01-28",30977355,78.721,"Middle East & North Africa","Riyadh","46.6977","24.6748","High income","Not classified"
"Saudi Arabia","SA","SAU",2018,"","2026-01-28",30196281,78.75,"Middle East & North Africa","Riyadh","46.6977","24.6748","High income","Not classified"
"Saudi Arabia","SA","SAU",2005,"","2026-01-28",20559890,74.4,"Middle East & North Africa","Riyadh","46.6977","24.6748","High income","Not classified"
"Saudi Arabia","SA","SAU",2022,"","2026-01-28",32175224,77.31,"Middle East & North Africa","Riyadh","46.6977","24.6748","High income","Not classified"
"Saudi Arabia","SA","SAU",2023,"","2026-01-28",33702731,78.732,"Middle East & North Africa","Riyadh","46.6977","24.6748","High income","Not classified"
"Saudi Arabia","SA","SAU",2024,"","2026-01-28",35300280,NA,"Middle East & North Africa","Riyadh","46.6977","24.6748","High income","Not classified"
"Saudi Arabia","SA","SAU",2009,"","2026-01-28",24217654,75.447,"Middle East & North Africa","Riyadh","46.6977","24.6748","High income","Not classified"
"Saudi Arabia","SA","SAU",2014,"","2026-01-28",28309273,77.116,"Middle East & North Africa","Riyadh","46.6977","24.6748","High income","Not classified"
"Saudi Arabia","SA","SAU",2015,"","2026-01-28",29816382,77.776,"Middle East & North Africa","Riyadh","46.6977","24.6748","High income","Not classified"
"Saudi Arabia","SA","SAU",2003,"","2026-01-28",18786767,73.657,"Middle East & North Africa","Riyadh","46.6977","24.6748","High income","Not classified"
"Saudi Arabia","SA","SAU",2004,"","2026-01-28",19669480,74.027,"Middle East & North Africa","Riyadh","46.6977","24.6748","High income","Not classified"
"Saudi Arabia","SA","SAU",2006,"","2026-01-28",21459144,74.762,"Middle East & North Africa","Riyadh","46.6977","24.6748","High income","Not classified"
"Saudi Arabia","SA","SAU",2007,"","2026-01-28",22368313,75.066,"Middle East & North Africa","Riyadh","46.6977","24.6748","High income","Not classified"
"Saudi Arabia","SA","SAU",2008,"","2026-01-28",23287877,75.301,"Middle East & North Africa","Riyadh","46.6977","24.6748","High income","Not classified"
"Saudi Arabia","SA","SAU",2016,"","2026-01-28",30954198,78.354,"Middle East & North Africa","Riyadh","46.6977","24.6748","High income","Not classified"
"Senegal","SN","SEN",2002,"","2026-01-28",10466214,58.912,"Sub-Saharan Africa","Dakar","-17.4734","14.7247","Lower middle income","IDA"
"Senegal","SN","SEN",2008,"","2026-01-28",12048959,63.201,"Sub-Saharan Africa","Dakar","-17.4734","14.7247","Lower middle income","IDA"
"Senegal","SN","SEN",2003,"","2026-01-28",10721176,59.474,"Sub-Saharan Africa","Dakar","-17.4734","14.7247","Lower middle income","IDA"
"Senegal","SN","SEN",2004,"","2026-01-28",10975704,60.308,"Sub-Saharan Africa","Dakar","-17.4734","14.7247","Lower middle income","IDA"
"Senegal","SN","SEN",2000,"","2026-01-28",9968260,57.615,"Sub-Saharan Africa","Dakar","-17.4734","14.7247","Lower middle income","IDA"
"Senegal","SN","SEN",2001,"","2026-01-28",10212942,58.158,"Sub-Saharan Africa","Dakar","-17.4734","14.7247","Lower middle income","IDA"
"Senegal","SN","SEN",2013,"","2026-01-28",13710849,65.638,"Sub-Saharan Africa","Dakar","-17.4734","14.7247","Lower middle income","IDA"
"Senegal","SN","SEN",2005,"","2026-01-28",11235472,60.98,"Sub-Saharan Africa","Dakar","-17.4734","14.7247","Lower middle income","IDA"
"Senegal","SN","SEN",2015,"","2026-01-28",14593331,66.451,"Sub-Saharan Africa","Dakar","-17.4734","14.7247","Lower middle income","IDA"
"Senegal","SN","SEN",2006,"","2026-01-28",11500094,61.801,"Sub-Saharan Africa","Dakar","-17.4734","14.7247","Lower middle income","IDA"
"Senegal","SN","SEN",2007,"","2026-01-28",11770344,62.653,"Sub-Saharan Africa","Dakar","-17.4734","14.7247","Lower middle income","IDA"
"Senegal","SN","SEN",2014,"","2026-01-28",14152102,66.001,"Sub-Saharan Africa","Dakar","-17.4734","14.7247","Lower middle income","IDA"
"Senegal","SN","SEN",2018,"","2026-01-28",15914498,67.379,"Sub-Saharan Africa","Dakar","-17.4734","14.7247","Lower middle income","IDA"
"Senegal","SN","SEN",2019,"","2026-01-28",16352922,67.668,"Sub-Saharan Africa","Dakar","-17.4734","14.7247","Lower middle income","IDA"
"Senegal","SN","SEN",2020,"","2026-01-28",16789219,67.496,"Sub-Saharan Africa","Dakar","-17.4734","14.7247","Lower middle income","IDA"
"Senegal","SN","SEN",2009,"","2026-01-28",12337389,63.751,"Sub-Saharan Africa","Dakar","-17.4734","14.7247","Lower middle income","IDA"
"Senegal","SN","SEN",2010,"","2026-01-28",12635413,64.221,"Sub-Saharan Africa","Dakar","-17.4734","14.7247","Lower middle income","IDA"
"Senegal","SN","SEN",2011,"","2026-01-28",12958897,64.799,"Sub-Saharan Africa","Dakar","-17.4734","14.7247","Lower middle income","IDA"
"Senegal","SN","SEN",2012,"","2026-01-28",13310495,65.229,"Sub-Saharan Africa","Dakar","-17.4734","14.7247","Lower middle income","IDA"
"Senegal","SN","SEN",2016,"","2026-01-28",15034521,66.724,"Sub-Saharan Africa","Dakar","-17.4734","14.7247","Lower middle income","IDA"
"Senegal","SN","SEN",2017,"","2026-01-28",15475002,67.059,"Sub-Saharan Africa","Dakar","-17.4734","14.7247","Lower middle income","IDA"
"Senegal","SN","SEN",2022,"","2026-01-28",17651103,67.788,"Sub-Saharan Africa","Dakar","-17.4734","14.7247","Lower middle income","IDA"
"Senegal","SN","SEN",2023,"","2026-01-28",18077573,68.683,"Sub-Saharan Africa","Dakar","-17.4734","14.7247","Lower middle income","IDA"
"Senegal","SN","SEN",2024,"","2026-01-28",18501984,NA,"Sub-Saharan Africa","Dakar","-17.4734","14.7247","Lower middle income","IDA"
"Senegal","SN","SEN",2021,"","2026-01-28",17220867,66.868,"Sub-Saharan Africa","Dakar","-17.4734","14.7247","Lower middle income","IDA"
"Serbia","RS","SRB",2019,"","2026-01-28",6945235,75.9365853658537,"Europe & Central Asia","Belgrade","20.4656","44.8024","Upper middle income","IBRD"
"Serbia","RS","SRB",2020,"","2026-01-28",6899126,74.4780487804878,"Europe & Central Asia","Belgrade","20.4656","44.8024","Upper middle income","IBRD"
"Serbia","RS","SRB",2017,"","2026-01-28",7020858,75.5390243902439,"Europe & Central Asia","Belgrade","20.4656","44.8024","Upper middle income","IBRD"
"Serbia","RS","SRB",2018,"","2026-01-28",6982604,75.890243902439,"Europe & Central Asia","Belgrade","20.4656","44.8024","Upper middle income","IBRD"
"Serbia","RS","SRB",2023,"","2026-01-28",6623183,76.2209756097561,"Europe & Central Asia","Belgrade","20.4656","44.8024","Upper middle income","IBRD"
"Serbia","RS","SRB",2010,"","2026-01-28",7291436,74.3365853658537,"Europe & Central Asia","Belgrade","20.4656","44.8024","Upper middle income","IBRD"
"Serbia","RS","SRB",2011,"","2026-01-28",7236519,74.5365853658537,"Europe & Central Asia","Belgrade","20.4656","44.8024","Upper middle income","IBRD"
"Serbia","RS","SRB",2016,"","2026-01-28",7058322,75.6878048780488,"Europe & Central Asia","Belgrade","20.4656","44.8024","Upper middle income","IBRD"
"Serbia","RS","SRB",2001,"","2026-01-28",7503433,72.2341463414634,"Europe & Central Asia","Belgrade","20.4656","44.8024","Upper middle income","IBRD"
"Serbia","RS","SRB",2002,"","2026-01-28",7500031,72.2853658536585,"Europe & Central Asia","Belgrade","20.4656","44.8024","Upper middle income","IBRD"
"Serbia","RS","SRB",2003,"","2026-01-28",7480591,72.4365853658537,"Europe & Central Asia","Belgrade","20.4656","44.8024","Upper middle income","IBRD"
"Serbia","RS","SRB",2021,"","2026-01-28",6834326,72.780487804878,"Europe & Central Asia","Belgrade","20.4656","44.8024","Upper middle income","IBRD"
"Serbia","RS","SRB",2022,"","2026-01-28",6664449,75.2365853658537,"Europe & Central Asia","Belgrade","20.4656","44.8024","Upper middle income","IBRD"
"Serbia","RS","SRB",2008,"","2026-01-28",7350222,73.8853658536585,"Europe & Central Asia","Belgrade","20.4656","44.8024","Upper middle income","IBRD"
"Serbia","RS","SRB",2009,"","2026-01-28",7320807,73.9853658536585,"Europe & Central Asia","Belgrade","20.4656","44.8024","Upper middle income","IBRD"
"Serbia","RS","SRB",2024,"","2026-01-28",6586476,NA,"Europe & Central Asia","Belgrade","20.4656","44.8024","Upper middle income","IBRD"
"Serbia","RS","SRB",2012,"","2026-01-28",7201497,74.8365853658537,"Europe & Central Asia","Belgrade","20.4656","44.8024","Upper middle income","IBRD"
"Serbia","RS","SRB",2013,"","2026-01-28",7166553,75.1853658536585,"Europe & Central Asia","Belgrade","20.4656","44.8024","Upper middle income","IBRD"
"Serbia","RS","SRB",2014,"","2026-01-28",7131787,75.3365853658537,"Europe & Central Asia","Belgrade","20.4656","44.8024","Upper middle income","IBRD"
"Serbia","RS","SRB",2015,"","2026-01-28",7095383,75.2878048780488,"Europe & Central Asia","Belgrade","20.4656","44.8024","Upper middle income","IBRD"
"Serbia","RS","SRB",2000,"","2026-01-28",7516346,71.5829268292683,"Europe & Central Asia","Belgrade","20.4656","44.8024","Upper middle income","IBRD"
"Serbia","RS","SRB",2005,"","2026-01-28",7440769,72.8341463414634,"Europe & Central Asia","Belgrade","20.4656","44.8024","Upper middle income","IBRD"
"Serbia","RS","SRB",2006,"","2026-01-28",7411569,73.3853658536585,"Europe & Central Asia","Belgrade","20.4656","44.8024","Upper middle income","IBRD"
"Serbia","RS","SRB",2007,"","2026-01-28",7381579,73.6317073170732,"Europe & Central Asia","Belgrade","20.4656","44.8024","Upper middle income","IBRD"
"Serbia","RS","SRB",2004,"","2026-01-28",7463157,72.6829268292683,"Europe & Central Asia","Belgrade","20.4656","44.8024","Upper middle income","IBRD"
"Seychelles","SC","SYC",2004,"","2026-01-28",82475,72.6609756097561,"Sub-Saharan Africa","Victoria","55.4466","-4.6309","High income","IBRD"
"Seychelles","SC","SYC",2005,"","2026-01-28",82858,72.1317073170732,"Sub-Saharan Africa","Victoria","55.4466","-4.6309","High income","IBRD"
"Seychelles","SC","SYC",2006,"","2026-01-28",84600,72.2170731707317,"Sub-Saharan Africa","Victoria","55.4466","-4.6309","High income","IBRD"
"Seychelles","SC","SYC",2022,"","2026-01-28",119878,73.7024390243903,"Sub-Saharan Africa","Victoria","55.4466","-4.6309","High income","IBRD"
"Seychelles","SC","SYC",2023,"","2026-01-28",119773,74.9585365853659,"Sub-Saharan Africa","Victoria","55.4466","-4.6309","High income","IBRD"
"Seychelles","SC","SYC",2024,"","2026-01-28",121354,NA,"Sub-Saharan Africa","Victoria","55.4466","-4.6309","High income","IBRD"
"Seychelles","SC","SYC",2001,"","2026-01-28",81202,73.2536585365854,"Sub-Saharan Africa","Victoria","55.4466","-4.6309","High income","IBRD"
"Seychelles","SC","SYC",2002,"","2026-01-28",83723,71.0878048780488,"Sub-Saharan Africa","Victoria","55.4466","-4.6309","High income","IBRD"
"Seychelles","SC","SYC",2003,"","2026-01-28",82781,71.0292682926829,"Sub-Saharan Africa","Victoria","55.4466","-4.6309","High income","IBRD"
"Seychelles","SC","SYC",2013,"","2026-01-28",89949,73.119512195122,"Sub-Saharan Africa","Victoria","55.4466","-4.6309","High income","IBRD"
"Seychelles","SC","SYC",2014,"","2026-01-28",91359,73.2292682926829,"Sub-Saharan Africa","Victoria","55.4466","-4.6309","High income","IBRD"
"Seychelles","SC","SYC",2015,"","2026-01-28",93419,74.2951219512195,"Sub-Saharan Africa","Victoria","55.4466","-4.6309","High income","IBRD"
"Seychelles","SC","SYC",2016,"","2026-01-28",94677,74.309756097561,"Sub-Saharan Africa","Victoria","55.4466","-4.6309","High income","IBRD"
"Seychelles","SC","SYC",2017,"","2026-01-28",95843,74.3,"Sub-Saharan Africa","Victoria","55.4466","-4.6309","High income","IBRD"
"Seychelles","SC","SYC",2018,"","2026-01-28",96762,72.8414634146341,"Sub-Saharan Africa","Victoria","55.4466","-4.6309","High income","IBRD"
"Seychelles","SC","SYC",2019,"","2026-01-28",97625,74.0463414634146,"Sub-Saharan Africa","Victoria","55.4466","-4.6309","High income","IBRD"
"Seychelles","SC","SYC",2021,"","2026-01-28",99258,73.3975609756097,"Sub-Saharan Africa","Victoria","55.4466","-4.6309","High income","IBRD"
"Seychelles","SC","SYC",2008,"","2026-01-28",86956,73.1634146341463,"Sub-Saharan Africa","Victoria","55.4466","-4.6309","High income","IBRD"
"Seychelles","SC","SYC",2000,"","2026-01-28",81131,72.7780487804878,"Sub-Saharan Africa","Victoria","55.4466","-4.6309","High income","IBRD"
"Seychelles","SC","SYC",2010,"","2026-01-28",89770,73.1975609756098,"Sub-Saharan Africa","Victoria","55.4466","-4.6309","High income","IBRD"
"Seychelles","SC","SYC",2011,"","2026-01-28",87441,72.7243902439024,"Sub-Saharan Africa","Victoria","55.4466","-4.6309","High income","IBRD"
"Seychelles","SC","SYC",2012,"","2026-01-28",88303,74.2756097560976,"Sub-Saharan Africa","Victoria","55.4466","-4.6309","High income","IBRD"
"Seychelles","SC","SYC",2020,"","2026-01-28",98462,77.2365853658537,"Sub-Saharan Africa","Victoria","55.4466","-4.6309","High income","IBRD"
"Seychelles","SC","SYC",2009,"","2026-01-28",87298,73.0829268292683,"Sub-Saharan Africa","Victoria","55.4466","-4.6309","High income","IBRD"
"Seychelles","SC","SYC",2007,"","2026-01-28",85033,73.1439024390244,"Sub-Saharan Africa","Victoria","55.4466","-4.6309","High income","IBRD"
"Sierra Leone","SL","SLE",2009,"","2026-01-28",6055646,51.312,"Sub-Saharan Africa","Freetown","-13.2134","8.4821","Low income","IDA"
"Sierra Leone","SL","SLE",2007,"","2026-01-28",5749352,50.024,"Sub-Saharan Africa","Freetown","-13.2134","8.4821","Low income","IDA"
"Sierra Leone","SL","SLE",2008,"","2026-01-28",5894722,50.693,"Sub-Saharan Africa","Freetown","-13.2134","8.4821","Low income","IDA"
"Sierra Leone","SL","SLE",2013,"","2026-01-28",6714051,54.051,"Sub-Saharan Africa","Freetown","-13.2134","8.4821","Low income","IDA"
"Sierra Leone","SL","SLE",2010,"","2026-01-28",6222714,51.927,"Sub-Saharan Africa","Freetown","-13.2134","8.4821","Low income","IDA"
"Sierra Leone","SL","SLE",2011,"","2026-01-28",6387251,52.594,"Sub-Saharan Africa","Freetown","-13.2134","8.4821","Low income","IDA"
"Sierra Leone","SL","SLE",2012,"","2026-01-28",6551080,53.159,"Sub-Saharan Africa","Freetown","-13.2134","8.4821","Low income","IDA"
"Sierra Leone","SL","SLE",2000,"","2026-01-28",4423611,44.834,"Sub-Saharan Africa","Freetown","-13.2134","8.4821","Low income","IDA"
"Sierra Leone","SL","SLE",2001,"","2026-01-28",4692716,45.448,"Sub-Saharan Africa","Freetown","-13.2134","8.4821","Low income","IDA"
"Sierra Leone","SL","SLE",2014,"","2026-01-28",6876385,54.281,"Sub-Saharan Africa","Freetown","-13.2134","8.4821","Low income","IDA"
"Sierra Leone","SL","SLE",2003,"","2026-01-28",5177687,46.784,"Sub-Saharan Africa","Freetown","-13.2134","8.4821","Low income","IDA"
"Sierra Leone","SL","SLE",2004,"","2026-01-28",5355717,47.485,"Sub-Saharan Africa","Freetown","-13.2134","8.4821","Low income","IDA"
"Sierra Leone","SL","SLE",2005,"","2026-01-28",5501712,48.306,"Sub-Saharan Africa","Freetown","-13.2134","8.4821","Low income","IDA"
"Sierra Leone","SL","SLE",2002,"","2026-01-28",4971435,46.174,"Sub-Saharan Africa","Freetown","-13.2134","8.4821","Low income","IDA"
"Sierra Leone","SL","SLE",2021,"","2026-01-28",8094602,60.26,"Sub-Saharan Africa","Freetown","-13.2134","8.4821","Low income","IDA"
"Sierra Leone","SL","SLE",2022,"","2026-01-28",8276807,61.275,"Sub-Saharan Africa","Freetown","-13.2134","8.4821","Low income","IDA"
"Sierra Leone","SL","SLE",2023,"","2026-01-28",8460512,61.786,"Sub-Saharan Africa","Freetown","-13.2134","8.4821","Low income","IDA"
"Sierra Leone","SL","SLE",2006,"","2026-01-28",5624466,49.547,"Sub-Saharan Africa","Freetown","-13.2134","8.4821","Low income","IDA"
"Sierra Leone","SL","SLE",2024,"","2026-01-28",8642022,NA,"Sub-Saharan Africa","Freetown","-13.2134","8.4821","Low income","IDA"
"Sierra Leone","SL","SLE",2017,"","2026-01-28",7379299,57.761,"Sub-Saharan Africa","Freetown","-13.2134","8.4821","Low income","IDA"
"Sierra Leone","SL","SLE",2018,"","2026-01-28",7554563,59.059,"Sub-Saharan Africa","Freetown","-13.2134","8.4821","Low income","IDA"
"Sierra Leone","SL","SLE",2015,"","2026-01-28",7037655,55.454,"Sub-Saharan Africa","Freetown","-13.2134","8.4821","Low income","IDA"
"Sierra Leone","SL","SLE",2016,"","2026-01-28",7205328,56.937,"Sub-Saharan Africa","Freetown","-13.2134","8.4821","Low income","IDA"
"Sierra Leone","SL","SLE",2019,"","2026-01-28",7731991,59.593,"Sub-Saharan Africa","Freetown","-13.2134","8.4821","Low income","IDA"
"Sierra Leone","SL","SLE",2020,"","2026-01-28",7912558,59.694,"Sub-Saharan Africa","Freetown","-13.2134","8.4821","Low income","IDA"
"Singapore","SG","SGP",2016,"","2026-01-28",5607283,82.8463414634146,"East Asia & Pacific","Singapore","103.85","1.28941","High income","Not classified"
"Singapore","SG","SGP",2017,"","2026-01-28",5612253,83.0951219512195,"East Asia & Pacific","Singapore","103.85","1.28941","High income","Not classified"
"Singapore","SG","SGP",2024,"","2026-01-28",6036860,NA,"East Asia & Pacific","Singapore","103.85","1.28941","High income","Not classified"
"Singapore","SG","SGP",2009,"","2026-01-28",4987573,81.2414634146342,"East Asia & Pacific","Singapore","103.85","1.28941","High income","Not classified"
"Singapore","SG","SGP",2010,"","2026-01-28",5076732,81.5414634146342,"East Asia & Pacific","Singapore","103.85","1.28941","High income","Not classified"
"Singapore","SG","SGP",2011,"","2026-01-28",5183688,81.7439024390244,"East Asia & Pacific","Singapore","103.85","1.28941","High income","Not classified"
"Singapore","SG","SGP",2015,"","2026-01-28",5535002,82.7439024390244,"East Asia & Pacific","Singapore","103.85","1.28941","High income","Not classified"
"Singapore","SG","SGP",2014,"","2026-01-28",5469724,82.4951219512195,"East Asia & Pacific","Singapore","103.85","1.28941","High income","Not classified"
"Singapore","SG","SGP",2001,"","2026-01-28",4138012,78.2512195121951,"East Asia & Pacific","Singapore","103.85","1.28941","High income","Not classified"
"Singapore","SG","SGP",2018,"","2026-01-28",5638676,83.2975609756098,"East Asia & Pacific","Singapore","103.85","1.28941","High income","Not classified"
"Singapore","SG","SGP",2019,"","2026-01-28",5703569,83.5951219512195,"East Asia & Pacific","Singapore","103.85","1.28941","High income","Not classified"
"Singapore","SG","SGP",2020,"","2026-01-28",5685807,83.5439024390244,"East Asia & Pacific","Singapore","103.85","1.28941","High income","Not classified"
"Singapore","SG","SGP",2021,"","2026-01-28",5453566,83.0926829268293,"East Asia & Pacific","Singapore","103.85","1.28941","High income","Not classified"
"Singapore","SG","SGP",2022,"","2026-01-28",5637022,82.8951219512195,"East Asia & Pacific","Singapore","103.85","1.28941","High income","Not classified"
"Singapore","SG","SGP",2023,"","2026-01-28",5917648,82.8951219512195,"East Asia & Pacific","Singapore","103.85","1.28941","High income","Not classified"
"Singapore","SG","SGP",2008,"","2026-01-28",4839396,80.790243902439,"East Asia & Pacific","Singapore","103.85","1.28941","High income","Not classified"
"Singapore","SG","SGP",2000,"","2026-01-28",4027887,77.9512195121951,"East Asia & Pacific","Singapore","103.85","1.28941","High income","Not classified"
"Singapore","SG","SGP",2005,"","2026-01-28",4265762,79.990243902439,"East Asia & Pacific","Singapore","103.85","1.28941","High income","Not classified"
"Singapore","SG","SGP",2002,"","2026-01-28",4175950,78.5512195121951,"East Asia & Pacific","Singapore","103.85","1.28941","High income","Not classified"
"Singapore","SG","SGP",2013,"","2026-01-28",5399162,82.2463414634147,"East Asia & Pacific","Singapore","103.85","1.28941","High income","Not classified"
"Singapore","SG","SGP",2004,"","2026-01-28",4166664,79.490243902439,"East Asia & Pacific","Singapore","103.85","1.28941","High income","Not classified"
"Singapore","SG","SGP",2006,"","2026-01-28",4401365,80.1414634146341,"East Asia & Pacific","Singapore","103.85","1.28941","High income","Not classified"
"Singapore","SG","SGP",2003,"","2026-01-28",4114826,79.0390243902439,"East Asia & Pacific","Singapore","103.85","1.28941","High income","Not classified"
"Singapore","SG","SGP",2012,"","2026-01-28",5312437,81.9951219512195,"East Asia & Pacific","Singapore","103.85","1.28941","High income","Not classified"
"Singapore","SG","SGP",2007,"","2026-01-28",4588599,80.4414634146342,"East Asia & Pacific","Singapore","103.85","1.28941","High income","Not classified"
"Sint Maarten (Dutch part)","SX","SXM",2002,"","2026-01-28",30960,74.585,"Latin America & Caribbean","Philipsburg","","","High income","Not classified"
"Sint Maarten (Dutch part)","SX","SXM",2004,"","2026-01-28",31690,74.618,"Latin America & Caribbean","Philipsburg","","","High income","Not classified"
"Sint Maarten (Dutch part)","SX","SXM",2003,"","2026-01-28",31327,74.588,"Latin America & Caribbean","Philipsburg","","","High income","Not classified"
"Sint Maarten (Dutch part)","SX","SXM",2001,"","2026-01-28",30726,74.525,"Latin America & Caribbean","Philipsburg","","","High income","Not classified"
"Sint Maarten (Dutch part)","SX","SXM",2011,"","2026-01-28",34267,74.868,"Latin America & Caribbean","Philipsburg","","","High income","Not classified"
"Sint Maarten (Dutch part)","SX","SXM",2012,"","2026-01-28",35023,75.125,"Latin America & Caribbean","Philipsburg","","","High income","Not classified"
"Sint Maarten (Dutch part)","SX","SXM",2013,"","2026-01-28",35854,75.391,"Latin America & Caribbean","Philipsburg","","","High income","Not classified"
"Sint Maarten (Dutch part)","SX","SXM",2000,"","2026-01-28",30773,74.409,"Latin America & Caribbean","Philipsburg","","","High income","Not classified"
"Sint Maarten (Dutch part)","SX","SXM",2014,"","2026-01-28",36672,75.735,"Latin America & Caribbean","Philipsburg","","","High income","Not classified"
"Sint Maarten (Dutch part)","SX","SXM",2015,"","2026-01-28",37471,75.899,"Latin America & Caribbean","Philipsburg","","","High income","Not classified"
"Sint Maarten (Dutch part)","SX","SXM",2016,"","2026-01-28",38249,75.952,"Latin America & Caribbean","Philipsburg","","","High income","Not classified"
"Sint Maarten (Dutch part)","SX","SXM",2005,"","2026-01-28",32057,74.681,"Latin America & Caribbean","Philipsburg","","","High income","Not classified"
"Sint Maarten (Dutch part)","SX","SXM",2006,"","2026-01-28",32428,74.779,"Latin America & Caribbean","Philipsburg","","","High income","Not classified"
"Sint Maarten (Dutch part)","SX","SXM",2007,"","2026-01-28",32791,74.812,"Latin America & Caribbean","Philipsburg","","","High income","Not classified"
"Sint Maarten (Dutch part)","SX","SXM",2008,"","2026-01-28",33145,74.852,"Latin America & Caribbean","Philipsburg","","","High income","Not classified"
"Sint Maarten (Dutch part)","SX","SXM",2009,"","2026-01-28",33491,74.796,"Latin America & Caribbean","Philipsburg","","","High income","Not classified"
"Sint Maarten (Dutch part)","SX","SXM",2010,"","2026-01-28",33794,74.821,"Latin America & Caribbean","Philipsburg","","","High income","Not classified"
"Sint Maarten (Dutch part)","SX","SXM",2023,"","2026-01-28",42749,76.371,"Latin America & Caribbean","Philipsburg","","","High income","Not classified"
"Sint Maarten (Dutch part)","SX","SXM",2024,"","2026-01-28",43350,NA,"Latin America & Caribbean","Philipsburg","","","High income","Not classified"
"Sint Maarten (Dutch part)","SX","SXM",2020,"","2026-01-28",41008,75.002,"Latin America & Caribbean","Philipsburg","","","High income","Not classified"
"Sint Maarten (Dutch part)","SX","SXM",2017,"","2026-01-28",38996,75.455,"Latin America & Caribbean","Philipsburg","","","High income","Not classified"
"Sint Maarten (Dutch part)","SX","SXM",2018,"","2026-01-28",39712,75.693,"Latin America & Caribbean","Philipsburg","","","High income","Not classified"
"Sint Maarten (Dutch part)","SX","SXM",2019,"","2026-01-28",40385,75.68,"Latin America & Caribbean","Philipsburg","","","High income","Not classified"
"Sint Maarten (Dutch part)","SX","SXM",2021,"","2026-01-28",41571,74.505,"Latin America & Caribbean","Philipsburg","","","High income","Not classified"
"Sint Maarten (Dutch part)","SX","SXM",2022,"","2026-01-28",42139,76.18,"Latin America & Caribbean","Philipsburg","","","High income","Not classified"
"Slovak Republic","SK","SVK",2017,"","2026-01-28",5439232,77.1658536585366,"Europe & Central Asia","Bratislava","17.1073","48.1484","High income","Not classified"
"Slovak Republic","SK","SVK",2006,"","2026-01-28",5373054,74.2048780487805,"Europe & Central Asia","Bratislava","17.1073","48.1484","High income","Not classified"
"Slovak Republic","SK","SVK",2007,"","2026-01-28",5374622,74.2073170731707,"Europe & Central Asia","Bratislava","17.1073","48.1484","High income","Not classified"
"Slovak Republic","SK","SVK",2018,"","2026-01-28",5446771,77.2658536585366,"Europe & Central Asia","Bratislava","17.1073","48.1484","High income","Not classified"
"Slovak Republic","SK","SVK",2019,"","2026-01-28",5454147,77.6658536585366,"Europe & Central Asia","Bratislava","17.1073","48.1484","High income","Not classified"
"Slovak Republic","SK","SVK",2015,"","2026-01-28",5423801,76.5634146341463,"Europe & Central Asia","Bratislava","17.1073","48.1484","High income","Not classified"
"Slovak Republic","SK","SVK",2016,"","2026-01-28",5430798,77.1658536585366,"Europe & Central Asia","Bratislava","17.1073","48.1484","High income","Not classified"
"Slovak Republic","SK","SVK",2000,"","2026-01-28",5388720,73.0512195121951,"Europe & Central Asia","Bratislava","17.1073","48.1484","High income","Not classified"
"Slovak Republic","SK","SVK",2001,"","2026-01-28",5378867,73.4024390243903,"Europe & Central Asia","Bratislava","17.1073","48.1484","High income","Not classified"
"Slovak Republic","SK","SVK",2004,"","2026-01-28",5372280,73.9585365853659,"Europe & Central Asia","Bratislava","17.1073","48.1484","High income","Not classified"
"Slovak Republic","SK","SVK",2005,"","2026-01-28",5372807,73.9048780487805,"Europe & Central Asia","Bratislava","17.1073","48.1484","High income","Not classified"
"Slovak Republic","SK","SVK",2020,"","2026-01-28",5458827,76.8658536585366,"Europe & Central Asia","Bratislava","17.1073","48.1484","High income","Not classified"
"Slovak Republic","SK","SVK",2008,"","2026-01-28",5379233,74.7048780487805,"Europe & Central Asia","Bratislava","17.1073","48.1484","High income","Not classified"
"Slovak Republic","SK","SVK",2009,"","2026-01-28",5386406,74.909756097561,"Europe & Central Asia","Bratislava","17.1073","48.1484","High income","Not classified"
"Slovak Republic","SK","SVK",2010,"","2026-01-28",5391428,75.1121951219512,"Europe & Central Asia","Bratislava","17.1073","48.1484","High income","Not classified"
"Slovak Republic","SK","SVK",2011,"","2026-01-28",5398384,75.9585365853659,"Europe & Central Asia","Bratislava","17.1073","48.1484","High income","Not classified"
"Slovak Republic","SK","SVK",2012,"","2026-01-28",5407579,76.109756097561,"Europe & Central Asia","Bratislava","17.1073","48.1484","High income","Not classified"
"Slovak Republic","SK","SVK",2013,"","2026-01-28",5413393,76.4121951219512,"Europe & Central Asia","Bratislava","17.1073","48.1484","High income","Not classified"
"Slovak Republic","SK","SVK",2014,"","2026-01-28",5418649,76.8121951219512,"Europe & Central Asia","Bratislava","17.1073","48.1484","High income","Not classified"
"Slovak Republic","SK","SVK",2003,"","2026-01-28",5373374,73.6048780487805,"Europe & Central Asia","Bratislava","17.1073","48.1484","High income","Not classified"
"Slovak Republic","SK","SVK",2023,"","2026-01-28",5426740,78.0170731707317,"Europe & Central Asia","Bratislava","17.1073","48.1484","High income","Not classified"
"Slovak Republic","SK","SVK",2024,"","2026-01-28",5422069,NA,"Europe & Central Asia","Bratislava","17.1073","48.1484","High income","Not classified"
"Slovak Republic","SK","SVK",2002,"","2026-01-28",5376912,73.6048780487805,"Europe & Central Asia","Bratislava","17.1073","48.1484","High income","Not classified"
"Slovak Republic","SK","SVK",2022,"","2026-01-28",5431752,76.9658536585366,"Europe & Central Asia","Bratislava","17.1073","48.1484","High income","Not classified"
"Slovak Republic","SK","SVK",2021,"","2026-01-28",5447247,74.6146341463415,"Europe & Central Asia","Bratislava","17.1073","48.1484","High income","Not classified"
"Slovenia","SI","SVN",2003,"","2026-01-28",1995733,76.8585365853659,"Europe & Central Asia","Ljubljana","14.5044","46.0546","High income","Not classified"
"Slovenia","SI","SVN",2004,"","2026-01-28",1997012,77.2073170731707,"Europe & Central Asia","Ljubljana","14.5044","46.0546","High income","Not classified"
"Slovenia","SI","SVN",2002,"","2026-01-28",1994530,76.0073170731707,"Europe & Central Asia","Ljubljana","14.5044","46.0546","High income","Not classified"
"Slovenia","SI","SVN",2020,"","2026-01-28",2102419,80.5317073170732,"Europe & Central Asia","Ljubljana","14.5044","46.0546","High income","Not classified"
"Slovenia","SI","SVN",2021,"","2026-01-28",2108079,80.6756097560976,"Europe & Central Asia","Ljubljana","14.5044","46.0546","High income","Not classified"
"Slovenia","SI","SVN",2000,"","2026-01-28",1988925,75.4121951219512,"Europe & Central Asia","Ljubljana","14.5044","46.0546","High income","Not classified"
"Slovenia","SI","SVN",2001,"","2026-01-28",1992060,75.7585365853659,"Europe & Central Asia","Ljubljana","14.5044","46.0546","High income","Not classified"
"Slovenia","SI","SVN",2013,"","2026-01-28",2059953,80.3219512195122,"Europe & Central Asia","Ljubljana","14.5044","46.0546","High income","Not classified"
"Slovenia","SI","SVN",2014,"","2026-01-28",2061980,81.0780487804878,"Europe & Central Asia","Ljubljana","14.5044","46.0546","High income","Not classified"
"Slovenia","SI","SVN",2015,"","2026-01-28",2063531,80.7756097560976,"Europe & Central Asia","Ljubljana","14.5044","46.0546","High income","Not classified"
"Slovenia","SI","SVN",2016,"","2026-01-28",2065042,81.1756097560976,"Europe & Central Asia","Ljubljana","14.5044","46.0546","High income","Not classified"
"Slovenia","SI","SVN",2017,"","2026-01-28",2066388,81.0292682926829,"Europe & Central Asia","Ljubljana","14.5044","46.0546","High income","Not classified"
"Slovenia","SI","SVN",2019,"","2026-01-28",2088385,81.5292682926829,"Europe & Central Asia","Ljubljana","14.5044","46.0546","High income","Not classified"
"Slovenia","SI","SVN",2006,"","2026-01-28",2006868,78.0865853658537,"Europe & Central Asia","Ljubljana","14.5044","46.0546","High income","Not classified"
"Slovenia","SI","SVN",2022,"","2026-01-28",2112076,81.2829268292683,"Europe & Central Asia","Ljubljana","14.5044","46.0546","High income","Not classified"
"Slovenia","SI","SVN",2023,"","2026-01-28",2120461,81.9780487804878,"Europe & Central Asia","Ljubljana","14.5044","46.0546","High income","Not classified"
"Slovenia","SI","SVN",2024,"","2026-01-28",2127400,NA,"Europe & Central Asia","Ljubljana","14.5044","46.0546","High income","Not classified"
"Slovenia","SI","SVN",2010,"","2026-01-28",2048583,79.4219512195122,"Europe & Central Asia","Ljubljana","14.5044","46.0546","High income","Not classified"
"Slovenia","SI","SVN",2011,"","2026-01-28",2052843,79.9707317073171,"Europe & Central Asia","Ljubljana","14.5044","46.0546","High income","Not classified"
"Slovenia","SI","SVN",2012,"","2026-01-28",2057159,80.1243902439024,"Europe & Central Asia","Ljubljana","14.5044","46.0546","High income","Not classified"
"Slovenia","SI","SVN",2008,"","2026-01-28",2021316,78.7658536585366,"Europe & Central Asia","Ljubljana","14.5044","46.0546","High income","Not classified"
"Slovenia","SI","SVN",2005,"","2026-01-28",2000474,77.6121951219512,"Europe & Central Asia","Ljubljana","14.5044","46.0546","High income","Not classified"
"Slovenia","SI","SVN",2018,"","2026-01-28",2073894,81.3780487804878,"Europe & Central Asia","Ljubljana","14.5044","46.0546","High income","Not classified"
"Slovenia","SI","SVN",2007,"","2026-01-28",2018122,78.5609756097561,"Europe & Central Asia","Ljubljana","14.5044","46.0546","High income","Not classified"
"Slovenia","SI","SVN",2009,"","2026-01-28",2039669,78.9707317073171,"Europe & Central Asia","Ljubljana","14.5044","46.0546","High income","Not classified"
"Small states","S1","SST",2005,"","2026-01-28",16699341,68.0184220231352,"Aggregates","","","","Aggregates","Aggregates"
"Small states","S1","SST",2007,"","2026-01-28",17047450,68.5761118394504,"Aggregates","","","","Aggregates","Aggregates"
"Small states","S1","SST",2008,"","2026-01-28",17228345,68.9208192339965,"Aggregates","","","","Aggregates","Aggregates"
"Small states","S1","SST",2009,"","2026-01-28",17398922,69.2706797451225,"Aggregates","","","","Aggregates","Aggregates"
"Small states","S1","SST",2006,"","2026-01-28",16868546,68.2773677005452,"Aggregates","","","","Aggregates","Aggregates"
"Small states","S1","SST",2010,"","2026-01-28",17575200,69.6933118913694,"Aggregates","","","","Aggregates","Aggregates"
"Small states","S1","SST",2001,"","2026-01-28",16017863,67.1751397089871,"Aggregates","","","","Aggregates","Aggregates"
"Small states","S1","SST",2002,"","2026-01-28",16250203,67.320533039585,"Aggregates","","","","Aggregates","Aggregates"
"Small states","S1","SST",2003,"","2026-01-28",16441139,67.5137796957376,"Aggregates","","","","Aggregates","Aggregates"
"Small states","S1","SST",2000,"","2026-01-28",15786741,66.9881018420458,"Aggregates","","","","Aggregates","Aggregates"
"Small states","S1","SST",2016,"","2026-01-28",18671045,71.3759850327933,"Aggregates","","","","Aggregates","Aggregates"
"Small states","S1","SST",2017,"","2026-01-28",18865506,71.6556194082548,"Aggregates","","","","Aggregates","Aggregates"
"Small states","S1","SST",2018,"","2026-01-28",19084934,71.8640735615265,"Aggregates","","","","Aggregates","Aggregates"
"Small states","S1","SST",2004,"","2026-01-28",16597133,67.7344645790668,"Aggregates","","","","Aggregates","Aggregates"
"Small states","S1","SST",2019,"","2026-01-28",19293697,72.0009607335469,"Aggregates","","","","Aggregates","Aggregates"
"Small states","S1","SST",2020,"","2026-01-28",19472157,71.8255552822673,"Aggregates","","","","Aggregates","Aggregates"
"Small states","S1","SST",2021,"","2026-01-28",19646549,70.7756825891382,"Aggregates","","","","Aggregates","Aggregates"
"Small states","S1","SST",2022,"","2026-01-28",19852364,72.3794678577605,"Aggregates","","","","Aggregates","Aggregates"
"Small states","S1","SST",2011,"","2026-01-28",17748220,70.0014375655617,"Aggregates","","","","Aggregates","Aggregates"
"Small states","S1","SST",2012,"","2026-01-28",17926451,70.2725959153837,"Aggregates","","","","Aggregates","Aggregates"
"Small states","S1","SST",2013,"","2026-01-28",18107202,70.6156980246326,"Aggregates","","","","Aggregates","Aggregates"
"Small states","S1","SST",2014,"","2026-01-28",18292084,70.8536154373809,"Aggregates","","","","Aggregates","Aggregates"
"Small states","S1","SST",2015,"","2026-01-28",18482578,71.1242805019157,"Aggregates","","","","Aggregates","Aggregates"
"Small states","S1","SST",2023,"","2026-01-28",20031262,72.8966788653862,"Aggregates","","","","Aggregates","Aggregates"
"Small states","S1","SST",2024,"","2026-01-28",20193405,NA,"Aggregates","","","","Aggregates","Aggregates"
"Solomon Islands","SB","SLB",2023,"","2026-01-28",800005,70.528,"East Asia & Pacific","Honiara","159.949","-9.42676","Lower middle income","IDA"
"Solomon Islands","SB","SLB",2024,"","2026-01-28",819198,NA,"East Asia & Pacific","Honiara","159.949","-9.42676","Lower middle income","IDA"
"Solomon Islands","SB","SLB",2021,"","2026-01-28",762591,68.89,"East Asia & Pacific","Honiara","159.949","-9.42676","Lower middle income","IDA"
"Solomon Islands","SB","SLB",2022,"","2026-01-28",781066,70.409,"East Asia & Pacific","Honiara","159.949","-9.42676","Lower middle income","IDA"
"Solomon Islands","SB","SLB",2013,"","2026-01-28",594945,69.007,"East Asia & Pacific","Honiara","159.949","-9.42676","Lower middle income","IDA"
"Solomon Islands","SB","SLB",2014,"","2026-01-28",616908,68.984,"East Asia & Pacific","Honiara","159.949","-9.42676","Lower middle income","IDA"
"Solomon Islands","SB","SLB",2011,"","2026-01-28",552945,68.824,"East Asia & Pacific","Honiara","159.949","-9.42676","Lower middle income","IDA"
"Solomon Islands","SB","SLB",2012,"","2026-01-28",573606,68.961,"East Asia & Pacific","Honiara","159.949","-9.42676","Lower middle income","IDA"
"Solomon Islands","SB","SLB",2017,"","2026-01-28",685672,69.652,"East Asia & Pacific","Honiara","159.949","-9.42676","Lower middle income","IDA"
"Solomon Islands","SB","SLB",2018,"","2026-01-28",709101,69.806,"East Asia & Pacific","Honiara","159.949","-9.42676","Lower middle income","IDA"
"Solomon Islands","SB","SLB",2019,"","2026-01-28",728147,69.981,"East Asia & Pacific","Honiara","159.949","-9.42676","Lower middle income","IDA"
"Solomon Islands","SB","SLB",2020,"","2026-01-28",744498,69.258,"East Asia & Pacific","Honiara","159.949","-9.42676","Lower middle income","IDA"
"Solomon Islands","SB","SLB",2004,"","2026-01-28",474611,67.628,"East Asia & Pacific","Honiara","159.949","-9.42676","Lower middle income","IDA"
"Solomon Islands","SB","SLB",2005,"","2026-01-28",483080,67.79,"East Asia & Pacific","Honiara","159.949","-9.42676","Lower middle income","IDA"
"Solomon Islands","SB","SLB",2006,"","2026-01-28",491594,67.968,"East Asia & Pacific","Honiara","159.949","-9.42676","Lower middle income","IDA"
"Solomon Islands","SB","SLB",2008,"","2026-01-28",508790,68.336,"East Asia & Pacific","Honiara","159.949","-9.42676","Lower middle income","IDA"
"Solomon Islands","SB","SLB",2009,"","2026-01-28",518141,68.397,"East Asia & Pacific","Honiara","159.949","-9.42676","Lower middle income","IDA"
"Solomon Islands","SB","SLB",2010,"","2026-01-28",532968,68.669,"East Asia & Pacific","Honiara","159.949","-9.42676","Lower middle income","IDA"
"Solomon Islands","SB","SLB",2001,"","2026-01-28",449125,67.237,"East Asia & Pacific","Honiara","159.949","-9.42676","Lower middle income","IDA"
"Solomon Islands","SB","SLB",2015,"","2026-01-28",639415,69.323,"East Asia & Pacific","Honiara","159.949","-9.42676","Lower middle income","IDA"
"Solomon Islands","SB","SLB",2016,"","2026-01-28",662379,69.501,"East Asia & Pacific","Honiara","159.949","-9.42676","Lower middle income","IDA"
"Solomon Islands","SB","SLB",2000,"","2026-01-28",440469,67.116,"East Asia & Pacific","Honiara","159.949","-9.42676","Lower middle income","IDA"
"Solomon Islands","SB","SLB",2002,"","2026-01-28",457671,67.35,"East Asia & Pacific","Honiara","159.949","-9.42676","Lower middle income","IDA"
"Solomon Islands","SB","SLB",2003,"","2026-01-28",466154,67.479,"East Asia & Pacific","Honiara","159.949","-9.42676","Lower middle income","IDA"
"Solomon Islands","SB","SLB",2007,"","2026-01-28",500156,67.845,"East Asia & Pacific","Honiara","159.949","-9.42676","Lower middle income","IDA"
"Somalia, Fed. Rep.","SO","SOM",2015,"","2026-01-28",13806963,55.056,NA,NA,NA,NA,NA,NA
"Somalia, Fed. Rep.","SO","SOM",2016,"","2026-01-28",14348740,55.283,NA,NA,NA,NA,NA,NA
"Somalia, Fed. Rep.","SO","SOM",2017,"","2026-01-28",14916629,52.19,NA,NA,NA,NA,NA,NA
"Somalia, Fed. Rep.","SO","SOM",2018,"","2026-01-28",15452487,54.767,NA,NA,NA,NA,NA,NA
"Somalia, Fed. Rep.","SO","SOM",2019,"","2026-01-28",16030971,57.249,NA,NA,NA,NA,NA,NA
"Somalia, Fed. Rep.","SO","SOM",2020,"","2026-01-28",16651191,57.095,NA,NA,NA,NA,NA,NA
"Somalia, Fed. Rep.","SO","SOM",2021,"","2026-01-28",17271431,55.703,NA,NA,NA,NA,NA,NA
"Somalia, Fed. Rep.","SO","SOM",2022,"","2026-01-28",17801897,53.931,NA,NA,NA,NA,NA,NA
"Somalia, Fed. Rep.","SO","SOM",2023,"","2026-01-28",18358615,58.816,NA,NA,NA,NA,NA,NA
"Somalia, Fed. Rep.","SO","SOM",2024,"","2026-01-28",19009151,NA,NA,NA,NA,NA,NA,NA
"Somalia, Fed. Rep.","SO","SOM",2000,"","2026-01-28",8838713,50.747,NA,NA,NA,NA,NA,NA
"Somalia, Fed. Rep.","SO","SOM",2001,"","2026-01-28",9198493,50.829,NA,NA,NA,NA,NA,NA
"Somalia, Fed. Rep.","SO","SOM",2002,"","2026-01-28",9550063,50.82,NA,NA,NA,NA,NA,NA
"Somalia, Fed. Rep.","SO","SOM",2003,"","2026-01-28",9909157,50.721,NA,NA,NA,NA,NA,NA
"Somalia, Fed. Rep.","SO","SOM",2004,"","2026-01-28",10280998,50.685,NA,NA,NA,NA,NA,NA
"Somalia, Fed. Rep.","SO","SOM",2005,"","2026-01-28",10644228,50.894,NA,NA,NA,NA,NA,NA
"Somalia, Fed. Rep.","SO","SOM",2006,"","2026-01-28",10975502,50.915,NA,NA,NA,NA,NA,NA
"Somalia, Fed. Rep.","SO","SOM",2007,"","2026-01-28",11322582,50.885,NA,NA,NA,NA,NA,NA
"Somalia, Fed. Rep.","SO","SOM",2008,"","2026-01-28",11663084,51.456,NA,NA,NA,NA,NA,NA
"Somalia, Fed. Rep.","SO","SOM",2010,"","2026-01-28",12261756,48.9,NA,NA,NA,NA,NA,NA
"Somalia, Fed. Rep.","SO","SOM",2011,"","2026-01-28",12348830,32.453,NA,NA,NA,NA,NA,NA
"Somalia, Fed. Rep.","SO","SOM",2014,"","2026-01-28",13339491,54.442,NA,NA,NA,NA,NA,NA
"Somalia, Fed. Rep.","SO","SOM",2012,"","2026-01-28",12461160,49.138,NA,NA,NA,NA,NA,NA
"Somalia, Fed. Rep.","SO","SOM",2013,"","2026-01-28",12869594,54.016,NA,NA,NA,NA,NA,NA
"Somalia, Fed. Rep.","SO","SOM",2009,"","2026-01-28",11961201,52.101,NA,NA,NA,NA,NA,NA
"South Africa","ZA","ZAF",2017,"","2026-01-28",57635162,65.422,"Sub-Saharan Africa","Pretoria","28.1871","-25.746","Upper middle income","IBRD"
"South Africa","ZA","ZAF",2011,"","2026-01-28",52995205,60.602,"Sub-Saharan Africa","Pretoria","28.1871","-25.746","Upper middle income","IBRD"
"South Africa","ZA","ZAF",2012,"","2026-01-28",53782567,61.737,"Sub-Saharan Africa","Pretoria","28.1871","-25.746","Upper middle income","IBRD"
"South Africa","ZA","ZAF",2013,"","2026-01-28",54678791,62.388,"Sub-Saharan Africa","Pretoria","28.1871","-25.746","Upper middle income","IBRD"
"South Africa","ZA","ZAF",2015,"","2026-01-28",56723537,64.053,"Sub-Saharan Africa","Pretoria","28.1871","-25.746","Upper middle income","IBRD"
"South Africa","ZA","ZAF",2016,"","2026-01-28",57259551,64.749,"Sub-Saharan Africa","Pretoria","28.1871","-25.746","Upper middle income","IBRD"
"South Africa","ZA","ZAF",2003,"","2026-01-28",48500348,54.245,"Sub-Saharan Africa","Pretoria","28.1871","-25.746","Upper middle income","IBRD"
"South Africa","ZA","ZAF",2004,"","2026-01-28",48991421,53.963,"Sub-Saharan Africa","Pretoria","28.1871","-25.746","Upper middle income","IBRD"
"South Africa","ZA","ZAF",2005,"","2026-01-28",49490033,53.914,"Sub-Saharan Africa","Pretoria","28.1871","-25.746","Upper middle income","IBRD"
"South Africa","ZA","ZAF",2006,"","2026-01-28",49998277,54.22,"Sub-Saharan Africa","Pretoria","28.1871","-25.746","Upper middle income","IBRD"
"South Africa","ZA","ZAF",2007,"","2026-01-28",50528584,54.948,"Sub-Saharan Africa","Pretoria","28.1871","-25.746","Upper middle income","IBRD"
"South Africa","ZA","ZAF",2008,"","2026-01-28",51114599,55.982,"Sub-Saharan Africa","Pretoria","28.1871","-25.746","Upper middle income","IBRD"
"South Africa","ZA","ZAF",2009,"","2026-01-28",51728516,57.413,"Sub-Saharan Africa","Pretoria","28.1871","-25.746","Upper middle income","IBRD"
"South Africa","ZA","ZAF",2010,"","2026-01-28",52344051,58.886,"Sub-Saharan Africa","Pretoria","28.1871","-25.746","Upper middle income","IBRD"
"South Africa","ZA","ZAF",2024,"","2026-01-28",64007187,NA,"Sub-Saharan Africa","Pretoria","28.1871","-25.746","Upper middle income","IBRD"
"South Africa","ZA","ZAF",2002,"","2026-01-28",48019415,55.58,"Sub-Saharan Africa","Pretoria","28.1871","-25.746","Upper middle income","IBRD"
"South Africa","ZA","ZAF",2014,"","2026-01-28",55594838,63.184,"Sub-Saharan Africa","Pretoria","28.1871","-25.746","Upper middle income","IBRD"
"South Africa","ZA","ZAF",2000,"","2026-01-28",47159719,58.368,"Sub-Saharan Africa","Pretoria","28.1871","-25.746","Upper middle income","IBRD"
"South Africa","ZA","ZAF",2001,"","2026-01-28",47566800,57.161,"Sub-Saharan Africa","Pretoria","28.1871","-25.746","Upper middle income","IBRD"
"South Africa","ZA","ZAF",2020,"","2026-01-28",60562381,65.15,"Sub-Saharan Africa","Pretoria","28.1871","-25.746","Upper middle income","IBRD"
"South Africa","ZA","ZAF",2021,"","2026-01-28",61502603,62.01,"Sub-Saharan Africa","Pretoria","28.1871","-25.746","Upper middle income","IBRD"
"South Africa","ZA","ZAF",2018,"","2026-01-28",58613001,65.726,"Sub-Saharan Africa","Pretoria","28.1871","-25.746","Upper middle income","IBRD"
"South Africa","ZA","ZAF",2019,"","2026-01-28",59587885,66.071,"Sub-Saharan Africa","Pretoria","28.1871","-25.746","Upper middle income","IBRD"
"South Africa","ZA","ZAF",2022,"","2026-01-28",62378410,65.454,"Sub-Saharan Africa","Pretoria","28.1871","-25.746","Upper middle income","IBRD"
"South Africa","ZA","ZAF",2023,"","2026-01-28",63212384,66.139,"Sub-Saharan Africa","Pretoria","28.1871","-25.746","Upper middle income","IBRD"
"South Asia","8S","SAS",2002,"","2026-01-28",1282584796,63.7751981046195,"Aggregates","","","","Aggregates","Aggregates"
"South Asia","8S","SAS",2003,"","2026-01-28",1304347790,64.2408303344517,"Aggregates","","","","Aggregates","Aggregates"
"South Asia","8S","SAS",2004,"","2026-01-28",1325950587,64.5911610689622,"Aggregates","","","","Aggregates","Aggregates"
"South Asia","8S","SAS",2001,"","2026-01-28",1260149056,63.2621106390743,"Aggregates","","","","Aggregates","Aggregates"
"South Asia","8S","SAS",2000,"","2026-01-28",1237185482,62.8036305165364,"Aggregates","","","","Aggregates","Aggregates"
"South Asia","8S","SAS",2014,"","2026-01-28",1519839246,69.1208563538772,"Aggregates","","","","Aggregates","Aggregates"
"South Asia","8S","SAS",2015,"","2026-01-28",1537370078,69.5110334122263,"Aggregates","","","","Aggregates","Aggregates"
"South Asia","8S","SAS",2005,"","2026-01-28",1346886384,65.131596636791,"Aggregates","","","","Aggregates","Aggregates"
"South Asia","8S","SAS",2006,"","2026-01-28",1367187349,65.5691020177667,"Aggregates","","","","Aggregates","Aggregates"
"South Asia","8S","SAS",2007,"","2026-01-28",1386949456,65.9890229742236,"Aggregates","","","","Aggregates","Aggregates"
"South Asia","8S","SAS",2018,"","2026-01-28",1589164714,70.6523573971364,"Aggregates","","","","Aggregates","Aggregates"
"South Asia","8S","SAS",2019,"","2026-01-28",1605412986,70.9975623145981,"Aggregates","","","","Aggregates","Aggregates"
"South Asia","8S","SAS",2008,"","2026-01-28",1406047164,66.4314116387286,"Aggregates","","","","Aggregates","Aggregates"
"South Asia","8S","SAS",2009,"","2026-01-28",1425370200,66.84109704634,"Aggregates","","","","Aggregates","Aggregates"
"South Asia","8S","SAS",2010,"","2026-01-28",1444967010,67.3525068406787,"Aggregates","","","","Aggregates","Aggregates"
"South Asia","8S","SAS",2011,"","2026-01-28",1464372623,67.8108394834024,"Aggregates","","","","Aggregates","Aggregates"
"South Asia","8S","SAS",2012,"","2026-01-28",1483553073,68.2629615309516,"Aggregates","","","","Aggregates","Aggregates"
"South Asia","8S","SAS",2013,"","2026-01-28",1501661991,68.6853288301062,"Aggregates","","","","Aggregates","Aggregates"
"South Asia","8S","SAS",2017,"","2026-01-28",1572520427,70.2904723380061,"Aggregates","","","","Aggregates","Aggregates"
"South Asia","8S","SAS",2022,"","2026-01-28",1648009565,72.0115731308447,"Aggregates","","","","Aggregates","Aggregates"
"South Asia","8S","SAS",2023,"","2026-01-28",1662580579,72.3247648783903,"Aggregates","","","","Aggregates","Aggregates"
"South Asia","8S","SAS",2016,"","2026-01-28",1555111864,69.9184707063298,"Aggregates","","","","Aggregates","Aggregates"
"South Asia","8S","SAS",2021,"","2026-01-28",1634785356,67.8215299767513,"Aggregates","","","","Aggregates","Aggregates"
"South Asia","8S","SAS",2020,"","2026-01-28",1621073417,70.3622206982499,"Aggregates","","","","Aggregates","Aggregates"
"South Asia","8S","SAS",2024,"","2026-01-28",1677384532,NA,"Aggregates","","","","Aggregates","Aggregates"
"South Asia (IDA & IBRD)","T5","TSA",2000,"","2026-01-28",1237185482,62.8036305165364,"Aggregates","","","","Aggregates","Aggregates"
"South Asia (IDA & IBRD)","T5","TSA",2017,"","2026-01-28",1572520427,70.2904723380061,"Aggregates","","","","Aggregates","Aggregates"
"South Asia (IDA & IBRD)","T5","TSA",2024,"","2026-01-28",1677384532,NA,"Aggregates","","","","Aggregates","Aggregates"
"South Asia (IDA & IBRD)","T5","TSA",2011,"","2026-01-28",1464372623,67.8108394834024,"Aggregates","","","","Aggregates","Aggregates"
"South Asia (IDA & IBRD)","T5","TSA",2012,"","2026-01-28",1483553073,68.2629615309516,"Aggregates","","","","Aggregates","Aggregates"
"South Asia (IDA & IBRD)","T5","TSA",2013,"","2026-01-28",1501661991,68.6853288301062,"Aggregates","","","","Aggregates","Aggregates"
"South Asia (IDA & IBRD)","T5","TSA",2001,"","2026-01-28",1260149056,63.2621106390743,"Aggregates","","","","Aggregates","Aggregates"
"South Asia (IDA & IBRD)","T5","TSA",2002,"","2026-01-28",1282584796,63.7751981046195,"Aggregates","","","","Aggregates","Aggregates"
"South Asia (IDA & IBRD)","T5","TSA",2003,"","2026-01-28",1304347790,64.2408303344517,"Aggregates","","","","Aggregates","Aggregates"
"South Asia (IDA & IBRD)","T5","TSA",2018,"","2026-01-28",1589164714,70.6523573971364,"Aggregates","","","","Aggregates","Aggregates"
"South Asia (IDA & IBRD)","T5","TSA",2019,"","2026-01-28",1605412986,70.9975623145981,"Aggregates","","","","Aggregates","Aggregates"
"South Asia (IDA & IBRD)","T5","TSA",2020,"","2026-01-28",1621073417,70.3622206982499,"Aggregates","","","","Aggregates","Aggregates"
"South Asia (IDA & IBRD)","T5","TSA",2021,"","2026-01-28",1634785356,67.8215299767513,"Aggregates","","","","Aggregates","Aggregates"
"South Asia (IDA & IBRD)","T5","TSA",2022,"","2026-01-28",1648009565,72.0115731308447,"Aggregates","","","","Aggregates","Aggregates"
"South Asia (IDA & IBRD)","T5","TSA",2023,"","2026-01-28",1662580579,72.3247648783903,"Aggregates","","","","Aggregates","Aggregates"
"South Asia (IDA & IBRD)","T5","TSA",2010,"","2026-01-28",1444967010,67.3525068406787,"Aggregates","","","","Aggregates","Aggregates"
"South Asia (IDA & IBRD)","T5","TSA",2015,"","2026-01-28",1537370078,69.5110334122263,"Aggregates","","","","Aggregates","Aggregates"
"South Asia (IDA & IBRD)","T5","TSA",2016,"","2026-01-28",1555111864,69.9184707063298,"Aggregates","","","","Aggregates","Aggregates"
"South Asia (IDA & IBRD)","T5","TSA",2004,"","2026-01-28",1325950587,64.5911610689622,"Aggregates","","","","Aggregates","Aggregates"
"South Asia (IDA & IBRD)","T5","TSA",2014,"","2026-01-28",1519839246,69.1208563538772,"Aggregates","","","","Aggregates","Aggregates"
"South Asia (IDA & IBRD)","T5","TSA",2006,"","2026-01-28",1367187349,65.5691020177667,"Aggregates","","","","Aggregates","Aggregates"
"South Asia (IDA & IBRD)","T5","TSA",2007,"","2026-01-28",1386949456,65.9890229742236,"Aggregates","","","","Aggregates","Aggregates"
"South Asia (IDA & IBRD)","T5","TSA",2008,"","2026-01-28",1406047164,66.4314116387286,"Aggregates","","","","Aggregates","Aggregates"
"South Asia (IDA & IBRD)","T5","TSA",2005,"","2026-01-28",1346886384,65.131596636791,"Aggregates","","","","Aggregates","Aggregates"
"South Asia (IDA & IBRD)","T5","TSA",2009,"","2026-01-28",1425370200,66.84109704634,"Aggregates","","","","Aggregates","Aggregates"
"South Sudan","SS","SSD",2018,"","2026-01-28",10122977,51.905,"Sub-Saharan Africa","Juba","31.6","4.85","Low income","IDA"
"South Sudan","SS","SSD",2019,"","2026-01-28",10423384,58.129,"Sub-Saharan Africa","Juba","31.6","4.85","Low income","IDA"
"South Sudan","SS","SSD",2017,"","2026-01-28",10259154,35.351,"Sub-Saharan Africa","Juba","31.6","4.85","Low income","IDA"
"South Sudan","SS","SSD",2022,"","2026-01-28",11021177,57.203,"Sub-Saharan Africa","Juba","31.6","4.85","Low income","IDA"
"South Sudan","SS","SSD",2023,"","2026-01-28",11483374,57.617,"Sub-Saharan Africa","Juba","31.6","4.85","Low income","IDA"
"South Sudan","SS","SSD",2015,"","2026-01-28",11107561,39.757,"Sub-Saharan Africa","Juba","31.6","4.85","Low income","IDA"
"South Sudan","SS","SSD",2016,"","2026-01-28",10830102,36.72,"Sub-Saharan Africa","Juba","31.6","4.85","Low income","IDA"
"South Sudan","SS","SSD",2002,"","2026-01-28",6596806,49.394,"Sub-Saharan Africa","Juba","31.6","4.85","Low income","IDA"
"South Sudan","SS","SSD",2003,"","2026-01-28",6903127,52.324,"Sub-Saharan Africa","Juba","31.6","4.85","Low income","IDA"
"South Sudan","SS","SSD",2020,"","2026-01-28",10698467,57.648,"Sub-Saharan Africa","Juba","31.6","4.85","Low income","IDA"
"South Sudan","SS","SSD",2021,"","2026-01-28",10865780,57.047,"Sub-Saharan Africa","Juba","31.6","4.85","Low income","IDA"
"South Sudan","SS","SSD",2008,"","2026-01-28",8817647,56.28,"Sub-Saharan Africa","Juba","31.6","4.85","Low income","IDA"
"South Sudan","SS","SSD",2009,"","2026-01-28",9243556,56.848,"Sub-Saharan Africa","Juba","31.6","4.85","Low income","IDA"
"South Sudan","SS","SSD",2010,"","2026-01-28",9745953,57.485,"Sub-Saharan Africa","Juba","31.6","4.85","Low income","IDA"
"South Sudan","SS","SSD",2011,"","2026-01-28",10288109,57.674,"Sub-Saharan Africa","Juba","31.6","4.85","Low income","IDA"
"South Sudan","SS","SSD",2012,"","2026-01-28",10756240,58.241,"Sub-Saharan Africa","Juba","31.6","4.85","Low income","IDA"
"South Sudan","SS","SSD",2013,"","2026-01-28",11166275,58.285,"Sub-Saharan Africa","Juba","31.6","4.85","Low income","IDA"
"South Sudan","SS","SSD",2014,"","2026-01-28",11235073,45.625,"Sub-Saharan Africa","Juba","31.6","4.85","Low income","IDA"
"South Sudan","SS","SSD",2000,"","2026-01-28",6032267,47.591,"Sub-Saharan Africa","Juba","31.6","4.85","Low income","IDA"
"South Sudan","SS","SSD",2001,"","2026-01-28",6308391,48.55,"Sub-Saharan Africa","Juba","31.6","4.85","Low income","IDA"
"South Sudan","SS","SSD",2006,"","2026-01-28",7976526,54.653,"Sub-Saharan Africa","Juba","31.6","4.85","Low income","IDA"
"South Sudan","SS","SSD",2007,"","2026-01-28",8388788,55.425,"Sub-Saharan Africa","Juba","31.6","4.85","Low income","IDA"
"South Sudan","SS","SSD",2004,"","2026-01-28",7233041,53.052,"Sub-Saharan Africa","Juba","31.6","4.85","Low income","IDA"
"South Sudan","SS","SSD",2005,"","2026-01-28",7590143,53.965,"Sub-Saharan Africa","Juba","31.6","4.85","Low income","IDA"
"South Sudan","SS","SSD",2024,"","2026-01-28",11943408,NA,"Sub-Saharan Africa","Juba","31.6","4.85","Low income","IDA"
"Spain","ES","ESP",2005,"","2026-01-28",43653155,80.1707317073171,"Europe & Central Asia","Madrid","-3.70327","40.4167","High income","Not classified"
"Spain","ES","ESP",2006,"","2026-01-28",44397319,80.8219512195122,"Europe & Central Asia","Madrid","-3.70327","40.4167","High income","Not classified"
"Spain","ES","ESP",2024,"","2026-01-28",48848840,NA,"Europe & Central Asia","Madrid","-3.70327","40.4167","High income","Not classified"
"Spain","ES","ESP",2000,"","2026-01-28",40567864,78.9658536585366,"Europe & Central Asia","Madrid","-3.70327","40.4167","High income","Not classified"
"Spain","ES","ESP",2001,"","2026-01-28",40850412,79.3682926829268,"Europe & Central Asia","Madrid","-3.70327","40.4167","High income","Not classified"
"Spain","ES","ESP",2002,"","2026-01-28",41431558,79.5682926829268,"Europe & Central Asia","Madrid","-3.70327","40.4167","High income","Not classified"
"Spain","ES","ESP",2003,"","2026-01-28",42187645,79.619512195122,"Europe & Central Asia","Madrid","-3.70327","40.4167","High income","Not classified"
"Spain","ES","ESP",2004,"","2026-01-28",42921895,79.8707317073171,"Europe & Central Asia","Madrid","-3.70327","40.4167","High income","Not classified"
"Spain","ES","ESP",2017,"","2026-01-28",46571232,83.2829268292683,"Europe & Central Asia","Madrid","-3.70327","40.4167","High income","Not classified"
"Spain","ES","ESP",2018,"","2026-01-28",46782011,83.4317073170732,"Europe & Central Asia","Madrid","-3.70327","40.4167","High income","Not classified"
"Spain","ES","ESP",2019,"","2026-01-28",47118501,83.8317073170732,"Europe & Central Asia","Madrid","-3.70327","40.4167","High income","Not classified"
"Spain","ES","ESP",2007,"","2026-01-28",45226803,80.8731707317073,"Europe & Central Asia","Madrid","-3.70327","40.4167","High income","Not classified"
"Spain","ES","ESP",2008,"","2026-01-28",45954106,81.1756097560976,"Europe & Central Asia","Madrid","-3.70327","40.4167","High income","Not classified"
"Spain","ES","ESP",2009,"","2026-01-28",46362946,81.4756097560976,"Europe & Central Asia","Madrid","-3.70327","40.4167","High income","Not classified"
"Spain","ES","ESP",2010,"","2026-01-28",46576897,81.6268292682927,"Europe & Central Asia","Madrid","-3.70327","40.4167","High income","Not classified"
"Spain","ES","ESP",2011,"","2026-01-28",46742697,82.4756097560976,"Europe & Central Asia","Madrid","-3.70327","40.4167","High income","Not classified"
"Spain","ES","ESP",2012,"","2026-01-28",46773055,82.4268292682927,"Europe & Central Asia","Madrid","-3.70327","40.4167","High income","Not classified"
"Spain","ES","ESP",2013,"","2026-01-28",46604197,83.0780487804878,"Europe & Central Asia","Madrid","-3.70327","40.4167","High income","Not classified"
"Spain","ES","ESP",2014,"","2026-01-28",46460733,83.2292682926829,"Europe & Central Asia","Madrid","-3.70327","40.4167","High income","Not classified"
"Spain","ES","ESP",2015,"","2026-01-28",46422303,82.8317073170732,"Europe & Central Asia","Madrid","-3.70327","40.4167","High income","Not classified"
"Spain","ES","ESP",2016,"","2026-01-28",46458139,83.3292682926829,"Europe & Central Asia","Madrid","-3.70327","40.4167","High income","Not classified"
"Spain","ES","ESP",2021,"","2026-01-28",47443821,83.1780487804878,"Europe & Central Asia","Madrid","-3.70327","40.4167","High income","Not classified"
"Spain","ES","ESP",2022,"","2026-01-28",47786102,83.1341463414634,"Europe & Central Asia","Madrid","-3.70327","40.4167","High income","Not classified"
"Spain","ES","ESP",2023,"","2026-01-28",48352528,83.8829268292683,"Europe & Central Asia","Madrid","-3.70327","40.4167","High income","Not classified"
"Spain","ES","ESP",2020,"","2026-01-28",47359424,82.2317073170732,"Europe & Central Asia","Madrid","-3.70327","40.4167","High income","Not classified"
"Sri Lanka","LK","LKA",2007,"","2026-01-28",20492545,72.983,"South Asia","Colombo","79.8528","6.92148","Lower middle income","IDA"
"Sri Lanka","LK","LKA",2008,"","2026-01-28",20629378,72.556,"South Asia","Colombo","79.8528","6.92148","Lower middle income","IDA"
"Sri Lanka","LK","LKA",2009,"","2026-01-28",20756435,70.298,"South Asia","Colombo","79.8528","6.92148","Lower middle income","IDA"
"Sri Lanka","LK","LKA",2000,"","2026-01-28",19293054,71.179,"South Asia","Colombo","79.8528","6.92148","Lower middle income","IDA"
"Sri Lanka","LK","LKA",2001,"","2026-01-28",19600362,71.804,"South Asia","Colombo","79.8528","6.92148","Lower middle income","IDA"
"Sri Lanka","LK","LKA",2002,"","2026-01-28",19805752,72.271,"South Asia","Colombo","79.8528","6.92148","Lower middle income","IDA"
"Sri Lanka","LK","LKA",2003,"","2026-01-28",19951521,72.442,"South Asia","Colombo","79.8528","6.92148","Lower middle income","IDA"
"Sri Lanka","LK","LKA",2004,"","2026-01-28",20087605,68.022,"South Asia","Colombo","79.8528","6.92148","Lower middle income","IDA"
"Sri Lanka","LK","LKA",2005,"","2026-01-28",20216524,73.073,"South Asia","Colombo","79.8528","6.92148","Lower middle income","IDA"
"Sri Lanka","LK","LKA",2006,"","2026-01-28",20352411,72.825,"South Asia","Colombo","79.8528","6.92148","Lower middle income","IDA"
"Sri Lanka","LK","LKA",2020,"","2026-01-28",21919000,76.928,"South Asia","Colombo","79.8528","6.92148","Lower middle income","IDA"
"Sri Lanka","LK","LKA",2021,"","2026-01-28",22156000,76.278,"South Asia","Colombo","79.8528","6.92148","Lower middle income","IDA"
"Sri Lanka","LK","LKA",2010,"","2026-01-28",20879089,74.463,"South Asia","Colombo","79.8528","6.92148","Lower middle income","IDA"
"Sri Lanka","LK","LKA",2011,"","2026-01-28",21009048,74.74,"South Asia","Colombo","79.8528","6.92148","Lower middle income","IDA"
"Sri Lanka","LK","LKA",2012,"","2026-01-28",21169458,75.187,"South Asia","Colombo","79.8528","6.92148","Lower middle income","IDA"
"Sri Lanka","LK","LKA",2013,"","2026-01-28",20585000,75.546,"South Asia","Colombo","79.8528","6.92148","Lower middle income","IDA"
"Sri Lanka","LK","LKA",2023,"","2026-01-28",22037000,77.483,"South Asia","Colombo","79.8528","6.92148","Lower middle income","IDA"
"Sri Lanka","LK","LKA",2014,"","2026-01-28",20778000,75.757,"South Asia","Colombo","79.8528","6.92148","Lower middle income","IDA"
"Sri Lanka","LK","LKA",2015,"","2026-01-28",20970000,75.99,"South Asia","Colombo","79.8528","6.92148","Lower middle income","IDA"
"Sri Lanka","LK","LKA",2016,"","2026-01-28",21209000,76.136,"South Asia","Colombo","79.8528","6.92148","Lower middle income","IDA"
"Sri Lanka","LK","LKA",2017,"","2026-01-28",21453000,76.239,"South Asia","Colombo","79.8528","6.92148","Lower middle income","IDA"
"Sri Lanka","LK","LKA",2018,"","2026-01-28",21670000,76.485,"South Asia","Colombo","79.8528","6.92148","Lower middle income","IDA"
"Sri Lanka","LK","LKA",2019,"","2026-01-28",21803000,76.698,"South Asia","Colombo","79.8528","6.92148","Lower middle income","IDA"
"Sri Lanka","LK","LKA",2022,"","2026-01-28",22181000,77.3,"South Asia","Colombo","79.8528","6.92148","Lower middle income","IDA"
"Sri Lanka","LK","LKA",2024,"","2026-01-28",21916000,NA,"South Asia","Colombo","79.8528","6.92148","Lower middle income","IDA"
"St. Kitts and Nevis","KN","KNA",2022,"","2026-01-28",46709,70.313,"Latin America & Caribbean","Basseterre","-62.7309","17.3","High income","IBRD"
"St. Kitts and Nevis","KN","KNA",2024,"","2026-01-28",46843,NA,"Latin America & Caribbean","Basseterre","-62.7309","17.3","High income","IBRD"
"St. Kitts and Nevis","KN","KNA",2009,"","2026-01-28",46916,71.488,"Latin America & Caribbean","Basseterre","-62.7309","17.3","High income","IBRD"
"St. Kitts and Nevis","KN","KNA",2023,"","2026-01-28",46758,72.145,"Latin America & Caribbean","Basseterre","-62.7309","17.3","High income","IBRD"
"St. Kitts and Nevis","KN","KNA",2012,"","2026-01-28",47033,71.362,"Latin America & Caribbean","Basseterre","-62.7309","17.3","High income","IBRD"
"St. Kitts and Nevis","KN","KNA",2008,"","2026-01-28",46835,71.479,"Latin America & Caribbean","Basseterre","-62.7309","17.3","High income","IBRD"
"St. Kitts and Nevis","KN","KNA",2014,"","2026-01-28",47089,71.228,"Latin America & Caribbean","Basseterre","-62.7309","17.3","High income","IBRD"
"St. Kitts and Nevis","KN","KNA",2015,"","2026-01-28",47087,71.211,"Latin America & Caribbean","Basseterre","-62.7309","17.3","High income","IBRD"
"St. Kitts and Nevis","KN","KNA",2016,"","2026-01-28",47075,71.227,"Latin America & Caribbean","Basseterre","-62.7309","17.3","High income","IBRD"
"St. Kitts and Nevis","KN","KNA",2017,"","2026-01-28",47050,71.284,"Latin America & Caribbean","Basseterre","-62.7309","17.3","High income","IBRD"
"St. Kitts and Nevis","KN","KNA",2018,"","2026-01-28",47008,71.336,"Latin America & Caribbean","Basseterre","-62.7309","17.3","High income","IBRD"
"St. Kitts and Nevis","KN","KNA",2019,"","2026-01-28",46952,71.54,"Latin America & Caribbean","Basseterre","-62.7309","17.3","High income","IBRD"
"St. Kitts and Nevis","KN","KNA",2020,"","2026-01-28",46870,71.181,"Latin America & Caribbean","Basseterre","-62.7309","17.3","High income","IBRD"
"St. Kitts and Nevis","KN","KNA",2021,"","2026-01-28",46763,69.271,"Latin America & Caribbean","Basseterre","-62.7309","17.3","High income","IBRD"
"St. Kitts and Nevis","KN","KNA",2013,"","2026-01-28",47069,71.29,"Latin America & Caribbean","Basseterre","-62.7309","17.3","High income","IBRD"
"St. Kitts and Nevis","KN","KNA",2000,"","2026-01-28",45248,69.249,"Latin America & Caribbean","Basseterre","-62.7309","17.3","High income","IBRD"
"St. Kitts and Nevis","KN","KNA",2010,"","2026-01-28",46846,71.452,"Latin America & Caribbean","Basseterre","-62.7309","17.3","High income","IBRD"
"St. Kitts and Nevis","KN","KNA",2011,"","2026-01-28",46886,71.4,"Latin America & Caribbean","Basseterre","-62.7309","17.3","High income","IBRD"
"St. Kitts and Nevis","KN","KNA",2003,"","2026-01-28",46176,70.614,"Latin America & Caribbean","Basseterre","-62.7309","17.3","High income","IBRD"
"St. Kitts and Nevis","KN","KNA",2004,"","2026-01-28",46315,70.92,"Latin America & Caribbean","Basseterre","-62.7309","17.3","High income","IBRD"
"St. Kitts and Nevis","KN","KNA",2001,"","2026-01-28",45761,69.767,"Latin America & Caribbean","Basseterre","-62.7309","17.3","High income","IBRD"
"St. Kitts and Nevis","KN","KNA",2002,"","2026-01-28",46020,70.194,"Latin America & Caribbean","Basseterre","-62.7309","17.3","High income","IBRD"
"St. Kitts and Nevis","KN","KNA",2007,"","2026-01-28",46706,71.437,"Latin America & Caribbean","Basseterre","-62.7309","17.3","High income","IBRD"
"St. Kitts and Nevis","KN","KNA",2005,"","2026-01-28",46437,71.151,"Latin America & Caribbean","Basseterre","-62.7309","17.3","High income","IBRD"
"St. Kitts and Nevis","KN","KNA",2006,"","2026-01-28",46569,71.356,"Latin America & Caribbean","Basseterre","-62.7309","17.3","High income","IBRD"
"St. Lucia","LC","LCA",2001,"","2026-01-28",160237,71.367,"Latin America & Caribbean","Castries","-60.9832","14","Upper middle income","Blend"
"St. Lucia","LC","LCA",2000,"","2026-01-28",158616,70.779,"Latin America & Caribbean","Castries","-60.9832","14","Upper middle income","Blend"
"St. Lucia","LC","LCA",2011,"","2026-01-28",171801,72.962,"Latin America & Caribbean","Castries","-60.9832","14","Upper middle income","Blend"
"St. Lucia","LC","LCA",2012,"","2026-01-28",172587,72.86,"Latin America & Caribbean","Castries","-60.9832","14","Upper middle income","Blend"
"St. Lucia","LC","LCA",2002,"","2026-01-28",161641,71.707,"Latin America & Caribbean","Castries","-60.9832","14","Upper middle income","Blend"
"St. Lucia","LC","LCA",2003,"","2026-01-28",162976,72.188,"Latin America & Caribbean","Castries","-60.9832","14","Upper middle income","Blend"
"St. Lucia","LC","LCA",2014,"","2026-01-28",174138,72.676,"Latin America & Caribbean","Castries","-60.9832","14","Upper middle income","Blend"
"St. Lucia","LC","LCA",2015,"","2026-01-28",174905,72.932,"Latin America & Caribbean","Castries","-60.9832","14","Upper middle income","Blend"
"St. Lucia","LC","LCA",2004,"","2026-01-28",164239,72.453,"Latin America & Caribbean","Castries","-60.9832","14","Upper middle income","Blend"
"St. Lucia","LC","LCA",2005,"","2026-01-28",165450,72.544,"Latin America & Caribbean","Castries","-60.9832","14","Upper middle income","Blend"
"St. Lucia","LC","LCA",2006,"","2026-01-28",166639,72.794,"Latin America & Caribbean","Castries","-60.9832","14","Upper middle income","Blend"
"St. Lucia","LC","LCA",2007,"","2026-01-28",167758,72.86,"Latin America & Caribbean","Castries","-60.9832","14","Upper middle income","Blend"
"St. Lucia","LC","LCA",2008,"","2026-01-28",168808,72.963,"Latin America & Caribbean","Castries","-60.9832","14","Upper middle income","Blend"
"St. Lucia","LC","LCA",2009,"","2026-01-28",169869,72.946,"Latin America & Caribbean","Castries","-60.9832","14","Upper middle income","Blend"
"St. Lucia","LC","LCA",2010,"","2026-01-28",170906,72.768,"Latin America & Caribbean","Castries","-60.9832","14","Upper middle income","Blend"
"St. Lucia","LC","LCA",2023,"","2026-01-28",179285,72.697,"Latin America & Caribbean","Castries","-60.9832","14","Upper middle income","Blend"
"St. Lucia","LC","LCA",2024,"","2026-01-28",179744,NA,"Latin America & Caribbean","Castries","-60.9832","14","Upper middle income","Blend"
"St. Lucia","LC","LCA",2016,"","2026-01-28",175646,72.552,"Latin America & Caribbean","Castries","-60.9832","14","Upper middle income","Blend"
"St. Lucia","LC","LCA",2013,"","2026-01-28",173369,72.687,"Latin America & Caribbean","Castries","-60.9832","14","Upper middle income","Blend"
"St. Lucia","LC","LCA",2018,"","2026-01-28",177017,72.655,"Latin America & Caribbean","Castries","-60.9832","14","Upper middle income","Blend"
"St. Lucia","LC","LCA",2019,"","2026-01-28",177661,72.249,"Latin America & Caribbean","Castries","-60.9832","14","Upper middle income","Blend"
"St. Lucia","LC","LCA",2020,"","2026-01-28",178250,72.308,"Latin America & Caribbean","Castries","-60.9832","14","Upper middle income","Blend"
"St. Lucia","LC","LCA",2017,"","2026-01-28",176342,72.522,"Latin America & Caribbean","Castries","-60.9832","14","Upper middle income","Blend"
"St. Lucia","LC","LCA",2022,"","2026-01-28",178781,72.67,"Latin America & Caribbean","Castries","-60.9832","14","Upper middle income","Blend"
"St. Lucia","LC","LCA",2021,"","2026-01-28",178522,69.119,"Latin America & Caribbean","Castries","-60.9832","14","Upper middle income","Blend"
"St. Martin (French part)","MF","MAF",2019,"","2026-01-28",34267,80.078,"Latin America & Caribbean","Marigot","","","High income","Not classified"
"St. Martin (French part)","MF","MAF",2016,"","2026-01-28",37175,79.885,"Latin America & Caribbean","Marigot","","","High income","Not classified"
"St. Martin (French part)","MF","MAF",2018,"","2026-01-28",36012,80.029,"Latin America & Caribbean","Marigot","","","High income","Not classified"
"St. Martin (French part)","MF","MAF",2014,"","2026-01-28",37450,79.727,"Latin America & Caribbean","Marigot","","","High income","Not classified"
"St. Martin (French part)","MF","MAF",2015,"","2026-01-28",37369,79.829,"Latin America & Caribbean","Marigot","","","High income","Not classified"
"St. Martin (French part)","MF","MAF",2000,"","2026-01-28",29996,76.793,"Latin America & Caribbean","Marigot","","","High income","Not classified"
"St. Martin (French part)","MF","MAF",2017,"","2026-01-28",36837,78.762,"Latin America & Caribbean","Marigot","","","High income","Not classified"
"St. Martin (French part)","MF","MAF",2004,"","2026-01-28",33171,77.612,"Latin America & Caribbean","Marigot","","","High income","Not classified"
"St. Martin (French part)","MF","MAF",2005,"","2026-01-28",33928,77.802,"Latin America & Caribbean","Marigot","","","High income","Not classified"
"St. Martin (French part)","MF","MAF",2006,"","2026-01-28",34658,77.989,"Latin America & Caribbean","Marigot","","","High income","Not classified"
"St. Martin (French part)","MF","MAF",2007,"","2026-01-28",35337,78.16,"Latin America & Caribbean","Marigot","","","High income","Not classified"
"St. Martin (French part)","MF","MAF",2008,"","2026-01-28",35958,78.326,"Latin America & Caribbean","Marigot","","","High income","Not classified"
"St. Martin (French part)","MF","MAF",2009,"","2026-01-28",36502,78.513,"Latin America & Caribbean","Marigot","","","High income","Not classified"
"St. Martin (French part)","MF","MAF",2010,"","2026-01-28",36856,78.752,"Latin America & Caribbean","Marigot","","","High income","Not classified"
"St. Martin (French part)","MF","MAF",2011,"","2026-01-28",37069,79.016,"Latin America & Caribbean","Marigot","","","High income","Not classified"
"St. Martin (French part)","MF","MAF",2012,"","2026-01-28",37276,79.302,"Latin America & Caribbean","Marigot","","","High income","Not classified"
"St. Martin (French part)","MF","MAF",2013,"","2026-01-28",37419,79.528,"Latin America & Caribbean","Marigot","","","High income","Not classified"
"St. Martin (French part)","MF","MAF",2003,"","2026-01-28",32395,77.419,"Latin America & Caribbean","Marigot","","","High income","Not classified"
"St. Martin (French part)","MF","MAF",2023,"","2026-01-28",27515,80.224,"Latin America & Caribbean","Marigot","","","High income","Not classified"
"St. Martin (French part)","MF","MAF",2001,"","2026-01-28",30803,77.009,"Latin America & Caribbean","Marigot","","","High income","Not classified"
"St. Martin (French part)","MF","MAF",2002,"","2026-01-28",31604,77.219,"Latin America & Caribbean","Marigot","","","High income","Not classified"
"St. Martin (French part)","MF","MAF",2022,"","2026-01-28",28870,80.236,"Latin America & Caribbean","Marigot","","","High income","Not classified"
"St. Martin (French part)","MF","MAF",2020,"","2026-01-28",31786,80.085,"Latin America & Caribbean","Marigot","","","High income","Not classified"
"St. Martin (French part)","MF","MAF",2021,"","2026-01-28",29961,80.206,"Latin America & Caribbean","Marigot","","","High income","Not classified"
"St. Martin (French part)","MF","MAF",2024,"","2026-01-28",26129,NA,"Latin America & Caribbean","Marigot","","","High income","Not classified"
"St. Vincent and the Grenadines","VC","VCT",2003,"","2026-01-28",113141,70.43,"Latin America & Caribbean","Kingstown","-61.2653","13.2035","Upper middle income","Blend"
"St. Vincent and the Grenadines","VC","VCT",2002,"","2026-01-28",113347,70.658,"Latin America & Caribbean","Kingstown","-61.2653","13.2035","Upper middle income","Blend"
"St. Vincent and the Grenadines","VC","VCT",2020,"","2026-01-28",103526,69.605,"Latin America & Caribbean","Kingstown","-61.2653","13.2035","Upper middle income","Blend"
"St. Vincent and the Grenadines","VC","VCT",2000,"","2026-01-28",113545,70.35,"Latin America & Caribbean","Kingstown","-61.2653","13.2035","Upper middle income","Blend"
"St. Vincent and the Grenadines","VC","VCT",2001,"","2026-01-28",113501,70.382,"Latin America & Caribbean","Kingstown","-61.2653","13.2035","Upper middle income","Blend"
"St. Vincent and the Grenadines","VC","VCT",2014,"","2026-01-28",107535,70.355,"Latin America & Caribbean","Kingstown","-61.2653","13.2035","Upper middle income","Blend"
"St. Vincent and the Grenadines","VC","VCT",2015,"","2026-01-28",106960,70.463,"Latin America & Caribbean","Kingstown","-61.2653","13.2035","Upper middle income","Blend"
"St. Vincent and the Grenadines","VC","VCT",2016,"","2026-01-28",106349,70.7,"Latin America & Caribbean","Kingstown","-61.2653","13.2035","Upper middle income","Blend"
"St. Vincent and the Grenadines","VC","VCT",2004,"","2026-01-28",112835,70.445,"Latin America & Caribbean","Kingstown","-61.2653","13.2035","Upper middle income","Blend"
"St. Vincent and the Grenadines","VC","VCT",2005,"","2026-01-28",112450,70.454,"Latin America & Caribbean","Kingstown","-61.2653","13.2035","Upper middle income","Blend"
"St. Vincent and the Grenadines","VC","VCT",2006,"","2026-01-28",112014,70.434,"Latin America & Caribbean","Kingstown","-61.2653","13.2035","Upper middle income","Blend"
"St. Vincent and the Grenadines","VC","VCT",2021,"","2026-01-28",102841,69.132,"Latin America & Caribbean","Kingstown","-61.2653","13.2035","Upper middle income","Blend"
"St. Vincent and the Grenadines","VC","VCT",2022,"","2026-01-28",102046,71.191,"Latin America & Caribbean","Kingstown","-61.2653","13.2035","Upper middle income","Blend"
"St. Vincent and the Grenadines","VC","VCT",2023,"","2026-01-28",101323,71.23,"Latin America & Caribbean","Kingstown","-61.2653","13.2035","Upper middle income","Blend"
"St. Vincent and the Grenadines","VC","VCT",2024,"","2026-01-28",100616,NA,"Latin America & Caribbean","Kingstown","-61.2653","13.2035","Upper middle income","Blend"
"St. Vincent and the Grenadines","VC","VCT",2011,"","2026-01-28",109349,70.609,"Latin America & Caribbean","Kingstown","-61.2653","13.2035","Upper middle income","Blend"
"St. Vincent and the Grenadines","VC","VCT",2012,"","2026-01-28",108736,70.539,"Latin America & Caribbean","Kingstown","-61.2653","13.2035","Upper middle income","Blend"
"St. Vincent and the Grenadines","VC","VCT",2013,"","2026-01-28",108135,70.091,"Latin America & Caribbean","Kingstown","-61.2653","13.2035","Upper middle income","Blend"
"St. Vincent and the Grenadines","VC","VCT",2018,"","2026-01-28",104926,71.017,"Latin America & Caribbean","Kingstown","-61.2653","13.2035","Upper middle income","Blend"
"St. Vincent and the Grenadines","VC","VCT",2019,"","2026-01-28",104167,70.994,"Latin America & Caribbean","Kingstown","-61.2653","13.2035","Upper middle income","Blend"
"St. Vincent and the Grenadines","VC","VCT",2007,"","2026-01-28",111531,70.446,"Latin America & Caribbean","Kingstown","-61.2653","13.2035","Upper middle income","Blend"
"St. Vincent and the Grenadines","VC","VCT",2017,"","2026-01-28",105663,71.013,"Latin America & Caribbean","Kingstown","-61.2653","13.2035","Upper middle income","Blend"
"St. Vincent and the Grenadines","VC","VCT",2009,"","2026-01-28",110508,70.712,"Latin America & Caribbean","Kingstown","-61.2653","13.2035","Upper middle income","Blend"
"St. Vincent and the Grenadines","VC","VCT",2010,"","2026-01-28",109959,70.66,"Latin America & Caribbean","Kingstown","-61.2653","13.2035","Upper middle income","Blend"
"St. Vincent and the Grenadines","VC","VCT",2008,"","2026-01-28",111028,70.611,"Latin America & Caribbean","Kingstown","-61.2653","13.2035","Upper middle income","Blend"
"Sub-Saharan Africa","ZG","SSF",2003,"","2026-01-28",738316131,52.8273758116531,NA,NA,NA,NA,NA,NA
"Sub-Saharan Africa","ZG","SSF",2004,"","2026-01-28",758653144,53.3464613070226,NA,NA,NA,NA,NA,NA
"Sub-Saharan Africa","ZG","SSF",2005,"","2026-01-28",779665113,53.8932697449503,NA,NA,NA,NA,NA,NA
"Sub-Saharan Africa","ZG","SSF",2006,"","2026-01-28",801269368,54.5901258302239,NA,NA,NA,NA,NA,NA
"Sub-Saharan Africa","ZG","SSF",2007,"","2026-01-28",823564883,55.263324559654,NA,NA,NA,NA,NA,NA
"Sub-Saharan Africa","ZG","SSF",2008,"","2026-01-28",846656872,55.8873142457425,NA,NA,NA,NA,NA,NA
"Sub-Saharan Africa","ZG","SSF",2009,"","2026-01-28",870347292,56.3679630366864,NA,NA,NA,NA,NA,NA
"Sub-Saharan Africa","ZG","SSF",2010,"","2026-01-28",894666657,57.1070604462138,NA,NA,NA,NA,NA,NA
"Sub-Saharan Africa","ZG","SSF",2000,"","2026-01-28",681125107,51.6452445598305,NA,NA,NA,NA,NA,NA
"Sub-Saharan Africa","ZG","SSF",2001,"","2026-01-28",699588585,51.9871852409843,NA,NA,NA,NA,NA,NA
"Sub-Saharan Africa","ZG","SSF",2002,"","2026-01-28",718662153,52.3573943143863,NA,NA,NA,NA,NA,NA
"Sub-Saharan Africa","ZG","SSF",2011,"","2026-01-28",919528126,57.4734418430734,NA,NA,NA,NA,NA,NA
"Sub-Saharan Africa","ZG","SSF",2013,"","2026-01-28",971232906,58.7179604310977,NA,NA,NA,NA,NA,NA
"Sub-Saharan Africa","ZG","SSF",2014,"","2026-01-28",997961037,58.9855723923094,NA,NA,NA,NA,NA,NA
"Sub-Saharan Africa","ZG","SSF",2012,"","2026-01-28",944970310,58.2281190131813,NA,NA,NA,NA,NA,NA
"Sub-Saharan Africa","ZG","SSF",2016,"","2026-01-28",1052824144,59.8121001978138,NA,NA,NA,NA,NA,NA
"Sub-Saharan Africa","ZG","SSF",2017,"","2026-01-28",1080941647,60.1584015341066,NA,NA,NA,NA,NA,NA
"Sub-Saharan Africa","ZG","SSF",2023,"","2026-01-28",1259889959,62.6028071536951,NA,NA,NA,NA,NA,NA
"Sub-Saharan Africa","ZG","SSF",2024,"","2026-01-28",1291044964,NA,NA,NA,NA,NA,NA,NA
"Sub-Saharan Africa","ZG","SSF",2015,"","2026-01-28",1025251114,59.398721466191,NA,NA,NA,NA,NA,NA
"Sub-Saharan Africa","ZG","SSF",2018,"","2026-01-28",1109997000,60.7667275136709,NA,NA,NA,NA,NA,NA
"Sub-Saharan Africa","ZG","SSF",2019,"","2026-01-28",1139315618,61.1293218424873,NA,NA,NA,NA,NA,NA
"Sub-Saharan Africa","ZG","SSF",2020,"","2026-01-28",1169015451,61.1675270829902,NA,NA,NA,NA,NA,NA
"Sub-Saharan Africa","ZG","SSF",2022,"","2026-01-28",1229208573,61.8571795894802,NA,NA,NA,NA,NA,NA
"Sub-Saharan Africa","ZG","SSF",2021,"","2026-01-28",1199011925,60.7034363660672,NA,NA,NA,NA,NA,NA
"Sub-Saharan Africa (excluding high income)","ZF","SSA",2006,"","2026-01-28",720481278,54.4971153374699,"Aggregates","","","","Aggregates","Aggregates"
"Sub-Saharan Africa (excluding high income)","ZF","SSA",2004,"","2026-01-28",682493463,53.3008170562853,"Aggregates","","","","Aggregates","Aggregates"
"Sub-Saharan Africa (excluding high income)","ZF","SSA",2005,"","2026-01-28",701214785,53.838506011466,"Aggregates","","","","Aggregates","Aggregates"
"Sub-Saharan Africa (excluding high income)","ZF","SSA",2000,"","2026-01-28",613632482,51.7265175611419,"Aggregates","","","","Aggregates","Aggregates"
"Sub-Saharan Africa (excluding high income)","ZF","SSA",2001,"","2026-01-28",630019621,52.0461193591249,"Aggregates","","","","Aggregates","Aggregates"
"Sub-Saharan Africa (excluding high income)","ZF","SSA",2002,"","2026-01-28",646942913,52.3851323744449,"Aggregates","","","","Aggregates","Aggregates"
"Sub-Saharan Africa (excluding high income)","ZF","SSA",2003,"","2026-01-28",664400687,52.8195933741308,"Aggregates","","","","Aggregates","Aggregates"
"Sub-Saharan Africa (excluding high income)","ZF","SSA",2017,"","2026-01-28",971179323,59.6367115940116,"Aggregates","","","","Aggregates","Aggregates"
"Sub-Saharan Africa (excluding high income)","ZF","SSA",2018,"","2026-01-28",997236086,60.2582610385453,"Aggregates","","","","Aggregates","Aggregates"
"Sub-Saharan Africa (excluding high income)","ZF","SSA",2007,"","2026-01-28",740376633,55.1150527827157,"Aggregates","","","","Aggregates","Aggregates"
"Sub-Saharan Africa (excluding high income)","ZF","SSA",2008,"","2026-01-28",761026248,55.6778747022329,"Aggregates","","","","Aggregates","Aggregates"
"Sub-Saharan Africa (excluding high income)","ZF","SSA",2009,"","2026-01-28",782252358,56.1020432787877,"Aggregates","","","","Aggregates","Aggregates"
"Sub-Saharan Africa (excluding high income)","ZF","SSA",2020,"","2026-01-28",1049999318,60.6222294256854,"Aggregates","","","","Aggregates","Aggregates"
"Sub-Saharan Africa (excluding high income)","ZF","SSA",2010,"","2026-01-28",804038373,56.8122732906384,"Aggregates","","","","Aggregates","Aggregates"
"Sub-Saharan Africa (excluding high income)","ZF","SSA",2011,"","2026-01-28",826290715,57.1199263048405,"Aggregates","","","","Aggregates","Aggregates"
"Sub-Saharan Africa (excluding high income)","ZF","SSA",2012,"","2026-01-28",849083240,57.8637275594482,"Aggregates","","","","Aggregates","Aggregates"
"Sub-Saharan Africa (excluding high income)","ZF","SSA",2013,"","2026-01-28",872704206,58.3281102187957,"Aggregates","","","","Aggregates","Aggregates"
"Sub-Saharan Africa (excluding high income)","ZF","SSA",2014,"","2026-01-28",896754068,58.5396963590643,"Aggregates","","","","Aggregates","Aggregates"
"Sub-Saharan Africa (excluding high income)","ZF","SSA",2015,"","2026-01-28",921290560,58.9244569362249,"Aggregates","","","","Aggregates","Aggregates"
"Sub-Saharan Africa (excluding high income)","ZF","SSA",2016,"","2026-01-28",946011305,59.3199433875513,"Aggregates","","","","Aggregates","Aggregates"
"Sub-Saharan Africa (excluding high income)","ZF","SSA",2019,"","2026-01-28",1023480610,60.6065912895076,"Aggregates","","","","Aggregates","Aggregates"
"Sub-Saharan Africa (excluding high income)","ZF","SSA",2024,"","2026-01-28",1158863843,NA,"Aggregates","","","","Aggregates","Aggregates"
"Sub-Saharan Africa (excluding high income)","ZF","SSA",2021,"","2026-01-28",1076774079,60.1774746494858,"Aggregates","","","","Aggregates","Aggregates"
"Sub-Saharan Africa (excluding high income)","ZF","SSA",2022,"","2026-01-28",1103704408,61.2833535992957,"Aggregates","","","","Aggregates","Aggregates"
"Sub-Saharan Africa (excluding high income)","ZF","SSA",2023,"","2026-01-28",1131078494,62.0653555476155,"Aggregates","","","","Aggregates","Aggregates"
"Sub-Saharan Africa (IDA & IBRD countries)","T6","TSS",2020,"","2026-01-28",1169015451,61.1675270829902,"Aggregates","","","","Aggregates","Aggregates"
"Sub-Saharan Africa (IDA & IBRD countries)","T6","TSS",2021,"","2026-01-28",1199011925,60.7034363660672,"Aggregates","","","","Aggregates","Aggregates"
"Sub-Saharan Africa (IDA & IBRD countries)","T6","TSS",2022,"","2026-01-28",1229208573,61.8571795894802,"Aggregates","","","","Aggregates","Aggregates"
"Sub-Saharan Africa (IDA & IBRD countries)","T6","TSS",2019,"","2026-01-28",1139315618,61.1293218424873,"Aggregates","","","","Aggregates","Aggregates"
"Sub-Saharan Africa (IDA & IBRD countries)","T6","TSS",2024,"","2026-01-28",1291044964,NA,"Aggregates","","","","Aggregates","Aggregates"
"Sub-Saharan Africa (IDA & IBRD countries)","T6","TSS",2014,"","2026-01-28",997961037,58.9855723923094,"Aggregates","","","","Aggregates","Aggregates"
"Sub-Saharan Africa (IDA & IBRD countries)","T6","TSS",2015,"","2026-01-28",1025251114,59.398721466191,"Aggregates","","","","Aggregates","Aggregates"
"Sub-Saharan Africa (IDA & IBRD countries)","T6","TSS",2016,"","2026-01-28",1052824144,59.8121001978138,"Aggregates","","","","Aggregates","Aggregates"
"Sub-Saharan Africa (IDA & IBRD countries)","T6","TSS",2017,"","2026-01-28",1080941647,60.1584015341065,"Aggregates","","","","Aggregates","Aggregates"
"Sub-Saharan Africa (IDA & IBRD countries)","T6","TSS",2018,"","2026-01-28",1109997000,60.7667275136709,"Aggregates","","","","Aggregates","Aggregates"
"Sub-Saharan Africa (IDA & IBRD countries)","T6","TSS",2005,"","2026-01-28",779665113,53.8932697449503,"Aggregates","","","","Aggregates","Aggregates"
"Sub-Saharan Africa (IDA & IBRD countries)","T6","TSS",2006,"","2026-01-28",801269368,54.5901258302239,"Aggregates","","","","Aggregates","Aggregates"
"Sub-Saharan Africa (IDA & IBRD countries)","T6","TSS",2023,"","2026-01-28",1259889959,62.6028071536951,"Aggregates","","","","Aggregates","Aggregates"
"Sub-Saharan Africa (IDA & IBRD countries)","T6","TSS",2009,"","2026-01-28",870347292,56.3679630366864,"Aggregates","","","","Aggregates","Aggregates"
"Sub-Saharan Africa (IDA & IBRD countries)","T6","TSS",2010,"","2026-01-28",894666657,57.1070604462139,"Aggregates","","","","Aggregates","Aggregates"
"Sub-Saharan Africa (IDA & IBRD countries)","T6","TSS",2011,"","2026-01-28",919528126,57.4734418430734,"Aggregates","","","","Aggregates","Aggregates"
"Sub-Saharan Africa (IDA & IBRD countries)","T6","TSS",2012,"","2026-01-28",944970310,58.2281190131813,"Aggregates","","","","Aggregates","Aggregates"
"Sub-Saharan Africa (IDA & IBRD countries)","T6","TSS",2013,"","2026-01-28",971232906,58.7179604310977,"Aggregates","","","","Aggregates","Aggregates"
"Sub-Saharan Africa (IDA & IBRD countries)","T6","TSS",2000,"","2026-01-28",681125107,51.6452445598305,"Aggregates","","","","Aggregates","Aggregates"
"Sub-Saharan Africa (IDA & IBRD countries)","T6","TSS",2001,"","2026-01-28",699588585,51.9871852409843,"Aggregates","","","","Aggregates","Aggregates"
"Sub-Saharan Africa (IDA & IBRD countries)","T6","TSS",2002,"","2026-01-28",718662153,52.3573943143863,"Aggregates","","","","Aggregates","Aggregates"
"Sub-Saharan Africa (IDA & IBRD countries)","T6","TSS",2003,"","2026-01-28",738316131,52.8273758116531,"Aggregates","","","","Aggregates","Aggregates"
"Sub-Saharan Africa (IDA & IBRD countries)","T6","TSS",2004,"","2026-01-28",758653144,53.3464613070226,"Aggregates","","","","Aggregates","Aggregates"
"Sub-Saharan Africa (IDA & IBRD countries)","T6","TSS",2007,"","2026-01-28",823564883,55.263324559654,"Aggregates","","","","Aggregates","Aggregates"
"Sub-Saharan Africa (IDA & IBRD countries)","T6","TSS",2008,"","2026-01-28",846656872,55.8873142457425,"Aggregates","","","","Aggregates","Aggregates"
"Sudan","SD","SDN",2010,"","2026-01-28",35414399,62.979,"Sub-Saharan Africa","Khartoum","32.5363","15.5932","Low income","IDA"
"Sudan","SD","SDN",2011,"","2026-01-28",36140806,63.181,"Sub-Saharan Africa","Khartoum","32.5363","15.5932","Low income","IDA"
"Sudan","SD","SDN",2014,"","2026-01-28",38823318,63.99,"Sub-Saharan Africa","Khartoum","32.5363","15.5932","Low income","IDA"
"Sudan","SD","SDN",2015,"","2026-01-28",40024431,64.375,"Sub-Saharan Africa","Khartoum","32.5363","15.5932","Low income","IDA"
"Sudan","SD","SDN",2016,"","2026-01-28",41259892,64.677,"Sub-Saharan Africa","Khartoum","32.5363","15.5932","Low income","IDA"
"Sudan","SD","SDN",2017,"","2026-01-28",42714306,65.146,"Sub-Saharan Africa","Khartoum","32.5363","15.5932","Low income","IDA"
"Sudan","SD","SDN",2018,"","2026-01-28",44230596,65.501,"Sub-Saharan Africa","Khartoum","32.5363","15.5932","Low income","IDA"
"Sudan","SD","SDN",2019,"","2026-01-28",45548175,65.803,"Sub-Saharan Africa","Khartoum","32.5363","15.5932","Low income","IDA"
"Sudan","SD","SDN",2020,"","2026-01-28",46789231,65.124,"Sub-Saharan Africa","Khartoum","32.5363","15.5932","Low income","IDA"
"Sudan","SD","SDN",2021,"","2026-01-28",48066924,64.46,"Sub-Saharan Africa","Khartoum","32.5363","15.5932","Low income","IDA"
"Sudan","SD","SDN",2022,"","2026-01-28",49383346,65.695,"Sub-Saharan Africa","Khartoum","32.5363","15.5932","Low income","IDA"
"Sudan","SD","SDN",2023,"","2026-01-28",50042791,66.331,"Sub-Saharan Africa","Khartoum","32.5363","15.5932","Low income","IDA"
"Sudan","SD","SDN",2024,"","2026-01-28",50448963,NA,"Sub-Saharan Africa","Khartoum","32.5363","15.5932","Low income","IDA"
"Sudan","SD","SDN",2012,"","2026-01-28",36923178,63.427,"Sub-Saharan Africa","Khartoum","32.5363","15.5932","Low income","IDA"
"Sudan","SD","SDN",2013,"","2026-01-28",37785849,63.443,"Sub-Saharan Africa","Khartoum","32.5363","15.5932","Low income","IDA"
"Sudan","SD","SDN",2000,"","2026-01-28",27816745,58.946,"Sub-Saharan Africa","Khartoum","32.5363","15.5932","Low income","IDA"
"Sudan","SD","SDN",2001,"","2026-01-28",28516770,59.264,"Sub-Saharan Africa","Khartoum","32.5363","15.5932","Low income","IDA"
"Sudan","SD","SDN",2002,"","2026-01-28",29228727,59.308,"Sub-Saharan Africa","Khartoum","32.5363","15.5932","Low income","IDA"
"Sudan","SD","SDN",2003,"","2026-01-28",29896035,58.319,"Sub-Saharan Africa","Khartoum","32.5363","15.5932","Low income","IDA"
"Sudan","SD","SDN",2004,"","2026-01-28",30556637,56.773,"Sub-Saharan Africa","Khartoum","32.5363","15.5932","Low income","IDA"
"Sudan","SD","SDN",2005,"","2026-01-28",31262444,57.226,"Sub-Saharan Africa","Khartoum","32.5363","15.5932","Low income","IDA"
"Sudan","SD","SDN",2006,"","2026-01-28",31992435,60.4,"Sub-Saharan Africa","Khartoum","32.5363","15.5932","Low income","IDA"
"Sudan","SD","SDN",2007,"","2026-01-28",32764135,61.442,"Sub-Saharan Africa","Khartoum","32.5363","15.5932","Low income","IDA"
"Sudan","SD","SDN",2008,"","2026-01-28",33623980,61.261,"Sub-Saharan Africa","Khartoum","32.5363","15.5932","Low income","IDA"
"Sudan","SD","SDN",2009,"","2026-01-28",34569113,62.676,"Sub-Saharan Africa","Khartoum","32.5363","15.5932","Low income","IDA"
"Suriname","SR","SUR",2011,"","2026-01-28",556269,69.82,"Latin America & Caribbean","Paramaribo","-55.1679","5.8232","Upper middle income","Blend"
"Suriname","SR","SUR",2012,"","2026-01-28",562633,69.957,"Latin America & Caribbean","Paramaribo","-55.1679","5.8232","Upper middle income","Blend"
"Suriname","SR","SUR",2000,"","2026-01-28",476643,64.409,"Latin America & Caribbean","Paramaribo","-55.1679","5.8232","Upper middle income","Blend"
"Suriname","SR","SUR",2001,"","2026-01-28",486560,64.82,"Latin America & Caribbean","Paramaribo","-55.1679","5.8232","Upper middle income","Blend"
"Suriname","SR","SUR",2002,"","2026-01-28",496551,65.274,"Latin America & Caribbean","Paramaribo","-55.1679","5.8232","Upper middle income","Blend"
"Suriname","SR","SUR",2003,"","2026-01-28",506414,65.778,"Latin America & Caribbean","Paramaribo","-55.1679","5.8232","Upper middle income","Blend"
"Suriname","SR","SUR",2004,"","2026-01-28",513923,66.362,"Latin America & Caribbean","Paramaribo","-55.1679","5.8232","Upper middle income","Blend"
"Suriname","SR","SUR",2005,"","2026-01-28",519313,66.997,"Latin America & Caribbean","Paramaribo","-55.1679","5.8232","Upper middle income","Blend"
"Suriname","SR","SUR",2006,"","2026-01-28",524997,67.643,"Latin America & Caribbean","Paramaribo","-55.1679","5.8232","Upper middle income","Blend"
"Suriname","SR","SUR",2007,"","2026-01-28",531016,68.307,"Latin America & Caribbean","Paramaribo","-55.1679","5.8232","Upper middle income","Blend"
"Suriname","SR","SUR",2008,"","2026-01-28",537245,68.873,"Latin America & Caribbean","Paramaribo","-55.1679","5.8232","Upper middle income","Blend"
"Suriname","SR","SUR",2009,"","2026-01-28",543568,69.323,"Latin America & Caribbean","Paramaribo","-55.1679","5.8232","Upper middle income","Blend"
"Suriname","SR","SUR",2010,"","2026-01-28",549923,69.626,"Latin America & Caribbean","Paramaribo","-55.1679","5.8232","Upper middle income","Blend"
"Suriname","SR","SUR",2024,"","2026-01-28",634431,NA,"Latin America & Caribbean","Paramaribo","-55.1679","5.8232","Upper middle income","Blend"
"Suriname","SR","SUR",2016,"","2026-01-28",587757,70.979,"Latin America & Caribbean","Paramaribo","-55.1679","5.8232","Upper middle income","Blend"
"Suriname","SR","SUR",2013,"","2026-01-28",569020,70.11,"Latin America & Caribbean","Paramaribo","-55.1679","5.8232","Upper middle income","Blend"
"Suriname","SR","SUR",2014,"","2026-01-28",575373,70.33,"Latin America & Caribbean","Paramaribo","-55.1679","5.8232","Upper middle income","Blend"
"Suriname","SR","SUR",2015,"","2026-01-28",581627,70.567,"Latin America & Caribbean","Paramaribo","-55.1679","5.8232","Upper middle income","Blend"
"Suriname","SR","SUR",2020,"","2026-01-28",612317,72.321,"Latin America & Caribbean","Paramaribo","-55.1679","5.8232","Upper middle income","Blend"
"Suriname","SR","SUR",2017,"","2026-01-28",593713,71.247,"Latin America & Caribbean","Paramaribo","-55.1679","5.8232","Upper middle income","Blend"
"Suriname","SR","SUR",2018,"","2026-01-28",599513,71.468,"Latin America & Caribbean","Paramaribo","-55.1679","5.8232","Upper middle income","Blend"
"Suriname","SR","SUR",2019,"","2026-01-28",605768,71.773,"Latin America & Caribbean","Paramaribo","-55.1679","5.8232","Upper middle income","Blend"
"Suriname","SR","SUR",2021,"","2026-01-28",617896,68.943,"Latin America & Caribbean","Paramaribo","-55.1679","5.8232","Upper middle income","Blend"
"Suriname","SR","SUR",2022,"","2026-01-28",623164,73.254,"Latin America & Caribbean","Paramaribo","-55.1679","5.8232","Upper middle income","Blend"
"Suriname","SR","SUR",2023,"","2026-01-28",628886,73.631,"Latin America & Caribbean","Paramaribo","-55.1679","5.8232","Upper middle income","Blend"
"Sweden","SE","SWE",2001,"","2026-01-28",8895960,79.7951219512195,"Europe & Central Asia","Stockholm","18.0645","59.3327","High income","Not classified"
"Sweden","SE","SWE",2000,"","2026-01-28",8872109,79.6439024390244,"Europe & Central Asia","Stockholm","18.0645","59.3327","High income","Not classified"
"Sweden","SE","SWE",2014,"","2026-01-28",9696110,82.2536585365854,"Europe & Central Asia","Stockholm","18.0645","59.3327","High income","Not classified"
"Sweden","SE","SWE",2002,"","2026-01-28",8924958,79.8463414634146,"Europe & Central Asia","Stockholm","18.0645","59.3327","High income","Not classified"
"Sweden","SE","SWE",2003,"","2026-01-28",8958229,80.0951219512195,"Europe & Central Asia","Stockholm","18.0645","59.3327","High income","Not classified"
"Sweden","SE","SWE",2004,"","2026-01-28",8993531,80.4975609756098,"Europe & Central Asia","Stockholm","18.0645","59.3327","High income","Not classified"
"Sweden","SE","SWE",2005,"","2026-01-28",9029572,80.5463414634146,"Europe & Central Asia","Stockholm","18.0645","59.3327","High income","Not classified"
"Sweden","SE","SWE",2006,"","2026-01-28",9080505,80.7487804878049,"Europe & Central Asia","Stockholm","18.0645","59.3327","High income","Not classified"
"Sweden","SE","SWE",2007,"","2026-01-28",9148092,80.9,"Europe & Central Asia","Stockholm","18.0645","59.3327","High income","Not classified"
"Sweden","SE","SWE",2008,"","2026-01-28",9219637,81.1,"Europe & Central Asia","Stockholm","18.0645","59.3327","High income","Not classified"
"Sweden","SE","SWE",2009,"","2026-01-28",9298515,81.3512195121951,"Europe & Central Asia","Stockholm","18.0645","59.3327","High income","Not classified"
"Sweden","SE","SWE",2010,"","2026-01-28",9378126,81.4512195121951,"Europe & Central Asia","Stockholm","18.0645","59.3327","High income","Not classified"
"Sweden","SE","SWE",2011,"","2026-01-28",9449213,81.8024390243903,"Europe & Central Asia","Stockholm","18.0645","59.3327","High income","Not classified"
"Sweden","SE","SWE",2012,"","2026-01-28",9519374,81.7048780487805,"Europe & Central Asia","Stockholm","18.0645","59.3327","High income","Not classified"
"Sweden","SE","SWE",2013,"","2026-01-28",9600379,81.9560975609756,"Europe & Central Asia","Stockholm","18.0645","59.3327","High income","Not classified"
"Sweden","SE","SWE",2016,"","2026-01-28",9923085,82.3073170731707,"Europe & Central Asia","Stockholm","18.0645","59.3327","High income","Not classified"
"Sweden","SE","SWE",2017,"","2026-01-28",10057698,82.409756097561,"Europe & Central Asia","Stockholm","18.0645","59.3327","High income","Not classified"
"Sweden","SE","SWE",2018,"","2026-01-28",10175214,82.5585365853659,"Europe & Central Asia","Stockholm","18.0645","59.3327","High income","Not classified"
"Sweden","SE","SWE",2015,"","2026-01-28",9799186,82.2048780487805,"Europe & Central Asia","Stockholm","18.0645","59.3327","High income","Not classified"
"Sweden","SE","SWE",2020,"","2026-01-28",10353442,82.3560975609756,"Europe & Central Asia","Stockholm","18.0645","59.3327","High income","Not classified"
"Sweden","SE","SWE",2021,"","2026-01-28",10415811,83.0560975609756,"Europe & Central Asia","Stockholm","18.0645","59.3327","High income","Not classified"
"Sweden","SE","SWE",2022,"","2026-01-28",10486941,83.0585365853659,"Europe & Central Asia","Stockholm","18.0645","59.3327","High income","Not classified"
"Sweden","SE","SWE",2019,"","2026-01-28",10278887,83.109756097561,"Europe & Central Asia","Stockholm","18.0645","59.3327","High income","Not classified"
"Sweden","SE","SWE",2024,"","2026-01-28",10569709,NA,"Europe & Central Asia","Stockholm","18.0645","59.3327","High income","Not classified"
"Sweden","SE","SWE",2023,"","2026-01-28",10536632,83.309756097561,"Europe & Central Asia","Stockholm","18.0645","59.3327","High income","Not classified"
"Switzerland","CH","CHE",2016,"","2026-01-28",8373338,83.6024390243903,"Europe & Central Asia","Bern","7.44821","46.948","High income","Not classified"
"Switzerland","CH","CHE",2017,"","2026-01-28",8451840,83.5512195121951,"Europe & Central Asia","Bern","7.44821","46.948","High income","Not classified"
"Switzerland","CH","CHE",2015,"","2026-01-28",8282396,82.8975609756098,"Europe & Central Asia","Bern","7.44821","46.948","High income","Not classified"
"Switzerland","CH","CHE",2000,"","2026-01-28",7184250,79.6804878048781,"Europe & Central Asia","Bern","7.44821","46.948","High income","Not classified"
"Switzerland","CH","CHE",2001,"","2026-01-28",7229854,80.1804878048781,"Europe & Central Asia","Bern","7.44821","46.948","High income","Not classified"
"Switzerland","CH","CHE",2002,"","2026-01-28",7284753,80.3853658536585,"Europe & Central Asia","Bern","7.44821","46.948","High income","Not classified"
"Switzerland","CH","CHE",2018,"","2026-01-28",8514329,83.7536585365854,"Europe & Central Asia","Bern","7.44821","46.948","High income","Not classified"
"Switzerland","CH","CHE",2019,"","2026-01-28",8575280,83.9048780487805,"Europe & Central Asia","Bern","7.44821","46.948","High income","Not classified"
"Switzerland","CH","CHE",2020,"","2026-01-28",8638167,83,"Europe & Central Asia","Bern","7.44821","46.948","High income","Not classified"
"Switzerland","CH","CHE",2021,"","2026-01-28",8704546,83.7512195121951,"Europe & Central Asia","Bern","7.44821","46.948","High income","Not classified"
"Switzerland","CH","CHE",2022,"","2026-01-28",8777088,83.6048780487805,"Europe & Central Asia","Bern","7.44821","46.948","High income","Not classified"
"Switzerland","CH","CHE",2023,"","2026-01-28",8888822,84.0560975609756,"Europe & Central Asia","Bern","7.44821","46.948","High income","Not classified"
"Switzerland","CH","CHE",2024,"","2026-01-28",9005582,NA,"Europe & Central Asia","Bern","7.44821","46.948","High income","Not classified"
"Switzerland","CH","CHE",2010,"","2026-01-28",7824909,82.2463414634147,"Europe & Central Asia","Bern","7.44821","46.948","High income","Not classified"
"Switzerland","CH","CHE",2011,"","2026-01-28",7912398,82.6951219512195,"Europe & Central Asia","Bern","7.44821","46.948","High income","Not classified"
"Switzerland","CH","CHE",2012,"","2026-01-28",7996861,82.6975609756098,"Europe & Central Asia","Bern","7.44821","46.948","High income","Not classified"
"Switzerland","CH","CHE",2013,"","2026-01-28",8089346,82.7975609756098,"Europe & Central Asia","Bern","7.44821","46.948","High income","Not classified"
"Switzerland","CH","CHE",2014,"","2026-01-28",8188649,83.1975609756098,"Europe & Central Asia","Bern","7.44821","46.948","High income","Not classified"
"Switzerland","CH","CHE",2006,"","2026-01-28",7483934,81.490243902439,"Europe & Central Asia","Bern","7.44821","46.948","High income","Not classified"
"Switzerland","CH","CHE",2003,"","2026-01-28",7339001,80.5365853658537,"Europe & Central Asia","Bern","7.44821","46.948","High income","Not classified"
"Switzerland","CH","CHE",2004,"","2026-01-28",7389625,81.0878048780488,"Europe & Central Asia","Bern","7.44821","46.948","High income","Not classified"
"Switzerland","CH","CHE",2005,"","2026-01-28",7437115,81.2365853658537,"Europe & Central Asia","Bern","7.44821","46.948","High income","Not classified"
"Switzerland","CH","CHE",2007,"","2026-01-28",7551117,81.7414634146342,"Europe & Central Asia","Bern","7.44821","46.948","High income","Not classified"
"Switzerland","CH","CHE",2008,"","2026-01-28",7647675,81.9926829268293,"Europe & Central Asia","Bern","7.44821","46.948","High income","Not classified"
"Switzerland","CH","CHE",2009,"","2026-01-28",7743831,82.0439024390244,"Europe & Central Asia","Bern","7.44821","46.948","High income","Not classified"
"Syrian Arab Republic","SY","SYR",2005,"","2026-01-28",18814091,72.797,"Middle East & North Africa","Damascus","36.3119","33.5146","Low income","IDA"
"Syrian Arab Republic","SY","SYR",2000,"","2026-01-28",16637888,70.856,"Middle East & North Africa","Damascus","36.3119","33.5146","Low income","IDA"
"Syrian Arab Republic","SY","SYR",2001,"","2026-01-28",17051338,71.296,"Middle East & North Africa","Damascus","36.3119","33.5146","Low income","IDA"
"Syrian Arab Republic","SY","SYR",2002,"","2026-01-28",17468332,71.742,"Middle East & North Africa","Damascus","36.3119","33.5146","Low income","IDA"
"Syrian Arab Republic","SY","SYR",2003,"","2026-01-28",17889296,72.188,"Middle East & North Africa","Damascus","36.3119","33.5146","Low income","IDA"
"Syrian Arab Republic","SY","SYR",2004,"","2026-01-28",18336875,72.494,"Middle East & North Africa","Damascus","36.3119","33.5146","Low income","IDA"
"Syrian Arab Republic","SY","SYR",2017,"","2026-01-28",19224668,65.651,"Middle East & North Africa","Damascus","36.3119","33.5146","Low income","IDA"
"Syrian Arab Republic","SY","SYR",2018,"","2026-01-28",19577845,67.371,"Middle East & North Africa","Damascus","36.3119","33.5146","Low income","IDA"
"Syrian Arab Republic","SY","SYR",2006,"","2026-01-28",19637022,73.04,"Middle East & North Africa","Damascus","36.3119","33.5146","Low income","IDA"
"Syrian Arab Republic","SY","SYR",2007,"","2026-01-28",20884125,73.256,"Middle East & North Africa","Damascus","36.3119","33.5146","Low income","IDA"
"Syrian Arab Republic","SY","SYR",2008,"","2026-01-28",21636564,73.368,"Middle East & North Africa","Damascus","36.3119","33.5146","Low income","IDA"
"Syrian Arab Republic","SY","SYR",2009,"","2026-01-28",21976969,73.496,"Middle East & North Africa","Damascus","36.3119","33.5146","Low income","IDA"
"Syrian Arab Republic","SY","SYR",2010,"","2026-01-28",22482421,73.542,"Middle East & North Africa","Damascus","36.3119","33.5146","Low income","IDA"
"Syrian Arab Republic","SY","SYR",2011,"","2026-01-28",22878098,72.259,"Middle East & North Africa","Damascus","36.3119","33.5146","Low income","IDA"
"Syrian Arab Republic","SY","SYR",2012,"","2026-01-28",22759763,66.206,"Middle East & North Africa","Damascus","36.3119","33.5146","Low income","IDA"
"Syrian Arab Republic","SY","SYR",2013,"","2026-01-28",21666917,65.146,"Middle East & North Africa","Damascus","36.3119","33.5146","Low income","IDA"
"Syrian Arab Republic","SY","SYR",2014,"","2026-01-28",20273659,65.492,"Middle East & North Africa","Damascus","36.3119","33.5146","Low income","IDA"
"Syrian Arab Republic","SY","SYR",2015,"","2026-01-28",19424618,63.265,"Middle East & North Africa","Damascus","36.3119","33.5146","Low income","IDA"
"Syrian Arab Republic","SY","SYR",2016,"","2026-01-28",19193834,65.19,"Middle East & North Africa","Damascus","36.3119","33.5146","Low income","IDA"
"Syrian Arab Republic","SY","SYR",2021,"","2026-01-28",21628839,72.418,"Middle East & North Africa","Damascus","36.3119","33.5146","Low income","IDA"
"Syrian Arab Republic","SY","SYR",2022,"","2026-01-28",22462173,72.79,"Middle East & North Africa","Damascus","36.3119","33.5146","Low income","IDA"
"Syrian Arab Republic","SY","SYR",2019,"","2026-01-28",20353534,70.97,"Middle East & North Africa","Damascus","36.3119","33.5146","Low income","IDA"
"Syrian Arab Republic","SY","SYR",2020,"","2026-01-28",21049429,71.944,"Middle East & North Africa","Damascus","36.3119","33.5146","Low income","IDA"
"Syrian Arab Republic","SY","SYR",2023,"","2026-01-28",23594623,72.12,"Middle East & North Africa","Damascus","36.3119","33.5146","Low income","IDA"
"Syrian Arab Republic","SY","SYR",2024,"","2026-01-28",24672760,NA,"Middle East & North Africa","Damascus","36.3119","33.5146","Low income","IDA"
"Tajikistan","TJ","TJK",2006,"","2026-01-28",7057566,66.997,"Europe & Central Asia","Dushanbe","68.7864","38.5878","Lower middle income","IDA"
"Tajikistan","TJ","TJK",2007,"","2026-01-28",7194477,67.405,"Europe & Central Asia","Dushanbe","68.7864","38.5878","Lower middle income","IDA"
"Tajikistan","TJ","TJK",2014,"","2026-01-28",8425552,69.697,"Europe & Central Asia","Dushanbe","68.7864","38.5878","Lower middle income","IDA"
"Tajikistan","TJ","TJK",2015,"","2026-01-28",8643840,69.665,"Europe & Central Asia","Dushanbe","68.7864","38.5878","Lower middle income","IDA"
"Tajikistan","TJ","TJK",2016,"","2026-01-28",8865631,69.982,"Europe & Central Asia","Dushanbe","68.7864","38.5878","Lower middle income","IDA"
"Tajikistan","TJ","TJK",2017,"","2026-01-28",9085946,70.524,"Europe & Central Asia","Dushanbe","68.7864","38.5878","Lower middle income","IDA"
"Tajikistan","TJ","TJK",2018,"","2026-01-28",9307333,70.737,"Europe & Central Asia","Dushanbe","68.7864","38.5878","Lower middle income","IDA"
"Tajikistan","TJ","TJK",2019,"","2026-01-28",9529966,70.962,"Europe & Central Asia","Dushanbe","68.7864","38.5878","Lower middle income","IDA"
"Tajikistan","TJ","TJK",2020,"","2026-01-28",9749310,68.605,"Europe & Central Asia","Dushanbe","68.7864","38.5878","Lower middle income","IDA"
"Tajikistan","TJ","TJK",2008,"","2026-01-28",7338403,67.924,"Europe & Central Asia","Dushanbe","68.7864","38.5878","Lower middle income","IDA"
"Tajikistan","TJ","TJK",2009,"","2026-01-28",7490230,68.248,"Europe & Central Asia","Dushanbe","68.7864","38.5878","Lower middle income","IDA"
"Tajikistan","TJ","TJK",2010,"","2026-01-28",7652141,68.37,"Europe & Central Asia","Dushanbe","68.7864","38.5878","Lower middle income","IDA"
"Tajikistan","TJ","TJK",2011,"","2026-01-28",7824785,68.698,"Europe & Central Asia","Dushanbe","68.7864","38.5878","Lower middle income","IDA"
"Tajikistan","TJ","TJK",2012,"","2026-01-28",8014084,69.13,"Europe & Central Asia","Dushanbe","68.7864","38.5878","Lower middle income","IDA"
"Tajikistan","TJ","TJK",2013,"","2026-01-28",8216724,69.579,"Europe & Central Asia","Dushanbe","68.7864","38.5878","Lower middle income","IDA"
"Tajikistan","TJ","TJK",2000,"","2026-01-28",6284735,63.542,"Europe & Central Asia","Dushanbe","68.7864","38.5878","Lower middle income","IDA"
"Tajikistan","TJ","TJK",2001,"","2026-01-28",6407377,64.197,"Europe & Central Asia","Dushanbe","68.7864","38.5878","Lower middle income","IDA"
"Tajikistan","TJ","TJK",2002,"","2026-01-28",6531669,64.898,"Europe & Central Asia","Dushanbe","68.7864","38.5878","Lower middle income","IDA"
"Tajikistan","TJ","TJK",2003,"","2026-01-28",6658575,65.874,"Europe & Central Asia","Dushanbe","68.7864","38.5878","Lower middle income","IDA"
"Tajikistan","TJ","TJK",2004,"","2026-01-28",6790547,66.604,"Europe & Central Asia","Dushanbe","68.7864","38.5878","Lower middle income","IDA"
"Tajikistan","TJ","TJK",2005,"","2026-01-28",6924720,66.531,"Europe & Central Asia","Dushanbe","68.7864","38.5878","Lower middle income","IDA"
"Tajikistan","TJ","TJK",2023,"","2026-01-28",10389799,71.79,"Europe & Central Asia","Dushanbe","68.7864","38.5878","Lower middle income","IDA"
"Tajikistan","TJ","TJK",2024,"","2026-01-28",10590927,NA,"Europe & Central Asia","Dushanbe","68.7864","38.5878","Lower middle income","IDA"
"Tajikistan","TJ","TJK",2021,"","2026-01-28",9966908,69.594,"Europe & Central Asia","Dushanbe","68.7864","38.5878","Lower middle income","IDA"
"Tajikistan","TJ","TJK",2022,"","2026-01-28",10182222,71.562,"Europe & Central Asia","Dushanbe","68.7864","38.5878","Lower middle income","IDA"
"Tanzania","TZ","TZA",2021,"","2026-01-28",62830412,66.131,"Sub-Saharan Africa","Dodoma","35.7382","-6.17486","Lower middle income","IDA"
"Tanzania","TZ","TZA",2022,"","2026-01-28",64711821,66.879,"Sub-Saharan Africa","Dodoma","35.7382","-6.17486","Lower middle income","IDA"
"Tanzania","TZ","TZA",2000,"","2026-01-28",34260139,53.244,"Sub-Saharan Africa","Dodoma","35.7382","-6.17486","Lower middle income","IDA"
"Tanzania","TZ","TZA",2001,"","2026-01-28",35198299,54.124,"Sub-Saharan Africa","Dodoma","35.7382","-6.17486","Lower middle income","IDA"
"Tanzania","TZ","TZA",2002,"","2026-01-28",36121304,54.94,"Sub-Saharan Africa","Dodoma","35.7382","-6.17486","Lower middle income","IDA"
"Tanzania","TZ","TZA",2003,"","2026-01-28",37089555,55.929,"Sub-Saharan Africa","Dodoma","35.7382","-6.17486","Lower middle income","IDA"
"Tanzania","TZ","TZA",2004,"","2026-01-28",38109668,56.836,"Sub-Saharan Africa","Dodoma","35.7382","-6.17486","Lower middle income","IDA"
"Tanzania","TZ","TZA",2005,"","2026-01-28",39182076,57.675,"Sub-Saharan Africa","Dodoma","35.7382","-6.17486","Lower middle income","IDA"
"Tanzania","TZ","TZA",2006,"","2026-01-28",40294902,58.512,"Sub-Saharan Africa","Dodoma","35.7382","-6.17486","Lower middle income","IDA"
"Tanzania","TZ","TZA",2007,"","2026-01-28",41435512,59.26,"Sub-Saharan Africa","Dodoma","35.7382","-6.17486","Lower middle income","IDA"
"Tanzania","TZ","TZA",2008,"","2026-01-28",42570728,59.896,"Sub-Saharan Africa","Dodoma","35.7382","-6.17486","Lower middle income","IDA"
"Tanzania","TZ","TZA",2023,"","2026-01-28",66617606,66.995,"Sub-Saharan Africa","Dodoma","35.7382","-6.17486","Lower middle income","IDA"
"Tanzania","TZ","TZA",2024,"","2026-01-28",68560157,NA,"Sub-Saharan Africa","Dodoma","35.7382","-6.17486","Lower middle income","IDA"
"Tanzania","TZ","TZA",2011,"","2026-01-28",46029367,61.618,"Sub-Saharan Africa","Dodoma","35.7382","-6.17486","Lower middle income","IDA"
"Tanzania","TZ","TZA",2012,"","2026-01-28",47374260,62.286,"Sub-Saharan Africa","Dodoma","35.7382","-6.17486","Lower middle income","IDA"
"Tanzania","TZ","TZA",2013,"","2026-01-28",48824128,62.788,"Sub-Saharan Africa","Dodoma","35.7382","-6.17486","Lower middle income","IDA"
"Tanzania","TZ","TZA",2014,"","2026-01-28",50351512,63.364,"Sub-Saharan Africa","Dodoma","35.7382","-6.17486","Lower middle income","IDA"
"Tanzania","TZ","TZA",2015,"","2026-01-28",52020962,63.928,"Sub-Saharan Africa","Dodoma","35.7382","-6.17486","Lower middle income","IDA"
"Tanzania","TZ","TZA",2016,"","2026-01-28",53824013,64.404,"Sub-Saharan Africa","Dodoma","35.7382","-6.17486","Lower middle income","IDA"
"Tanzania","TZ","TZA",2017,"","2026-01-28",55652890,64.963,"Sub-Saharan Africa","Dodoma","35.7382","-6.17486","Lower middle income","IDA"
"Tanzania","TZ","TZA",2018,"","2026-01-28",57437145,65.488,"Sub-Saharan Africa","Dodoma","35.7382","-6.17486","Lower middle income","IDA"
"Tanzania","TZ","TZA",2019,"","2026-01-28",59174891,66.007,"Sub-Saharan Africa","Dodoma","35.7382","-6.17486","Lower middle income","IDA"
"Tanzania","TZ","TZA",2020,"","2026-01-28",60972798,66.771,"Sub-Saharan Africa","Dodoma","35.7382","-6.17486","Lower middle income","IDA"
"Tanzania","TZ","TZA",2009,"","2026-01-28",43633982,60.494,"Sub-Saharan Africa","Dodoma","35.7382","-6.17486","Lower middle income","IDA"
"Tanzania","TZ","TZA",2010,"","2026-01-28",44758488,61.127,"Sub-Saharan Africa","Dodoma","35.7382","-6.17486","Lower middle income","IDA"
"Thailand","TH","THA",2010,"","2026-01-28",68579447,75.012,"East Asia & Pacific","Bangkok","100.521","13.7308","Upper middle income","IBRD"
"Thailand","TH","THA",2000,"","2026-01-28",63007815,71.205,"East Asia & Pacific","Bangkok","100.521","13.7308","Upper middle income","IBRD"
"Thailand","TH","THA",2001,"","2026-01-28",63651141,71.52,"East Asia & Pacific","Bangkok","100.521","13.7308","Upper middle income","IBRD"
"Thailand","TH","THA",2002,"","2026-01-28",64266437,71.775,"East Asia & Pacific","Bangkok","100.521","13.7308","Upper middle income","IBRD"
"Thailand","TH","THA",2003,"","2026-01-28",64868166,72.101,"East Asia & Pacific","Bangkok","100.521","13.7308","Upper middle income","IBRD"
"Thailand","TH","THA",2004,"","2026-01-28",65452047,72.1,"East Asia & Pacific","Bangkok","100.521","13.7308","Upper middle income","IBRD"
"Thailand","TH","THA",2005,"","2026-01-28",66017420,72.894,"East Asia & Pacific","Bangkok","100.521","13.7308","Upper middle income","IBRD"
"Thailand","TH","THA",2006,"","2026-01-28",66567687,73.341,"East Asia & Pacific","Bangkok","100.521","13.7308","Upper middle income","IBRD"
"Thailand","TH","THA",2007,"","2026-01-28",67102394,73.779,"East Asia & Pacific","Bangkok","100.521","13.7308","Upper middle income","IBRD"
"Thailand","TH","THA",2008,"","2026-01-28",67619830,74.221,"East Asia & Pacific","Bangkok","100.521","13.7308","Upper middle income","IBRD"
"Thailand","TH","THA",2009,"","2026-01-28",68121080,74.669,"East Asia & Pacific","Bangkok","100.521","13.7308","Upper middle income","IBRD"
"Thailand","TH","THA",2020,"","2026-01-28",71641484,77.331,"East Asia & Pacific","Bangkok","100.521","13.7308","Upper middle income","IBRD"
"Thailand","TH","THA",2021,"","2026-01-28",71727332,77.606,"East Asia & Pacific","Bangkok","100.521","13.7308","Upper middle income","IBRD"
"Thailand","TH","THA",2022,"","2026-01-28",71735329,75.291,"East Asia & Pacific","Bangkok","100.521","13.7308","Upper middle income","IBRD"
"Thailand","TH","THA",2023,"","2026-01-28",71702435,76.412,"East Asia & Pacific","Bangkok","100.521","13.7308","Upper middle income","IBRD"
"Thailand","TH","THA",2011,"","2026-01-28",69007208,75.302,"East Asia & Pacific","Bangkok","100.521","13.7308","Upper middle income","IBRD"
"Thailand","TH","THA",2012,"","2026-01-28",69436098,75.59,"East Asia & Pacific","Bangkok","100.521","13.7308","Upper middle income","IBRD"
"Thailand","TH","THA",2013,"","2026-01-28",69845114,75.96,"East Asia & Pacific","Bangkok","100.521","13.7308","Upper middle income","IBRD"
"Thailand","TH","THA",2014,"","2026-01-28",70216367,76.279,"East Asia & Pacific","Bangkok","100.521","13.7308","Upper middle income","IBRD"
"Thailand","TH","THA",2015,"","2026-01-28",70540795,76.563,"East Asia & Pacific","Bangkok","100.521","13.7308","Upper middle income","IBRD"
"Thailand","TH","THA",2016,"","2026-01-28",70859841,76.769,"East Asia & Pacific","Bangkok","100.521","13.7308","Upper middle income","IBRD"
"Thailand","TH","THA",2017,"","2026-01-28",71160187,76.989,"East Asia & Pacific","Bangkok","100.521","13.7308","Upper middle income","IBRD"
"Thailand","TH","THA",2018,"","2026-01-28",71376079,77.19,"East Asia & Pacific","Bangkok","100.521","13.7308","Upper middle income","IBRD"
"Thailand","TH","THA",2019,"","2026-01-28",71522271,77.197,"East Asia & Pacific","Bangkok","100.521","13.7308","Upper middle income","IBRD"
"Thailand","TH","THA",2024,"","2026-01-28",71668011,NA,"East Asia & Pacific","Bangkok","100.521","13.7308","Upper middle income","IBRD"
"Timor-Leste","TL","TLS",2012,"","2026-01-28",1134885,64.384,"East Asia & Pacific","Dili","125.567","-8.56667","Lower middle income","Blend"
"Timor-Leste","TL","TLS",2013,"","2026-01-28",1158695,64.719,"East Asia & Pacific","Dili","125.567","-8.56667","Lower middle income","Blend"
"Timor-Leste","TL","TLS",2014,"","2026-01-28",1181903,65.027,"East Asia & Pacific","Dili","125.567","-8.56667","Lower middle income","Blend"
"Timor-Leste","TL","TLS",2011,"","2026-01-28",1110207,64.022,"East Asia & Pacific","Dili","125.567","-8.56667","Lower middle income","Blend"
"Timor-Leste","TL","TLS",2016,"","2026-01-28",1228312,65.61,"East Asia & Pacific","Dili","125.567","-8.56667","Lower middle income","Blend"
"Timor-Leste","TL","TLS",2017,"","2026-01-28",1251703,65.898,"East Asia & Pacific","Dili","125.567","-8.56667","Lower middle income","Blend"
"Timor-Leste","TL","TLS",2018,"","2026-01-28",1275959,66.204,"East Asia & Pacific","Dili","125.567","-8.56667","Lower middle income","Blend"
"Timor-Leste","TL","TLS",2019,"","2026-01-28",1300945,66.496,"East Asia & Pacific","Dili","125.567","-8.56667","Lower middle income","Blend"
"Timor-Leste","TL","TLS",2020,"","2026-01-28",1326053,66.919,"East Asia & Pacific","Dili","125.567","-8.56667","Lower middle income","Blend"
"Timor-Leste","TL","TLS",2021,"","2026-01-28",1350139,66.199,"East Asia & Pacific","Dili","125.567","-8.56667","Lower middle income","Blend"
"Timor-Leste","TL","TLS",2022,"","2026-01-28",1369295,67.368,"East Asia & Pacific","Dili","125.567","-8.56667","Lower middle income","Blend"
"Timor-Leste","TL","TLS",2023,"","2026-01-28",1384286,67.689,"East Asia & Pacific","Dili","125.567","-8.56667","Lower middle income","Blend"
"Timor-Leste","TL","TLS",2024,"","2026-01-28",1400638,NA,"East Asia & Pacific","Dili","125.567","-8.56667","Lower middle income","Blend"
"Timor-Leste","TL","TLS",2009,"","2026-01-28",1058782,63.265,"East Asia & Pacific","Dili","125.567","-8.56667","Lower middle income","Blend"
"Timor-Leste","TL","TLS",2010,"","2026-01-28",1084679,63.66,"East Asia & Pacific","Dili","125.567","-8.56667","Lower middle income","Blend"
"Timor-Leste","TL","TLS",2002,"","2026-01-28",879159,59.477,"East Asia & Pacific","Dili","125.567","-8.56667","Lower middle income","Blend"
"Timor-Leste","TL","TLS",2015,"","2026-01-28",1205131,65.326,"East Asia & Pacific","Dili","125.567","-8.56667","Lower middle income","Blend"
"Timor-Leste","TL","TLS",2000,"","2026-01-28",745088,58.097,"East Asia & Pacific","Dili","125.567","-8.56667","Lower middle income","Blend"
"Timor-Leste","TL","TLS",2001,"","2026-01-28",812249,58.772,"East Asia & Pacific","Dili","125.567","-8.56667","Lower middle income","Blend"
"Timor-Leste","TL","TLS",2006,"","2026-01-28",976597,61.881,"East Asia & Pacific","Dili","125.567","-8.56667","Lower middle income","Blend"
"Timor-Leste","TL","TLS",2003,"","2026-01-28",916878,60.13,"East Asia & Pacific","Dili","125.567","-8.56667","Lower middle income","Blend"
"Timor-Leste","TL","TLS",2004,"","2026-01-28",929074,60.743,"East Asia & Pacific","Dili","125.567","-8.56667","Lower middle income","Blend"
"Timor-Leste","TL","TLS",2005,"","2026-01-28",948311,61.272,"East Asia & Pacific","Dili","125.567","-8.56667","Lower middle income","Blend"
"Timor-Leste","TL","TLS",2007,"","2026-01-28",1004889,62.396,"East Asia & Pacific","Dili","125.567","-8.56667","Lower middle income","Blend"
"Timor-Leste","TL","TLS",2008,"","2026-01-28",1032429,62.858,"East Asia & Pacific","Dili","125.567","-8.56667","Lower middle income","Blend"
"Togo","TG","TGO",2002,"","2026-01-28",5413274,55.032,"Sub-Saharan Africa","Lome","1.2255","6.1228","Low income","IDA"
"Togo","TG","TGO",2000,"","2026-01-28",5140037,54.577,"Sub-Saharan Africa","Lome","1.2255","6.1228","Low income","IDA"
"Togo","TG","TGO",2001,"","2026-01-28",5277382,54.746,"Sub-Saharan Africa","Lome","1.2255","6.1228","Low income","IDA"
"Togo","TG","TGO",2014,"","2026-01-28",7472450,58.766,"Sub-Saharan Africa","Lome","1.2255","6.1228","Low income","IDA"
"Togo","TG","TGO",2015,"","2026-01-28",7663195,59.22,"Sub-Saharan Africa","Lome","1.2255","6.1228","Low income","IDA"
"Togo","TG","TGO",2003,"","2026-01-28",5552167,55.299,"Sub-Saharan Africa","Lome","1.2255","6.1228","Low income","IDA"
"Togo","TG","TGO",2004,"","2026-01-28",5696508,55.594,"Sub-Saharan Africa","Lome","1.2255","6.1228","Low income","IDA"
"Togo","TG","TGO",2005,"","2026-01-28",5844631,55.916,"Sub-Saharan Africa","Lome","1.2255","6.1228","Low income","IDA"
"Togo","TG","TGO",2006,"","2026-01-28",6010668,56.142,"Sub-Saharan Africa","Lome","1.2255","6.1228","Low income","IDA"
"Togo","TG","TGO",2007,"","2026-01-28",6188344,56.382,"Sub-Saharan Africa","Lome","1.2255","6.1228","Low income","IDA"
"Togo","TG","TGO",2008,"","2026-01-28",6368812,56.651,"Sub-Saharan Africa","Lome","1.2255","6.1228","Low income","IDA"
"Togo","TG","TGO",2009,"","2026-01-28",6551865,56.927,"Sub-Saharan Africa","Lome","1.2255","6.1228","Low income","IDA"
"Togo","TG","TGO",2010,"","2026-01-28",6732590,57.227,"Sub-Saharan Africa","Lome","1.2255","6.1228","Low income","IDA"
"Togo","TG","TGO",2011,"","2026-01-28",6916474,57.612,"Sub-Saharan Africa","Lome","1.2255","6.1228","Low income","IDA"
"Togo","TG","TGO",2012,"","2026-01-28",7100736,57.94,"Sub-Saharan Africa","Lome","1.2255","6.1228","Low income","IDA"
"Togo","TG","TGO",2013,"","2026-01-28",7285442,58.345,"Sub-Saharan Africa","Lome","1.2255","6.1228","Low income","IDA"
"Togo","TG","TGO",2018,"","2026-01-28",8258778,60.601,"Sub-Saharan Africa","Lome","1.2255","6.1228","Low income","IDA"
"Togo","TG","TGO",2019,"","2026-01-28",8463068,61.055,"Sub-Saharan Africa","Lome","1.2255","6.1228","Low income","IDA"
"Togo","TG","TGO",2016,"","2026-01-28",7858289,59.669,"Sub-Saharan Africa","Lome","1.2255","6.1228","Low income","IDA"
"Togo","TG","TGO",2017,"","2026-01-28",8057140,60.135,"Sub-Saharan Africa","Lome","1.2255","6.1228","Low income","IDA"
"Togo","TG","TGO",2022,"","2026-01-28",9089738,62.29,"Sub-Saharan Africa","Lome","1.2255","6.1228","Low income","IDA"
"Togo","TG","TGO",2023,"","2026-01-28",9304337,62.739,"Sub-Saharan Africa","Lome","1.2255","6.1228","Low income","IDA"
"Togo","TG","TGO",2020,"","2026-01-28",8669720,61.123,"Sub-Saharan Africa","Lome","1.2255","6.1228","Low income","IDA"
"Togo","TG","TGO",2021,"","2026-01-28",8878379,61.328,"Sub-Saharan Africa","Lome","1.2255","6.1228","Low income","IDA"
"Togo","TG","TGO",2024,"","2026-01-28",9515236,NA,"Sub-Saharan Africa","Lome","1.2255","6.1228","Low income","IDA"
"Tonga","TO","TON",2003,"","2026-01-28",104464,70.228,"East Asia & Pacific","Nuku'alofa","-175.216","-21.136","Upper middle income","IDA"
"Tonga","TO","TON",2004,"","2026-01-28",105071,70.433,"East Asia & Pacific","Nuku'alofa","-175.216","-21.136","Upper middle income","IDA"
"Tonga","TO","TON",2014,"","2026-01-28",106609,71.721,"East Asia & Pacific","Nuku'alofa","-175.216","-21.136","Upper middle income","IDA"
"Tonga","TO","TON",2015,"","2026-01-28",106095,71.851,"East Asia & Pacific","Nuku'alofa","-175.216","-21.136","Upper middle income","IDA"
"Tonga","TO","TON",2016,"","2026-01-28",105524,71.951,"East Asia & Pacific","Nuku'alofa","-175.216","-21.136","Upper middle income","IDA"
"Tonga","TO","TON",2017,"","2026-01-28",105356,72.066,"East Asia & Pacific","Nuku'alofa","-175.216","-21.136","Upper middle income","IDA"
"Tonga","TO","TON",2005,"","2026-01-28",105671,70.56,"East Asia & Pacific","Nuku'alofa","-175.216","-21.136","Upper middle income","IDA"
"Tonga","TO","TON",2006,"","2026-01-28",106253,70.71,"East Asia & Pacific","Nuku'alofa","-175.216","-21.136","Upper middle income","IDA"
"Tonga","TO","TON",2007,"","2026-01-28",106726,70.887,"East Asia & Pacific","Nuku'alofa","-175.216","-21.136","Upper middle income","IDA"
"Tonga","TO","TON",2008,"","2026-01-28",107020,71.041,"East Asia & Pacific","Nuku'alofa","-175.216","-21.136","Upper middle income","IDA"
"Tonga","TO","TON",2009,"","2026-01-28",107203,70.949,"East Asia & Pacific","Nuku'alofa","-175.216","-21.136","Upper middle income","IDA"
"Tonga","TO","TON",2010,"","2026-01-28",107400,71.319,"East Asia & Pacific","Nuku'alofa","-175.216","-21.136","Upper middle income","IDA"
"Tonga","TO","TON",2011,"","2026-01-28",107570,71.437,"East Asia & Pacific","Nuku'alofa","-175.216","-21.136","Upper middle income","IDA"
"Tonga","TO","TON",2012,"","2026-01-28",107460,71.546,"East Asia & Pacific","Nuku'alofa","-175.216","-21.136","Upper middle income","IDA"
"Tonga","TO","TON",2013,"","2026-01-28",107078,71.65,"East Asia & Pacific","Nuku'alofa","-175.216","-21.136","Upper middle income","IDA"
"Tonga","TO","TON",2000,"","2026-01-28",102677,69.635,"East Asia & Pacific","Nuku'alofa","-175.216","-21.136","Upper middle income","IDA"
"Tonga","TO","TON",2001,"","2026-01-28",103288,69.8,"East Asia & Pacific","Nuku'alofa","-175.216","-21.136","Upper middle income","IDA"
"Tonga","TO","TON",2002,"","2026-01-28",103874,70.03,"East Asia & Pacific","Nuku'alofa","-175.216","-21.136","Upper middle income","IDA"
"Tonga","TO","TON",2020,"","2026-01-28",105704,72.379,"East Asia & Pacific","Nuku'alofa","-175.216","-21.136","Upper middle income","IDA"
"Tonga","TO","TON",2021,"","2026-01-28",105490,72.13,"East Asia & Pacific","Nuku'alofa","-175.216","-21.136","Upper middle income","IDA"
"Tonga","TO","TON",2018,"","2026-01-28",105567,72.169,"East Asia & Pacific","Nuku'alofa","-175.216","-21.136","Upper middle income","IDA"
"Tonga","TO","TON",2019,"","2026-01-28",105669,72.292,"East Asia & Pacific","Nuku'alofa","-175.216","-21.136","Upper middle income","IDA"
"Tonga","TO","TON",2024,"","2026-01-28",104175,NA,"East Asia & Pacific","Nuku'alofa","-175.216","-21.136","Upper middle income","IDA"
"Tonga","TO","TON",2022,"","2026-01-28",105042,72.635,"East Asia & Pacific","Nuku'alofa","-175.216","-21.136","Upper middle income","IDA"
"Tonga","TO","TON",2023,"","2026-01-28",104597,72.895,"East Asia & Pacific","Nuku'alofa","-175.216","-21.136","Upper middle income","IDA"
"Trinidad and Tobago","TT","TTO",2019,"","2026-01-28",1363985,72.836,"Latin America & Caribbean","Port-of-Spain","-61.4789","10.6596","High income","IBRD"
"Trinidad and Tobago","TT","TTO",2018,"","2026-01-28",1359193,72.658,"Latin America & Caribbean","Port-of-Spain","-61.4789","10.6596","High income","IBRD"
"Trinidad and Tobago","TT","TTO",2000,"","2026-01-28",1319774,68.629,"Latin America & Caribbean","Port-of-Spain","-61.4789","10.6596","High income","IBRD"
"Trinidad and Tobago","TT","TTO",2001,"","2026-01-28",1325567,68.874,"Latin America & Caribbean","Port-of-Spain","-61.4789","10.6596","High income","IBRD"
"Trinidad and Tobago","TT","TTO",2002,"","2026-01-28",1332011,69.232,"Latin America & Caribbean","Port-of-Spain","-61.4789","10.6596","High income","IBRD"
"Trinidad and Tobago","TT","TTO",2003,"","2026-01-28",1338709,69.454,"Latin America & Caribbean","Port-of-Spain","-61.4789","10.6596","High income","IBRD"
"Trinidad and Tobago","TT","TTO",2004,"","2026-01-28",1345380,69.879,"Latin America & Caribbean","Port-of-Spain","-61.4789","10.6596","High income","IBRD"
"Trinidad and Tobago","TT","TTO",2005,"","2026-01-28",1294494,70.185,"Latin America & Caribbean","Port-of-Spain","-61.4789","10.6596","High income","IBRD"
"Trinidad and Tobago","TT","TTO",2020,"","2026-01-28",1366725,72.645,"Latin America & Caribbean","Port-of-Spain","-61.4789","10.6596","High income","IBRD"
"Trinidad and Tobago","TT","TTO",2021,"","2026-01-28",1367558,71.111,"Latin America & Caribbean","Port-of-Spain","-61.4789","10.6596","High income","IBRD"
"Trinidad and Tobago","TT","TTO",2022,"","2026-01-28",1365805,73.331,"Latin America & Caribbean","Port-of-Spain","-61.4789","10.6596","High income","IBRD"
"Trinidad and Tobago","TT","TTO",2023,"","2026-01-28",1367510,73.49,"Latin America & Caribbean","Port-of-Spain","-61.4789","10.6596","High income","IBRD"
"Trinidad and Tobago","TT","TTO",2024,"","2026-01-28",1368333,NA,"Latin America & Caribbean","Port-of-Spain","-61.4789","10.6596","High income","IBRD"
"Trinidad and Tobago","TT","TTO",2011,"","2026-01-28",1328019,72.232,"Latin America & Caribbean","Port-of-Spain","-61.4789","10.6596","High income","IBRD"
"Trinidad and Tobago","TT","TTO",2012,"","2026-01-28",1335194,72.513,"Latin America & Caribbean","Port-of-Spain","-61.4789","10.6596","High income","IBRD"
"Trinidad and Tobago","TT","TTO",2013,"","2026-01-28",1340557,72.785,"Latin America & Caribbean","Port-of-Spain","-61.4789","10.6596","High income","IBRD"
"Trinidad and Tobago","TT","TTO",2014,"","2026-01-28",1345343,72.898,"Latin America & Caribbean","Port-of-Spain","-61.4789","10.6596","High income","IBRD"
"Trinidad and Tobago","TT","TTO",2015,"","2026-01-28",1349667,72.882,"Latin America & Caribbean","Port-of-Spain","-61.4789","10.6596","High income","IBRD"
"Trinidad and Tobago","TT","TTO",2016,"","2026-01-28",1353895,72.935,"Latin America & Caribbean","Port-of-Spain","-61.4789","10.6596","High income","IBRD"
"Trinidad and Tobago","TT","TTO",2017,"","2026-01-28",1356633,72.984,"Latin America & Caribbean","Port-of-Spain","-61.4789","10.6596","High income","IBRD"
"Trinidad and Tobago","TT","TTO",2009,"","2026-01-28",1310106,71.404,"Latin America & Caribbean","Port-of-Spain","-61.4789","10.6596","High income","IBRD"
"Trinidad and Tobago","TT","TTO",2006,"","2026-01-28",1297944,70.437,"Latin America & Caribbean","Port-of-Spain","-61.4789","10.6596","High income","IBRD"
"Trinidad and Tobago","TT","TTO",2007,"","2026-01-28",1303188,70.797,"Latin America & Caribbean","Port-of-Spain","-61.4789","10.6596","High income","IBRD"
"Trinidad and Tobago","TT","TTO",2008,"","2026-01-28",1308587,71.117,"Latin America & Caribbean","Port-of-Spain","-61.4789","10.6596","High income","IBRD"
"Trinidad and Tobago","TT","TTO",2010,"","2026-01-28",1317714,71.809,"Latin America & Caribbean","Port-of-Spain","-61.4789","10.6596","High income","IBRD"
"Tunisia","TN","TUN",2007,"","2026-01-28",10441702,74.039,"Middle East & North Africa","Tunis","10.21","36.7899","Lower middle income","IBRD"
"Tunisia","TN","TUN",2000,"","2026-01-28",9764935,72.604,"Middle East & North Africa","Tunis","10.21","36.7899","Lower middle income","IBRD"
"Tunisia","TN","TUN",2001,"","2026-01-28",9869677,72.822,"Middle East & North Africa","Tunis","10.21","36.7899","Lower middle income","IBRD"
"Tunisia","TN","TUN",2002,"","2026-01-28",9971515,73.07,"Middle East & North Africa","Tunis","10.21","36.7899","Lower middle income","IBRD"
"Tunisia","TN","TUN",2003,"","2026-01-28",10071632,73.304,"Middle East & North Africa","Tunis","10.21","36.7899","Lower middle income","IBRD"
"Tunisia","TN","TUN",2004,"","2026-01-28",10166163,73.519,"Middle East & North Africa","Tunis","10.21","36.7899","Lower middle income","IBRD"
"Tunisia","TN","TUN",2005,"","2026-01-28",10255472,73.712,"Middle East & North Africa","Tunis","10.21","36.7899","Lower middle income","IBRD"
"Tunisia","TN","TUN",2006,"","2026-01-28",10346410,73.888,"Middle East & North Africa","Tunis","10.21","36.7899","Lower middle income","IBRD"
"Tunisia","TN","TUN",2018,"","2026-01-28",11765514,75.37,"Middle East & North Africa","Tunis","10.21","36.7899","Lower middle income","IBRD"
"Tunisia","TN","TUN",2019,"","2026-01-28",11875081,75.599,"Middle East & North Africa","Tunis","10.21","36.7899","Lower middle income","IBRD"
"Tunisia","TN","TUN",2020,"","2026-01-28",11974057,75.004,"Middle East & North Africa","Tunis","10.21","36.7899","Lower middle income","IBRD"
"Tunisia","TN","TUN",2008,"","2026-01-28",10542635,74.192,"Middle East & North Africa","Tunis","10.21","36.7899","Lower middle income","IBRD"
"Tunisia","TN","TUN",2009,"","2026-01-28",10650681,74.32,"Middle East & North Africa","Tunis","10.21","36.7899","Lower middle income","IBRD"
"Tunisia","TN","TUN",2010,"","2026-01-28",10765980,74.438,"Middle East & North Africa","Tunis","10.21","36.7899","Lower middle income","IBRD"
"Tunisia","TN","TUN",2011,"","2026-01-28",10886035,74.471,"Middle East & North Africa","Tunis","10.21","36.7899","Lower middle income","IBRD"
"Tunisia","TN","TUN",2012,"","2026-01-28",11009647,74.599,"Middle East & North Africa","Tunis","10.21","36.7899","Lower middle income","IBRD"
"Tunisia","TN","TUN",2013,"","2026-01-28",11141361,74.674,"Middle East & North Africa","Tunis","10.21","36.7899","Lower middle income","IBRD"
"Tunisia","TN","TUN",2014,"","2026-01-28",11274288,74.784,"Middle East & North Africa","Tunis","10.21","36.7899","Lower middle income","IBRD"
"Tunisia","TN","TUN",2015,"","2026-01-28",11402264,74.875,"Middle East & North Africa","Tunis","10.21","36.7899","Lower middle income","IBRD"
"Tunisia","TN","TUN",2016,"","2026-01-28",11528674,75.007,"Middle East & North Africa","Tunis","10.21","36.7899","Lower middle income","IBRD"
"Tunisia","TN","TUN",2017,"","2026-01-28",11650498,75.177,"Middle East & North Africa","Tunis","10.21","36.7899","Lower middle income","IBRD"
"Tunisia","TN","TUN",2022,"","2026-01-28",12119334,76.05,"Middle East & North Africa","Tunis","10.21","36.7899","Lower middle income","IBRD"
"Tunisia","TN","TUN",2023,"","2026-01-28",12200431,76.508,"Middle East & North Africa","Tunis","10.21","36.7899","Lower middle income","IBRD"
"Tunisia","TN","TUN",2024,"","2026-01-28",12277109,NA,"Middle East & North Africa","Tunis","10.21","36.7899","Lower middle income","IBRD"
"Tunisia","TN","TUN",2021,"","2026-01-28",12048622,72.893,"Middle East & North Africa","Tunis","10.21","36.7899","Lower middle income","IBRD"
"Turkiye","TR","TUR",2008,"","2026-01-28",71051678,74.38,"Europe & Central Asia","Ankara","32.3606","39.7153","Upper middle income","IBRD"
"Turkiye","TR","TUR",2009,"","2026-01-28",72039206,74.679,"Europe & Central Asia","Ankara","32.3606","39.7153","Upper middle income","IBRD"
"Turkiye","TR","TUR",2010,"","2026-01-28",73142150,74.964,"Europe & Central Asia","Ankara","32.3606","39.7153","Upper middle income","IBRD"
"Turkiye","TR","TUR",2015,"","2026-01-28",78218479,76.539,"Europe & Central Asia","Ankara","32.3606","39.7153","Upper middle income","IBRD"
"Turkiye","TR","TUR",2016,"","2026-01-28",79277962,76.595,"Europe & Central Asia","Ankara","32.3606","39.7153","Upper middle income","IBRD"
"Turkiye","TR","TUR",2017,"","2026-01-28",80312698,77.037,"Europe & Central Asia","Ankara","32.3606","39.7153","Upper middle income","IBRD"
"Turkiye","TR","TUR",2018,"","2026-01-28",81407204,77.454,"Europe & Central Asia","Ankara","32.3606","39.7153","Upper middle income","IBRD"
"Turkiye","TR","TUR",2019,"","2026-01-28",82579440,77.737,"Europe & Central Asia","Ankara","32.3606","39.7153","Upper middle income","IBRD"
"Turkiye","TR","TUR",2020,"","2026-01-28",83384680,76.525,"Europe & Central Asia","Ankara","32.3606","39.7153","Upper middle income","IBRD"
"Turkiye","TR","TUR",2021,"","2026-01-28",84147318,75.722,"Europe & Central Asia","Ankara","32.3606","39.7153","Upper middle income","IBRD"
"Turkiye","TR","TUR",2022,"","2026-01-28",84979913,77.591,"Europe & Central Asia","Ankara","32.3606","39.7153","Upper middle income","IBRD"
"Turkiye","TR","TUR",2023,"","2026-01-28",85325965,77.156,"Europe & Central Asia","Ankara","32.3606","39.7153","Upper middle income","IBRD"
"Turkiye","TR","TUR",2011,"","2026-01-28",74223629,74.823,"Europe & Central Asia","Ankara","32.3606","39.7153","Upper middle income","IBRD"
"Turkiye","TR","TUR",2012,"","2026-01-28",75175827,75.552,"Europe & Central Asia","Ankara","32.3606","39.7153","Upper middle income","IBRD"
"Turkiye","TR","TUR",2013,"","2026-01-28",76147624,76.171,"Europe & Central Asia","Ankara","32.3606","39.7153","Upper middle income","IBRD"
"Turkiye","TR","TUR",2014,"","2026-01-28",77181884,76.452,"Europe & Central Asia","Ankara","32.3606","39.7153","Upper middle income","IBRD"
"Turkiye","TR","TUR",2000,"","2026-01-28",65425961,71.931,"Europe & Central Asia","Ankara","32.3606","39.7153","Upper middle income","IBRD"
"Turkiye","TR","TUR",2001,"","2026-01-28",66245128,72.271,"Europe & Central Asia","Ankara","32.3606","39.7153","Upper middle income","IBRD"
"Turkiye","TR","TUR",2002,"","2026-01-28",67048795,72.605,"Europe & Central Asia","Ankara","32.3606","39.7153","Upper middle income","IBRD"
"Turkiye","TR","TUR",2003,"","2026-01-28",67831730,72.906,"Europe & Central Asia","Ankara","32.3606","39.7153","Upper middle income","IBRD"
"Turkiye","TR","TUR",2004,"","2026-01-28",68592617,73.223,"Europe & Central Asia","Ankara","32.3606","39.7153","Upper middle income","IBRD"
"Turkiye","TR","TUR",2005,"","2026-01-28",69329557,73.51,"Europe & Central Asia","Ankara","32.3606","39.7153","Upper middle income","IBRD"
"Turkiye","TR","TUR",2006,"","2026-01-28",70045349,73.804,"Europe & Central Asia","Ankara","32.3606","39.7153","Upper middle income","IBRD"
"Turkiye","TR","TUR",2007,"","2026-01-28",70158112,74.129,"Europe & Central Asia","Ankara","32.3606","39.7153","Upper middle income","IBRD"
"Turkiye","TR","TUR",2024,"","2026-01-28",85518661,NA,"Europe & Central Asia","Ankara","32.3606","39.7153","Upper middle income","IBRD"
"Turkmenistan","TM","TKM",2024,"","2026-01-28",7494498,NA,"Europe & Central Asia","Ashgabat","58.3794","37.9509","Upper middle income","IBRD"
"Turkmenistan","TM","TKM",2011,"","2026-01-28",5683417,68.87,"Europe & Central Asia","Ashgabat","58.3794","37.9509","Upper middle income","IBRD"
"Turkmenistan","TM","TKM",2000,"","2026-01-28",4582677,64.931,"Europe & Central Asia","Ashgabat","58.3794","37.9509","Upper middle income","IBRD"
"Turkmenistan","TM","TKM",2001,"","2026-01-28",4675409,65.325,"Europe & Central Asia","Ashgabat","58.3794","37.9509","Upper middle income","IBRD"
"Turkmenistan","TM","TKM",2002,"","2026-01-28",4769465,65.593,"Europe & Central Asia","Ashgabat","58.3794","37.9509","Upper middle income","IBRD"
"Turkmenistan","TM","TKM",2003,"","2026-01-28",4863865,65.854,"Europe & Central Asia","Ashgabat","58.3794","37.9509","Upper middle income","IBRD"
"Turkmenistan","TM","TKM",2004,"","2026-01-28",4958093,66.055,"Europe & Central Asia","Ashgabat","58.3794","37.9509","Upper middle income","IBRD"
"Turkmenistan","TM","TKM",2005,"","2026-01-28",5052257,66.275,"Europe & Central Asia","Ashgabat","58.3794","37.9509","Upper middle income","IBRD"
"Turkmenistan","TM","TKM",2006,"","2026-01-28",5147105,66.574,"Europe & Central Asia","Ashgabat","58.3794","37.9509","Upper middle income","IBRD"
"Turkmenistan","TM","TKM",2007,"","2026-01-28",5244046,67.02,"Europe & Central Asia","Ashgabat","58.3794","37.9509","Upper middle income","IBRD"
"Turkmenistan","TM","TKM",2008,"","2026-01-28",5345029,67.584,"Europe & Central Asia","Ashgabat","58.3794","37.9509","Upper middle income","IBRD"
"Turkmenistan","TM","TKM",2009,"","2026-01-28",5451592,68.155,"Europe & Central Asia","Ashgabat","58.3794","37.9509","Upper middle income","IBRD"
"Turkmenistan","TM","TKM",2010,"","2026-01-28",5564356,68.608,"Europe & Central Asia","Ashgabat","58.3794","37.9509","Upper middle income","IBRD"
"Turkmenistan","TM","TKM",2015,"","2026-01-28",6215770,69.061,"Europe & Central Asia","Ashgabat","58.3794","37.9509","Upper middle income","IBRD"
"Turkmenistan","TM","TKM",2012,"","2026-01-28",5808546,68.961,"Europe & Central Asia","Ashgabat","58.3794","37.9509","Upper middle income","IBRD"
"Turkmenistan","TM","TKM",2013,"","2026-01-28",5939341,68.968,"Europe & Central Asia","Ashgabat","58.3794","37.9509","Upper middle income","IBRD"
"Turkmenistan","TM","TKM",2014,"","2026-01-28",6075283,69.001,"Europe & Central Asia","Ashgabat","58.3794","37.9509","Upper middle income","IBRD"
"Turkmenistan","TM","TKM",2019,"","2026-01-28",6803944,69.405,"Europe & Central Asia","Ashgabat","58.3794","37.9509","Upper middle income","IBRD"
"Turkmenistan","TM","TKM",2016,"","2026-01-28",6360041,69.142,"Europe & Central Asia","Ashgabat","58.3794","37.9509","Upper middle income","IBRD"
"Turkmenistan","TM","TKM",2017,"","2026-01-28",6507061,69.19,"Europe & Central Asia","Ashgabat","58.3794","37.9509","Upper middle income","IBRD"
"Turkmenistan","TM","TKM",2018,"","2026-01-28",6655524,69.272,"Europe & Central Asia","Ashgabat","58.3794","37.9509","Upper middle income","IBRD"
"Turkmenistan","TM","TKM",2023,"","2026-01-28",7364438,70.073,"Europe & Central Asia","Ashgabat","58.3794","37.9509","Upper middle income","IBRD"
"Turkmenistan","TM","TKM",2020,"","2026-01-28",6949912,68.846,"Europe & Central Asia","Ashgabat","58.3794","37.9509","Upper middle income","IBRD"
"Turkmenistan","TM","TKM",2021,"","2026-01-28",7092043,69.353,"Europe & Central Asia","Ashgabat","58.3794","37.9509","Upper middle income","IBRD"
"Turkmenistan","TM","TKM",2022,"","2026-01-28",7230193,69.913,"Europe & Central Asia","Ashgabat","58.3794","37.9509","Upper middle income","IBRD"
"Turks and Caicos Islands","TC","TCA",2000,"","2026-01-28",18730,73.972,"Latin America & Caribbean","Grand Turk","-71.141389","21.4602778","High income","Not classified"
"Turks and Caicos Islands","TC","TCA",2013,"","2026-01-28",33653,77.1,"Latin America & Caribbean","Grand Turk","-71.141389","21.4602778","High income","Not classified"
"Turks and Caicos Islands","TC","TCA",2001,"","2026-01-28",19576,74.409,"Latin America & Caribbean","Grand Turk","-71.141389","21.4602778","High income","Not classified"
"Turks and Caicos Islands","TC","TCA",2002,"","2026-01-28",20597,74.843,"Latin America & Caribbean","Grand Turk","-71.141389","21.4602778","High income","Not classified"
"Turks and Caicos Islands","TC","TCA",2003,"","2026-01-28",21727,75.262,"Latin America & Caribbean","Grand Turk","-71.141389","21.4602778","High income","Not classified"
"Turks and Caicos Islands","TC","TCA",2004,"","2026-01-28",22856,75.63,"Latin America & Caribbean","Grand Turk","-71.141389","21.4602778","High income","Not classified"
"Turks and Caicos Islands","TC","TCA",2005,"","2026-01-28",23988,75.954,"Latin America & Caribbean","Grand Turk","-71.141389","21.4602778","High income","Not classified"
"Turks and Caicos Islands","TC","TCA",2006,"","2026-01-28",25123,76.197,"Latin America & Caribbean","Grand Turk","-71.141389","21.4602778","High income","Not classified"
"Turks and Caicos Islands","TC","TCA",2007,"","2026-01-28",26270,76.427,"Latin America & Caribbean","Grand Turk","-71.141389","21.4602778","High income","Not classified"
"Turks and Caicos Islands","TC","TCA",2008,"","2026-01-28",27427,76.084,"Latin America & Caribbean","Grand Turk","-71.141389","21.4602778","High income","Not classified"
"Turks and Caicos Islands","TC","TCA",2009,"","2026-01-28",28588,76.672,"Latin America & Caribbean","Grand Turk","-71.141389","21.4602778","High income","Not classified"
"Turks and Caicos Islands","TC","TCA",2010,"","2026-01-28",29739,76.784,"Latin America & Caribbean","Grand Turk","-71.141389","21.4602778","High income","Not classified"
"Turks and Caicos Islands","TC","TCA",2011,"","2026-01-28",30846,76.87,"Latin America & Caribbean","Grand Turk","-71.141389","21.4602778","High income","Not classified"
"Turks and Caicos Islands","TC","TCA",2012,"","2026-01-28",32127,76.969,"Latin America & Caribbean","Grand Turk","-71.141389","21.4602778","High income","Not classified"
"Turks and Caicos Islands","TC","TCA",2016,"","2026-01-28",38315,77.437,"Latin America & Caribbean","Grand Turk","-71.141389","21.4602778","High income","Not classified"
"Turks and Caicos Islands","TC","TCA",2017,"","2026-01-28",39913,77.505,"Latin America & Caribbean","Grand Turk","-71.141389","21.4602778","High income","Not classified"
"Turks and Caicos Islands","TC","TCA",2014,"","2026-01-28",35050,77.212,"Latin America & Caribbean","Grand Turk","-71.141389","21.4602778","High income","Not classified"
"Turks and Caicos Islands","TC","TCA",2015,"","2026-01-28",36605,77.321,"Latin America & Caribbean","Grand Turk","-71.141389","21.4602778","High income","Not classified"
"Turks and Caicos Islands","TC","TCA",2020,"","2026-01-28",44386,77.499,"Latin America & Caribbean","Grand Turk","-71.141389","21.4602778","High income","Not classified"
"Turks and Caicos Islands","TC","TCA",2021,"","2026-01-28",45243,77.234,"Latin America & Caribbean","Grand Turk","-71.141389","21.4602778","High income","Not classified"
"Turks and Caicos Islands","TC","TCA",2018,"","2026-01-28",41559,77.596,"Latin America & Caribbean","Grand Turk","-71.141389","21.4602778","High income","Not classified"
"Turks and Caicos Islands","TC","TCA",2019,"","2026-01-28",43166,77.691,"Latin America & Caribbean","Grand Turk","-71.141389","21.4602778","High income","Not classified"
"Turks and Caicos Islands","TC","TCA",2024,"","2026-01-28",46535,NA,"Latin America & Caribbean","Grand Turk","-71.141389","21.4602778","High income","Not classified"
"Turks and Caicos Islands","TC","TCA",2022,"","2026-01-28",45847,77.918,"Latin America & Caribbean","Grand Turk","-71.141389","21.4602778","High income","Not classified"
"Turks and Caicos Islands","TC","TCA",2023,"","2026-01-28",46198,78.008,"Latin America & Caribbean","Grand Turk","-71.141389","21.4602778","High income","Not classified"
"Tuvalu","TV","TUV",2015,"","2026-01-28",10963,65.365,"East Asia & Pacific","Funafuti","179.089567","-8.6314877","Upper middle income","IDA"
"Tuvalu","TV","TUV",2014,"","2026-01-28",10984,65.278,"East Asia & Pacific","Funafuti","179.089567","-8.6314877","Upper middle income","IDA"
"Tuvalu","TV","TUV",2000,"","2026-01-28",9544,63.536,"East Asia & Pacific","Funafuti","179.089567","-8.6314877","Upper middle income","IDA"
"Tuvalu","TV","TUV",2001,"","2026-01-28",9586,63.709,"East Asia & Pacific","Funafuti","179.089567","-8.6314877","Upper middle income","IDA"
"Tuvalu","TV","TUV",2016,"","2026-01-28",10930,65.51,"East Asia & Pacific","Funafuti","179.089567","-8.6314877","Upper middle income","IDA"
"Tuvalu","TV","TUV",2017,"","2026-01-28",10869,65.683,"East Asia & Pacific","Funafuti","179.089567","-8.6314877","Upper middle income","IDA"
"Tuvalu","TV","TUV",2018,"","2026-01-28",10751,65.871,"East Asia & Pacific","Funafuti","179.089567","-8.6314877","Upper middle income","IDA"
"Tuvalu","TV","TUV",2019,"","2026-01-28",10581,66.109,"East Asia & Pacific","Funafuti","179.089567","-8.6314877","Upper middle income","IDA"
"Tuvalu","TV","TUV",2020,"","2026-01-28",10399,66.357,"East Asia & Pacific","Funafuti","179.089567","-8.6314877","Upper middle income","IDA"
"Tuvalu","TV","TUV",2021,"","2026-01-28",10194,65.824,"East Asia & Pacific","Funafuti","179.089567","-8.6314877","Upper middle income","IDA"
"Tuvalu","TV","TUV",2022,"","2026-01-28",9992,66.852,"East Asia & Pacific","Funafuti","179.089567","-8.6314877","Upper middle income","IDA"
"Tuvalu","TV","TUV",2023,"","2026-01-28",9816,67.105,"East Asia & Pacific","Funafuti","179.089567","-8.6314877","Upper middle income","IDA"
"Tuvalu","TV","TUV",2024,"","2026-01-28",9646,NA,"East Asia & Pacific","Funafuti","179.089567","-8.6314877","Upper middle income","IDA"
"Tuvalu","TV","TUV",2011,"","2026-01-28",10780,64.96,"East Asia & Pacific","Funafuti","179.089567","-8.6314877","Upper middle income","IDA"
"Tuvalu","TV","TUV",2012,"","2026-01-28",10934,65.079,"East Asia & Pacific","Funafuti","179.089567","-8.6314877","Upper middle income","IDA"
"Tuvalu","TV","TUV",2013,"","2026-01-28",11001,65.171,"East Asia & Pacific","Funafuti","179.089567","-8.6314877","Upper middle income","IDA"
"Tuvalu","TV","TUV",2005,"","2026-01-28",9940,64.096,"East Asia & Pacific","Funafuti","179.089567","-8.6314877","Upper middle income","IDA"
"Tuvalu","TV","TUV",2002,"","2026-01-28",9623,63.825,"East Asia & Pacific","Funafuti","179.089567","-8.6314877","Upper middle income","IDA"
"Tuvalu","TV","TUV",2003,"","2026-01-28",9695,63.897,"East Asia & Pacific","Funafuti","179.089567","-8.6314877","Upper middle income","IDA"
"Tuvalu","TV","TUV",2004,"","2026-01-28",9816,63.989,"East Asia & Pacific","Funafuti","179.089567","-8.6314877","Upper middle income","IDA"
"Tuvalu","TV","TUV",2009,"","2026-01-28",10461,64.693,"East Asia & Pacific","Funafuti","179.089567","-8.6314877","Upper middle income","IDA"
"Tuvalu","TV","TUV",2006,"","2026-01-28",10056,64.247,"East Asia & Pacific","Funafuti","179.089567","-8.6314877","Upper middle income","IDA"
"Tuvalu","TV","TUV",2007,"","2026-01-28",10182,64.402,"East Asia & Pacific","Funafuti","179.089567","-8.6314877","Upper middle income","IDA"
"Tuvalu","TV","TUV",2008,"","2026-01-28",10321,64.516,"East Asia & Pacific","Funafuti","179.089567","-8.6314877","Upper middle income","IDA"
"Tuvalu","TV","TUV",2010,"","2026-01-28",10614,64.834,"East Asia & Pacific","Funafuti","179.089567","-8.6314877","Upper middle income","IDA"
"Uganda","UG","UGA",2003,"","2026-01-28",26352124,52.414,"Sub-Saharan Africa","Kampala","32.5729","0.314269","Low income","IDA"
"Uganda","UG","UGA",2000,"","2026-01-28",24000150,49.64,"Sub-Saharan Africa","Kampala","32.5729","0.314269","Low income","IDA"
"Uganda","UG","UGA",2001,"","2026-01-28",24745676,50.576,"Sub-Saharan Africa","Kampala","32.5729","0.314269","Low income","IDA"
"Uganda","UG","UGA",2002,"","2026-01-28",25532870,51.443,"Sub-Saharan Africa","Kampala","32.5729","0.314269","Low income","IDA"
"Uganda","UG","UGA",2014,"","2026-01-28",36395539,63.057,"Sub-Saharan Africa","Kampala","32.5729","0.314269","Low income","IDA"
"Uganda","UG","UGA",2015,"","2026-01-28",37531446,63.831,"Sub-Saharan Africa","Kampala","32.5729","0.314269","Low income","IDA"
"Uganda","UG","UGA",2016,"","2026-01-28",38799152,64.494,"Sub-Saharan Africa","Kampala","32.5729","0.314269","Low income","IDA"
"Uganda","UG","UGA",2004,"","2026-01-28",27154515,53.699,"Sub-Saharan Africa","Kampala","32.5729","0.314269","Low income","IDA"
"Uganda","UG","UGA",2005,"","2026-01-28",27963289,54.926,"Sub-Saharan Africa","Kampala","32.5729","0.314269","Low income","IDA"
"Uganda","UG","UGA",2006,"","2026-01-28",28794003,56.118,"Sub-Saharan Africa","Kampala","32.5729","0.314269","Low income","IDA"
"Uganda","UG","UGA",2007,"","2026-01-28",29653430,57.248,"Sub-Saharan Africa","Kampala","32.5729","0.314269","Low income","IDA"
"Uganda","UG","UGA",2008,"","2026-01-28",30539553,58.253,"Sub-Saharan Africa","Kampala","32.5729","0.314269","Low income","IDA"
"Uganda","UG","UGA",2009,"","2026-01-28",31451151,59.157,"Sub-Saharan Africa","Kampala","32.5729","0.314269","Low income","IDA"
"Uganda","UG","UGA",2010,"","2026-01-28",32390802,59.959,"Sub-Saharan Africa","Kampala","32.5729","0.314269","Low income","IDA"
"Uganda","UG","UGA",2011,"","2026-01-28",33354543,60.791,"Sub-Saharan Africa","Kampala","32.5729","0.314269","Low income","IDA"
"Uganda","UG","UGA",2012,"","2026-01-28",34337438,61.579,"Sub-Saharan Africa","Kampala","32.5729","0.314269","Low income","IDA"
"Uganda","UG","UGA",2013,"","2026-01-28",35337042,62.353,"Sub-Saharan Africa","Kampala","32.5729","0.314269","Low income","IDA"
"Uganda","UG","UGA",2018,"","2026-01-28",41565831,65.775,"Sub-Saharan Africa","Kampala","32.5729","0.314269","Low income","IDA"
"Uganda","UG","UGA",2019,"","2026-01-28",42999637,66.354,"Sub-Saharan Africa","Kampala","32.5729","0.314269","Low income","IDA"
"Uganda","UG","UGA",2020,"","2026-01-28",44457152,66.41,"Sub-Saharan Africa","Kampala","32.5729","0.314269","Low income","IDA"
"Uganda","UG","UGA",2017,"","2026-01-28",40177388,65.174,"Sub-Saharan Africa","Kampala","32.5729","0.314269","Low income","IDA"
"Uganda","UG","UGA",2022,"","2026-01-28",47312719,67.675,"Sub-Saharan Africa","Kampala","32.5729","0.314269","Low income","IDA"
"Uganda","UG","UGA",2023,"","2026-01-28",48656601,68.252,"Sub-Saharan Africa","Kampala","32.5729","0.314269","Low income","IDA"
"Uganda","UG","UGA",2024,"","2026-01-28",50015092,NA,"Sub-Saharan Africa","Kampala","32.5729","0.314269","Low income","IDA"
"Uganda","UG","UGA",2021,"","2026-01-28",45910930,66.45,"Sub-Saharan Africa","Kampala","32.5729","0.314269","Low income","IDA"
"Ukraine","UA","UKR",2004,"","2026-01-28",47979507,67.472,"Europe & Central Asia","Kiev","30.5038","50.4536","Upper middle income","IBRD"
"Ukraine","UA","UKR",2005,"","2026-01-28",47585556,67.517,"Europe & Central Asia","Kiev","30.5038","50.4536","Upper middle income","IBRD"
"Ukraine","UA","UKR",2006,"","2026-01-28",47278694,67.49,"Europe & Central Asia","Kiev","30.5038","50.4536","Upper middle income","IBRD"
"Ukraine","UA","UKR",2015,"","2026-01-28",45784896,72.686,"Europe & Central Asia","Kiev","30.5038","50.4536","Upper middle income","IBRD"
"Ukraine","UA","UKR",2016,"","2026-01-28",45616832,73.389,"Europe & Central Asia","Kiev","30.5038","50.4536","Upper middle income","IBRD"
"Ukraine","UA","UKR",2017,"","2026-01-28",45436041,73.993,"Europe & Central Asia","Kiev","30.5038","50.4536","Upper middle income","IBRD"
"Ukraine","UA","UKR",2018,"","2026-01-28",45208907,73.569,"Europe & Central Asia","Kiev","30.5038","50.4536","Upper middle income","IBRD"
"Ukraine","UA","UKR",2019,"","2026-01-28",44957458,73.92,"Europe & Central Asia","Kiev","30.5038","50.4536","Upper middle income","IBRD"
"Ukraine","UA","UKR",2007,"","2026-01-28",47062798,67.715,"Europe & Central Asia","Kiev","30.5038","50.4536","Upper middle income","IBRD"
"Ukraine","UA","UKR",2008,"","2026-01-28",46819175,68.262,"Europe & Central Asia","Kiev","30.5038","50.4536","Upper middle income","IBRD"
"Ukraine","UA","UKR",2009,"","2026-01-28",46623731,69.159,"Europe & Central Asia","Kiev","30.5038","50.4536","Upper middle income","IBRD"
"Ukraine","UA","UKR",2010,"","2026-01-28",46456003,70.188,"Europe & Central Asia","Kiev","30.5038","50.4536","Upper middle income","IBRD"
"Ukraine","UA","UKR",2011,"","2026-01-28",46307853,70.711,"Europe & Central Asia","Kiev","30.5038","50.4536","Upper middle income","IBRD"
"Ukraine","UA","UKR",2012,"","2026-01-28",46210056,71.09,"Europe & Central Asia","Kiev","30.5038","50.4536","Upper middle income","IBRD"
"Ukraine","UA","UKR",2013,"","2026-01-28",46126770,71.474,"Europe & Central Asia","Kiev","30.5038","50.4536","Upper middle income","IBRD"
"Ukraine","UA","UKR",2014,"","2026-01-28",45972380,71.803,"Europe & Central Asia","Kiev","30.5038","50.4536","Upper middle income","IBRD"
"Ukraine","UA","UKR",2000,"","2026-01-28",49556660,67.786,"Europe & Central Asia","Kiev","30.5038","50.4536","Upper middle income","IBRD"
"Ukraine","UA","UKR",2001,"","2026-01-28",49106855,67.675,"Europe & Central Asia","Kiev","30.5038","50.4536","Upper middle income","IBRD"
"Ukraine","UA","UKR",2002,"","2026-01-28",48677281,67.699,"Europe & Central Asia","Kiev","30.5038","50.4536","Upper middle income","IBRD"
"Ukraine","UA","UKR",2003,"","2026-01-28",48315136,67.638,"Europe & Central Asia","Kiev","30.5038","50.4536","Upper middle income","IBRD"
"Ukraine","UA","UKR",2022,"","2026-01-28",41048766,72.658,"Europe & Central Asia","Kiev","30.5038","50.4536","Upper middle income","IBRD"
"Ukraine","UA","UKR",2023,"","2026-01-28",37732836,73.422,"Europe & Central Asia","Kiev","30.5038","50.4536","Upper middle income","IBRD"
"Ukraine","UA","UKR",2020,"","2026-01-28",44680014,73.283,"Europe & Central Asia","Kiev","30.5038","50.4536","Upper middle income","IBRD"
"Ukraine","UA","UKR",2021,"","2026-01-28",44298640,71.631,"Europe & Central Asia","Kiev","30.5038","50.4536","Upper middle income","IBRD"
"Ukraine","UA","UKR",2024,"","2026-01-28",37860221,NA,"Europe & Central Asia","Kiev","30.5038","50.4536","Upper middle income","IBRD"
"United Arab Emirates","AE","ARE",2020,"","2026-01-28",9401038,81.936,"Middle East & North Africa","Abu Dhabi","54.3705","24.4764","High income","Not classified"
"United Arab Emirates","AE","ARE",2021,"","2026-01-28",9575152,79.083,"Middle East & North Africa","Abu Dhabi","54.3705","24.4764","High income","Not classified"
"United Arab Emirates","AE","ARE",2000,"","2026-01-28",3493575,76.347,"Middle East & North Africa","Abu Dhabi","54.3705","24.4764","High income","Not classified"
"United Arab Emirates","AE","ARE",2001,"","2026-01-28",3723590,77.621,"Middle East & North Africa","Abu Dhabi","54.3705","24.4764","High income","Not classified"
"United Arab Emirates","AE","ARE",2002,"","2026-01-28",3956826,78.721,"Middle East & North Africa","Abu Dhabi","54.3705","24.4764","High income","Not classified"
"United Arab Emirates","AE","ARE",2003,"","2026-01-28",4192457,79.6,"Middle East & North Africa","Abu Dhabi","54.3705","24.4764","High income","Not classified"
"United Arab Emirates","AE","ARE",2004,"","2026-01-28",4428967,80.272,"Middle East & North Africa","Abu Dhabi","54.3705","24.4764","High income","Not classified"
"United Arab Emirates","AE","ARE",2005,"","2026-01-28",4664790,80.779,"Middle East & North Africa","Abu Dhabi","54.3705","24.4764","High income","Not classified"
"United Arab Emirates","AE","ARE",2006,"","2026-01-28",5009100,81.155,"Middle East & North Africa","Abu Dhabi","54.3705","24.4764","High income","Not classified"
"United Arab Emirates","AE","ARE",2007,"","2026-01-28",5624635,81.438,"Middle East & North Africa","Abu Dhabi","54.3705","24.4764","High income","Not classified"
"United Arab Emirates","AE","ARE",2022,"","2026-01-28",10074977,80.487,"Middle East & North Africa","Abu Dhabi","54.3705","24.4764","High income","Not classified"
"United Arab Emirates","AE","ARE",2023,"","2026-01-28",10483751,82.909,"Middle East & North Africa","Abu Dhabi","54.3705","24.4764","High income","Not classified"
"United Arab Emirates","AE","ARE",2024,"","2026-01-28",10986400,NA,"Middle East & North Africa","Abu Dhabi","54.3705","24.4764","High income","Not classified"
"United Arab Emirates","AE","ARE",2011,"","2026-01-28",7104538,81.898,"Middle East & North Africa","Abu Dhabi","54.3705","24.4764","High income","Not classified"
"United Arab Emirates","AE","ARE",2012,"","2026-01-28",7391448,81.913,"Middle East & North Africa","Abu Dhabi","54.3705","24.4764","High income","Not classified"
"United Arab Emirates","AE","ARE",2013,"","2026-01-28",7693031,81.95,"Middle East & North Africa","Abu Dhabi","54.3705","24.4764","High income","Not classified"
"United Arab Emirates","AE","ARE",2014,"","2026-01-28",8059440,81.99,"Middle East & North Africa","Abu Dhabi","54.3705","24.4764","High income","Not classified"
"United Arab Emirates","AE","ARE",2015,"","2026-01-28",8505237,82.076,"Middle East & North Africa","Abu Dhabi","54.3705","24.4764","High income","Not classified"
"United Arab Emirates","AE","ARE",2016,"","2026-01-28",8935095,82.195,"Middle East & North Africa","Abu Dhabi","54.3705","24.4764","High income","Not classified"
"United Arab Emirates","AE","ARE",2017,"","2026-01-28",9223225,82.388,"Middle East & North Africa","Abu Dhabi","54.3705","24.4764","High income","Not classified"
"United Arab Emirates","AE","ARE",2018,"","2026-01-28",9346701,82.449,"Middle East & North Africa","Abu Dhabi","54.3705","24.4764","High income","Not classified"
"United Arab Emirates","AE","ARE",2019,"","2026-01-28",9445785,82.596,"Middle East & North Africa","Abu Dhabi","54.3705","24.4764","High income","Not classified"
"United Arab Emirates","AE","ARE",2008,"","2026-01-28",6302664,81.591,"Middle East & North Africa","Abu Dhabi","54.3705","24.4764","High income","Not classified"
"United Arab Emirates","AE","ARE",2009,"","2026-01-28",6707058,81.679,"Middle East & North Africa","Abu Dhabi","54.3705","24.4764","High income","Not classified"
"United Arab Emirates","AE","ARE",2010,"","2026-01-28",6869838,81.886,"Middle East & North Africa","Abu Dhabi","54.3705","24.4764","High income","Not classified"
"United Kingdom","GB","GBR",2009,"","2026-01-28",62276270,80.0512195121951,"Europe & Central Asia","London","-0.126236","51.5002","High income","Not classified"
"United Kingdom","GB","GBR",2000,"","2026-01-28",58892514,77.7414634146342,"Europe & Central Asia","London","-0.126236","51.5002","High income","Not classified"
"United Kingdom","GB","GBR",2001,"","2026-01-28",59119673,77.9926829268293,"Europe & Central Asia","London","-0.126236","51.5002","High income","Not classified"
"United Kingdom","GB","GBR",2002,"","2026-01-28",59370479,78.1439024390244,"Europe & Central Asia","London","-0.126236","51.5002","High income","Not classified"
"United Kingdom","GB","GBR",2003,"","2026-01-28",59647577,78.4463414634146,"Europe & Central Asia","London","-0.126236","51.5002","High income","Not classified"
"United Kingdom","GB","GBR",2004,"","2026-01-28",59987905,78.7463414634146,"Europe & Central Asia","London","-0.126236","51.5002","High income","Not classified"
"United Kingdom","GB","GBR",2005,"","2026-01-28",60401206,79.0487804878049,"Europe & Central Asia","London","-0.126236","51.5002","High income","Not classified"
"United Kingdom","GB","GBR",2006,"","2026-01-28",60846820,79.2487804878049,"Europe & Central Asia","London","-0.126236","51.5002","High income","Not classified"
"United Kingdom","GB","GBR",2007,"","2026-01-28",61322463,79.4487804878049,"Europe & Central Asia","London","-0.126236","51.5002","High income","Not classified"
"United Kingdom","GB","GBR",2008,"","2026-01-28",61806995,79.6,"Europe & Central Asia","London","-0.126236","51.5002","High income","Not classified"
"United Kingdom","GB","GBR",2021,"","2026-01-28",66984000,80.6473170731707,"Europe & Central Asia","London","-0.126236","51.5002","High income","Not classified"
"United Kingdom","GB","GBR",2022,"","2026-01-28",67604000,81.0112195121951,"Europe & Central Asia","London","-0.126236","51.5002","High income","Not classified"
"United Kingdom","GB","GBR",2010,"","2026-01-28",62766365,80.4024390243902,"Europe & Central Asia","London","-0.126236","51.5002","High income","Not classified"
"United Kingdom","GB","GBR",2011,"","2026-01-28",63258810,80.9512195121951,"Europe & Central Asia","London","-0.126236","51.5002","High income","Not classified"
"United Kingdom","GB","GBR",2012,"","2026-01-28",63711000,80.9048780487805,"Europe & Central Asia","London","-0.126236","51.5002","High income","Not classified"
"United Kingdom","GB","GBR",2013,"","2026-01-28",64139000,81.0048780487805,"Europe & Central Asia","London","-0.126236","51.5002","High income","Not classified"
"United Kingdom","GB","GBR",2014,"","2026-01-28",64620000,81.3048780487805,"Europe & Central Asia","London","-0.126236","51.5002","High income","Not classified"
"United Kingdom","GB","GBR",2015,"","2026-01-28",65088000,80.9560975609756,"Europe & Central Asia","London","-0.126236","51.5002","High income","Not classified"
"United Kingdom","GB","GBR",2016,"","2026-01-28",65607000,81.1560975609756,"Europe & Central Asia","London","-0.126236","51.5002","High income","Not classified"
"United Kingdom","GB","GBR",2017,"","2026-01-28",65966000,81.2560975609756,"Europe & Central Asia","London","-0.126236","51.5002","High income","Not classified"
"United Kingdom","GB","GBR",2018,"","2026-01-28",66289000,81.2560975609756,"Europe & Central Asia","London","-0.126236","51.5002","High income","Not classified"
"United Kingdom","GB","GBR",2019,"","2026-01-28",66631000,81.3691219512195,"Europe & Central Asia","London","-0.126236","51.5002","High income","Not classified"
"United Kingdom","GB","GBR",2020,"","2026-01-28",66744000,80.331756097561,"Europe & Central Asia","London","-0.126236","51.5002","High income","Not classified"
"United Kingdom","GB","GBR",2023,"","2026-01-28",68492000,81.2380975609756,"Europe & Central Asia","London","-0.126236","51.5002","High income","Not classified"
"United Kingdom","GB","GBR",2024,"","2026-01-28",69226000,NA,"Europe & Central Asia","London","-0.126236","51.5002","High income","Not classified"
"United States","US","USA",2010,"","2026-01-28",309378227,78.5414634146342,"North America","Washington D.C.","-77.032","38.8895","High income","Not classified"
"United States","US","USA",2011,"","2026-01-28",311839461,78.6414634146341,"North America","Washington D.C.","-77.032","38.8895","High income","Not classified"
"United States","US","USA",2014,"","2026-01-28",319257560,78.8414634146341,"North America","Washington D.C.","-77.032","38.8895","High income","Not classified"
"United States","US","USA",2015,"","2026-01-28",321815121,78.690243902439,"North America","Washington D.C.","-77.032","38.8895","High income","Not classified"
"United States","US","USA",2016,"","2026-01-28",324353340,78.5390243902439,"North America","Washington D.C.","-77.032","38.8895","High income","Not classified"
"United States","US","USA",2017,"","2026-01-28",326608609,78.5390243902439,"North America","Washington D.C.","-77.032","38.8895","High income","Not classified"
"United States","US","USA",2018,"","2026-01-28",328529577,78.6390243902439,"North America","Washington D.C.","-77.032","38.8895","High income","Not classified"
"United States","US","USA",2019,"","2026-01-28",330226227,78.7878048780488,"North America","Washington D.C.","-77.032","38.8895","High income","Not classified"
"United States","US","USA",2020,"","2026-01-28",331577720,76.9804878048781,"North America","Washington D.C.","-77.032","38.8895","High income","Not classified"
"United States","US","USA",2021,"","2026-01-28",332099760,76.3292682926829,"North America","Washington D.C.","-77.032","38.8895","High income","Not classified"
"United States","US","USA",2022,"","2026-01-28",334017321,77.4341463414634,"North America","Washington D.C.","-77.032","38.8895","High income","Not classified"
"United States","US","USA",2023,"","2026-01-28",336806231,78.3853658536585,"North America","Washington D.C.","-77.032","38.8895","High income","Not classified"
"United States","US","USA",2024,"","2026-01-28",340110988,NA,"North America","Washington D.C.","-77.032","38.8895","High income","Not classified"
"United States","US","USA",2012,"","2026-01-28",314339099,78.7414634146342,"North America","Washington D.C.","-77.032","38.8895","High income","Not classified"
"United States","US","USA",2013,"","2026-01-28",316726282,78.7414634146342,"North America","Washington D.C.","-77.032","38.8895","High income","Not classified"
"United States","US","USA",2000,"","2026-01-28",282162411,76.6365853658537,"North America","Washington D.C.","-77.032","38.8895","High income","Not classified"
"United States","US","USA",2001,"","2026-01-28",284968955,76.8365853658537,"North America","Washington D.C.","-77.032","38.8895","High income","Not classified"
"United States","US","USA",2002,"","2026-01-28",287625193,76.9365853658537,"North America","Washington D.C.","-77.032","38.8895","High income","Not classified"
"United States","US","USA",2003,"","2026-01-28",290107933,77.0365853658537,"North America","Washington D.C.","-77.032","38.8895","High income","Not classified"
"United States","US","USA",2004,"","2026-01-28",292805298,77.4878048780488,"North America","Washington D.C.","-77.032","38.8895","High income","Not classified"
"United States","US","USA",2005,"","2026-01-28",295516599,77.4878048780488,"North America","Washington D.C.","-77.032","38.8895","High income","Not classified"
"United States","US","USA",2006,"","2026-01-28",298379912,77.6878048780488,"North America","Washington D.C.","-77.032","38.8895","High income","Not classified"
"United States","US","USA",2007,"","2026-01-28",301231207,77.9878048780488,"North America","Washington D.C.","-77.032","38.8895","High income","Not classified"
"United States","US","USA",2008,"","2026-01-28",304093966,78.0390243902439,"North America","Washington D.C.","-77.032","38.8895","High income","Not classified"
"United States","US","USA",2009,"","2026-01-28",306771529,78.390243902439,"North America","Washington D.C.","-77.032","38.8895","High income","Not classified"
"Upper middle income","XT","",2007,"","2026-01-28",2512165159,72.912796750858,NA,NA,NA,NA,NA,NA
"Upper middle income","XT","",2008,"","2026-01-28",2532345548,73.0980299785479,NA,NA,NA,NA,NA,NA
"Upper middle income","XT","",2009,"","2026-01-28",2553016162,73.5030015253387,NA,NA,NA,NA,NA,NA
"Upper middle income","XT","",2000,"","2026-01-28",2365022283,70.7737035763786,NA,NA,NA,NA,NA,NA
"Upper middle income","XT","",2001,"","2026-01-28",2387807616,71.0962768701794,NA,NA,NA,NA,NA,NA
"Upper middle income","XT","",2002,"","2026-01-28",2409341702,71.4010777486735,NA,NA,NA,NA,NA,NA
"Upper middle income","XT","",2003,"","2026-01-28",2430373908,71.649535070684,NA,NA,NA,NA,NA,NA
"Upper middle income","XT","",2004,"","2026-01-28",2451601935,71.8008960032206,NA,NA,NA,NA,NA,NA
"Upper middle income","XT","",2005,"","2026-01-28",2472862826,72.2940907050527,NA,NA,NA,NA,NA,NA
"Upper middle income","XT","",2006,"","2026-01-28",2493333038,72.5738691375552,NA,NA,NA,NA,NA,NA
"Upper middle income","XT","",2010,"","2026-01-28",2573477299,73.8314745903693,NA,NA,NA,NA,NA,NA
"Upper middle income","XT","",2011,"","2026-01-28",2594753350,74.0905539667731,NA,NA,NA,NA,NA,NA
"Upper middle income","XT","",2012,"","2026-01-28",2618393970,74.4121948857387,NA,NA,NA,NA,NA,NA
"Upper middle income","XT","",2013,"","2026-01-28",2642487513,74.6707615928738,NA,NA,NA,NA,NA,NA
"Upper middle income","XT","",2014,"","2026-01-28",2665669456,74.9249839632063,NA,NA,NA,NA,NA,NA
"Upper middle income","XT","",2015,"","2026-01-28",2687902951,75.1752922690271,NA,NA,NA,NA,NA,NA
"Upper middle income","XT","",2016,"","2026-01-28",2709372162,75.3401910593771,NA,NA,NA,NA,NA,NA
"Upper middle income","XT","",2017,"","2026-01-28",2731150081,75.4807608424492,NA,NA,NA,NA,NA,NA
"Upper middle income","XT","",2018,"","2026-01-28",2751574852,75.8217431147146,NA,NA,NA,NA,NA,NA
"Upper middle income","XT","",2019,"","2026-01-28",2769964564,76.0291253616976,NA,NA,NA,NA,NA,NA
"Upper middle income","XT","",2020,"","2026-01-28",2784871872,75.2312636272767,NA,NA,NA,NA,NA,NA
"Upper middle income","XT","",2021,"","2026-01-28",2796004294,74.7273713271635,NA,NA,NA,NA,NA,NA
"Upper middle income","XT","",2022,"","2026-01-28",2803106334,76.0089594269564,NA,NA,NA,NA,NA,NA
"Upper middle income","XT","",2023,"","2026-01-28",2809097616,76.1949149028821,NA,NA,NA,NA,NA,NA
"Upper middle income","XT","",2024,"","2026-01-28",2817912698,NA,NA,NA,NA,NA,NA,NA
"Uruguay","UY","URY",2000,"","2026-01-28",3266206,74.693,"Latin America & Caribbean","Montevideo","-56.0675","-34.8941","High income","IBRD"
"Uruguay","UY","URY",2001,"","2026-01-28",3274251,74.987,"Latin America & Caribbean","Montevideo","-56.0675","-34.8941","High income","IBRD"
"Uruguay","UY","URY",2002,"","2026-01-28",3278867,74.979,"Latin America & Caribbean","Montevideo","-56.0675","-34.8941","High income","IBRD"
"Uruguay","UY","URY",2003,"","2026-01-28",3281186,75.086,"Latin America & Caribbean","Montevideo","-56.0675","-34.8941","High income","IBRD"
"Uruguay","UY","URY",2004,"","2026-01-28",3283148,75.319,"Latin America & Caribbean","Montevideo","-56.0675","-34.8941","High income","IBRD"
"Uruguay","UY","URY",2005,"","2026-01-28",3285771,75.829,"Latin America & Caribbean","Montevideo","-56.0675","-34.8941","High income","IBRD"
"Uruguay","UY","URY",2006,"","2026-01-28",3289506,75.888,"Latin America & Caribbean","Montevideo","-56.0675","-34.8941","High income","IBRD"
"Uruguay","UY","URY",2007,"","2026-01-28",3295153,76.15,"Latin America & Caribbean","Montevideo","-56.0675","-34.8941","High income","IBRD"
"Uruguay","UY","URY",2008,"","2026-01-28",3302177,76.275,"Latin America & Caribbean","Montevideo","-56.0675","-34.8941","High income","IBRD"
"Uruguay","UY","URY",2009,"","2026-01-28",3310091,76.67,"Latin America & Caribbean","Montevideo","-56.0675","-34.8941","High income","IBRD"
"Uruguay","UY","URY",2010,"","2026-01-28",3318580,76.691,"Latin America & Caribbean","Montevideo","-56.0675","-34.8941","High income","IBRD"
"Uruguay","UY","URY",2011,"","2026-01-28",3326825,76.614,"Latin America & Caribbean","Montevideo","-56.0675","-34.8941","High income","IBRD"
"Uruguay","UY","URY",2012,"","2026-01-28",3335401,76.691,"Latin America & Caribbean","Montevideo","-56.0675","-34.8941","High income","IBRD"
"Uruguay","UY","URY",2013,"","2026-01-28",3345337,76.953,"Latin America & Caribbean","Montevideo","-56.0675","-34.8941","High income","IBRD"
"Uruguay","UY","URY",2014,"","2026-01-28",3356334,77.194,"Latin America & Caribbean","Montevideo","-56.0675","-34.8941","High income","IBRD"
"Uruguay","UY","URY",2015,"","2026-01-28",3368017,77.285,"Latin America & Caribbean","Montevideo","-56.0675","-34.8941","High income","IBRD"
"Uruguay","UY","URY",2016,"","2026-01-28",3379283,77.351,"Latin America & Caribbean","Montevideo","-56.0675","-34.8941","High income","IBRD"
"Uruguay","UY","URY",2017,"","2026-01-28",3388438,77.618,"Latin America & Caribbean","Montevideo","-56.0675","-34.8941","High income","IBRD"
"Uruguay","UY","URY",2018,"","2026-01-28",3394534,77.527,"Latin America & Caribbean","Montevideo","-56.0675","-34.8941","High income","IBRD"
"Uruguay","UY","URY",2019,"","2026-01-28",3397206,77.503,"Latin America & Caribbean","Montevideo","-56.0675","-34.8941","High income","IBRD"
"Uruguay","UY","URY",2020,"","2026-01-28",3398968,78.381,"Latin America & Caribbean","Montevideo","-56.0675","-34.8941","High income","IBRD"
"Uruguay","UY","URY",2021,"","2026-01-28",3396695,75.434,"Latin America & Caribbean","Montevideo","-56.0675","-34.8941","High income","IBRD"
"Uruguay","UY","URY",2022,"","2026-01-28",3390913,76.468,"Latin America & Caribbean","Montevideo","-56.0675","-34.8941","High income","IBRD"
"Uruguay","UY","URY",2023,"","2026-01-28",3388081,78.138,"Latin America & Caribbean","Montevideo","-56.0675","-34.8941","High income","IBRD"
"Uruguay","UY","URY",2024,"","2026-01-28",3386588,NA,"Latin America & Caribbean","Montevideo","-56.0675","-34.8941","High income","IBRD"
"Uzbekistan","UZ","UZB",2000,"","2026-01-28",24787054,65.456,"Europe & Central Asia","Tashkent","69.269","41.3052","Lower middle income","Blend"
"Uzbekistan","UZ","UZB",2001,"","2026-01-28",25090283,65.853,"Europe & Central Asia","Tashkent","69.269","41.3052","Lower middle income","Blend"
"Uzbekistan","UZ","UZB",2002,"","2026-01-28",25399980,66.376,"Europe & Central Asia","Tashkent","69.269","41.3052","Lower middle income","Blend"
"Uzbekistan","UZ","UZB",2003,"","2026-01-28",25711259,66.852,"Europe & Central Asia","Tashkent","69.269","41.3052","Lower middle income","Blend"
"Uzbekistan","UZ","UZB",2004,"","2026-01-28",26029350,67.203,"Europe & Central Asia","Tashkent","69.269","41.3052","Lower middle income","Blend"
"Uzbekistan","UZ","UZB",2005,"","2026-01-28",26356975,67.481,"Europe & Central Asia","Tashkent","69.269","41.3052","Lower middle income","Blend"
"Uzbekistan","UZ","UZB",2006,"","2026-01-28",26699043,67.905,"Europe & Central Asia","Tashkent","69.269","41.3052","Lower middle income","Blend"
"Uzbekistan","UZ","UZB",2007,"","2026-01-28",27076008,68.483,"Europe & Central Asia","Tashkent","69.269","41.3052","Lower middle income","Blend"
"Uzbekistan","UZ","UZB",2008,"","2026-01-28",27494774,69.035,"Europe & Central Asia","Tashkent","69.269","41.3052","Lower middle income","Blend"
"Uzbekistan","UZ","UZB",2009,"","2026-01-28",27939328,69.517,"Europe & Central Asia","Tashkent","69.269","41.3052","Lower middle income","Blend"
"Uzbekistan","UZ","UZB",2010,"","2026-01-28",28385506,69.836,"Europe & Central Asia","Tashkent","69.269","41.3052","Lower middle income","Blend"
"Uzbekistan","UZ","UZB",2011,"","2026-01-28",28823196,70.143,"Europe & Central Asia","Tashkent","69.269","41.3052","Lower middle income","Blend"
"Uzbekistan","UZ","UZB",2012,"","2026-01-28",29261903,70.411,"Europe & Central Asia","Tashkent","69.269","41.3052","Lower middle income","Blend"
"Uzbekistan","UZ","UZB",2013,"","2026-01-28",29724065,70.692,"Europe & Central Asia","Tashkent","69.269","41.3052","Lower middle income","Blend"
"Uzbekistan","UZ","UZB",2014,"","2026-01-28",30222994,70.973,"Europe & Central Asia","Tashkent","69.269","41.3052","Lower middle income","Blend"
"Uzbekistan","UZ","UZB",2015,"","2026-01-28",30749346,71.33,"Europe & Central Asia","Tashkent","69.269","41.3052","Lower middle income","Blend"
"Uzbekistan","UZ","UZB",2016,"","2026-01-28",31284568,71.58,"Europe & Central Asia","Tashkent","69.269","41.3052","Lower middle income","Blend"
"Uzbekistan","UZ","UZB",2017,"","2026-01-28",31819178,71.737,"Europe & Central Asia","Tashkent","69.269","41.3052","Lower middle income","Blend"
"Uzbekistan","UZ","UZB",2018,"","2026-01-28",32373490,71.999,"Europe & Central Asia","Tashkent","69.269","41.3052","Lower middle income","Blend"
"Uzbekistan","UZ","UZB",2019,"","2026-01-28",32964701,72.093,"Europe & Central Asia","Tashkent","69.269","41.3052","Lower middle income","Blend"
"Uzbekistan","UZ","UZB",2020,"","2026-01-28",33586372,71.461,"Europe & Central Asia","Tashkent","69.269","41.3052","Lower middle income","Blend"
"Uzbekistan","UZ","UZB",2021,"","2026-01-28",34243696,71.681,"Europe & Central Asia","Tashkent","69.269","41.3052","Lower middle income","Blend"
"Uzbekistan","UZ","UZB",2022,"","2026-01-28",34938955,72.147,"Europe & Central Asia","Tashkent","69.269","41.3052","Lower middle income","Blend"
"Uzbekistan","UZ","UZB",2023,"","2026-01-28",35652307,72.388,"Europe & Central Asia","Tashkent","69.269","41.3052","Lower middle income","Blend"
"Uzbekistan","UZ","UZB",2024,"","2026-01-28",36361859,NA,"Europe & Central Asia","Tashkent","69.269","41.3052","Lower middle income","Blend"
"Vanuatu","VU","VUT",2000,"","2026-01-28",186281,68.586,"East Asia & Pacific","Port-Vila","168.321","-17.7404","Lower middle income","IDA"
"Vanuatu","VU","VUT",2001,"","2026-01-28",191031,68.722,"East Asia & Pacific","Port-Vila","168.321","-17.7404","Lower middle income","IDA"
"Vanuatu","VU","VUT",2002,"","2026-01-28",195863,68.836,"East Asia & Pacific","Port-Vila","168.321","-17.7404","Lower middle income","IDA"
"Vanuatu","VU","VUT",2003,"","2026-01-28",200746,68.933,"East Asia & Pacific","Port-Vila","168.321","-17.7404","Lower middle income","IDA"
"Vanuatu","VU","VUT",2004,"","2026-01-28",205711,68.985,"East Asia & Pacific","Port-Vila","168.321","-17.7404","Lower middle income","IDA"
"Vanuatu","VU","VUT",2005,"","2026-01-28",210760,69.166,"East Asia & Pacific","Port-Vila","168.321","-17.7404","Lower middle income","IDA"
"Vanuatu","VU","VUT",2006,"","2026-01-28",215923,69.126,"East Asia & Pacific","Port-Vila","168.321","-17.7404","Lower middle income","IDA"
"Vanuatu","VU","VUT",2007,"","2026-01-28",221276,69.144,"East Asia & Pacific","Port-Vila","168.321","-17.7404","Lower middle income","IDA"
"Vanuatu","VU","VUT",2008,"","2026-01-28",226896,69.302,"East Asia & Pacific","Port-Vila","168.321","-17.7404","Lower middle income","IDA"
"Vanuatu","VU","VUT",2009,"","2026-01-28",232731,69.422,"East Asia & Pacific","Port-Vila","168.321","-17.7404","Lower middle income","IDA"
"Vanuatu","VU","VUT",2010,"","2026-01-28",238248,69.57,"East Asia & Pacific","Port-Vila","168.321","-17.7404","Lower middle income","IDA"
"Vanuatu","VU","VUT",2011,"","2026-01-28",243474,69.729,"East Asia & Pacific","Port-Vila","168.321","-17.7404","Lower middle income","IDA"
"Vanuatu","VU","VUT",2012,"","2026-01-28",248883,69.898,"East Asia & Pacific","Port-Vila","168.321","-17.7404","Lower middle income","IDA"
"Vanuatu","VU","VUT",2013,"","2026-01-28",254482,69.986,"East Asia & Pacific","Port-Vila","168.321","-17.7404","Lower middle income","IDA"
"Vanuatu","VU","VUT",2014,"","2026-01-28",260240,70.043,"East Asia & Pacific","Port-Vila","168.321","-17.7404","Lower middle income","IDA"
"Vanuatu","VU","VUT",2015,"","2026-01-28",266101,70.163,"East Asia & Pacific","Port-Vila","168.321","-17.7404","Lower middle income","IDA"
"Vanuatu","VU","VUT",2016,"","2026-01-28",272087,70.397,"East Asia & Pacific","Port-Vila","168.321","-17.7404","Lower middle income","IDA"
"Vanuatu","VU","VUT",2017,"","2026-01-28",278507,70.5,"East Asia & Pacific","Port-Vila","168.321","-17.7404","Lower middle income","IDA"
"Vanuatu","VU","VUT",2018,"","2026-01-28",285259,70.626,"East Asia & Pacific","Port-Vila","168.321","-17.7404","Lower middle income","IDA"
"Vanuatu","VU","VUT",2019,"","2026-01-28",291985,70.783,"East Asia & Pacific","Port-Vila","168.321","-17.7404","Lower middle income","IDA"
"Vanuatu","VU","VUT",2020,"","2026-01-28",298858,70.385,"East Asia & Pacific","Port-Vila","168.321","-17.7404","Lower middle income","IDA"
"Vanuatu","VU","VUT",2021,"","2026-01-28",305868,69.952,"East Asia & Pacific","Port-Vila","168.321","-17.7404","Lower middle income","IDA"
"Vanuatu","VU","VUT",2022,"","2026-01-28",313046,71.302,"East Asia & Pacific","Port-Vila","168.321","-17.7404","Lower middle income","IDA"
"Vanuatu","VU","VUT",2023,"","2026-01-28",320409,71.477,"East Asia & Pacific","Port-Vila","168.321","-17.7404","Lower middle income","IDA"
"Vanuatu","VU","VUT",2024,"","2026-01-28",327777,NA,"East Asia & Pacific","Port-Vila","168.321","-17.7404","Lower middle income","IDA"
"Venezuela, RB","VE","VEN",2000,"","2026-01-28",24526708,72.388,"Latin America & Caribbean","Caracas","-69.8371","9.08165","Not classified","IBRD"
"Venezuela, RB","VE","VEN",2001,"","2026-01-28",24979922,71.019,"Latin America & Caribbean","Caracas","-69.8371","9.08165","Not classified","IBRD"
"Venezuela, RB","VE","VEN",2002,"","2026-01-28",25435671,72.823,"Latin America & Caribbean","Caracas","-69.8371","9.08165","Not classified","IBRD"
"Venezuela, RB","VE","VEN",2003,"","2026-01-28",25892703,72.056,"Latin America & Caribbean","Caracas","-69.8371","9.08165","Not classified","IBRD"
"Venezuela, RB","VE","VEN",2004,"","2026-01-28",26340838,72.752,"Latin America & Caribbean","Caracas","-69.8371","9.08165","Not classified","IBRD"
"Venezuela, RB","VE","VEN",2005,"","2026-01-28",26785804,73.075,"Latin America & Caribbean","Caracas","-69.8371","9.08165","Not classified","IBRD"
"Venezuela, RB","VE","VEN",2006,"","2026-01-28",27224686,72.972,"Latin America & Caribbean","Caracas","-69.8371","9.08165","Not classified","IBRD"
"Venezuela, RB","VE","VEN",2007,"","2026-01-28",27649363,73.348,"Latin America & Caribbean","Caracas","-69.8371","9.08165","Not classified","IBRD"
"Venezuela, RB","VE","VEN",2008,"","2026-01-28",28053696,72.578,"Latin America & Caribbean","Caracas","-69.8371","9.08165","Not classified","IBRD"
"Venezuela, RB","VE","VEN",2009,"","2026-01-28",28438298,72.785,"Latin America & Caribbean","Caracas","-69.8371","9.08165","Not classified","IBRD"
"Venezuela, RB","VE","VEN",2010,"","2026-01-28",28813101,73.092,"Latin America & Caribbean","Caracas","-69.8371","9.08165","Not classified","IBRD"
"Venezuela, RB","VE","VEN",2011,"","2026-01-28",29185212,73.09,"Latin America & Caribbean","Caracas","-69.8371","9.08165","Not classified","IBRD"
"Venezuela, RB","VE","VEN",2012,"","2026-01-28",29553826,73.086,"Latin America & Caribbean","Caracas","-69.8371","9.08165","Not classified","IBRD"
"Venezuela, RB","VE","VEN",2013,"","2026-01-28",29912198,73.076,"Latin America & Caribbean","Caracas","-69.8371","9.08165","Not classified","IBRD"
"Venezuela, RB","VE","VEN",2014,"","2026-01-28",30254079,72.837,"Latin America & Caribbean","Caracas","-69.8371","9.08165","Not classified","IBRD"
"Venezuela, RB","VE","VEN",2015,"","2026-01-28",30573972,73.004,"Latin America & Caribbean","Caracas","-69.8371","9.08165","Not classified","IBRD"
"Venezuela, RB","VE","VEN",2016,"","2026-01-28",30765720,72.002,"Latin America & Caribbean","Caracas","-69.8371","9.08165","Not classified","IBRD"
"Venezuela, RB","VE","VEN",2017,"","2026-01-28",30565323,71.903,"Latin America & Caribbean","Caracas","-69.8371","9.08165","Not classified","IBRD"
"Venezuela, RB","VE","VEN",2018,"","2026-01-28",29807592,72.641,"Latin America & Caribbean","Caracas","-69.8371","9.08165","Not classified","IBRD"
"Venezuela, RB","VE","VEN",2019,"","2026-01-28",28938098,72.766,"Latin America & Caribbean","Caracas","-69.8371","9.08165","Not classified","IBRD"
"Venezuela, RB","VE","VEN",2020,"","2026-01-28",28444077,72.369,"Latin America & Caribbean","Caracas","-69.8371","9.08165","Not classified","IBRD"
"Venezuela, RB","VE","VEN",2021,"","2026-01-28",28237826,71.536,"Latin America & Caribbean","Caracas","-69.8371","9.08165","Not classified","IBRD"
"Venezuela, RB","VE","VEN",2022,"","2026-01-28",28213017,72.566,"Latin America & Caribbean","Caracas","-69.8371","9.08165","Not classified","IBRD"
"Venezuela, RB","VE","VEN",2023,"","2026-01-28",28300854,72.514,"Latin America & Caribbean","Caracas","-69.8371","9.08165","Not classified","IBRD"
"Venezuela, RB","VE","VEN",2024,"","2026-01-28",28405543,NA,"Latin America & Caribbean","Caracas","-69.8371","9.08165","Not classified","IBRD"
"Viet Nam","VN","VNM",2000,"","2026-01-28",77154011,72.746,"East Asia & Pacific","Hanoi","105.825","21.0069","Lower middle income","IBRD"
"Viet Nam","VN","VNM",2001,"","2026-01-28",77969361,72.984,"East Asia & Pacific","Hanoi","105.825","21.0069","Lower middle income","IBRD"
"Viet Nam","VN","VNM",2002,"","2026-01-28",78772224,73.138,"East Asia & Pacific","Hanoi","105.825","21.0069","Lower middle income","IBRD"
"Viet Nam","VN","VNM",2003,"","2026-01-28",79563777,73.236,"East Asia & Pacific","Hanoi","105.825","21.0069","Lower middle income","IBRD"
"Viet Nam","VN","VNM",2004,"","2026-01-28",80338971,73.062,"East Asia & Pacific","Hanoi","105.825","21.0069","Lower middle income","IBRD"
"Viet Nam","VN","VNM",2005,"","2026-01-28",81088313,73.198,"East Asia & Pacific","Hanoi","105.825","21.0069","Lower middle income","IBRD"
"Viet Nam","VN","VNM",2006,"","2026-01-28",82167897,73.293,"East Asia & Pacific","Hanoi","105.825","21.0069","Lower middle income","IBRD"
"Viet Nam","VN","VNM",2007,"","2026-01-28",83633375,73.385,"East Asia & Pacific","Hanoi","105.825","21.0069","Lower middle income","IBRD"
"Viet Nam","VN","VNM",2008,"","2026-01-28",85175788,73.455,"East Asia & Pacific","Hanoi","105.825","21.0069","Lower middle income","IBRD"
"Viet Nam","VN","VNM",2009,"","2026-01-28",86460018,73.525,"East Asia & Pacific","Hanoi","105.825","21.0069","Lower middle income","IBRD"
"Viet Nam","VN","VNM",2010,"","2026-01-28",87455152,73.611,"East Asia & Pacific","Hanoi","105.825","21.0069","Lower middle income","IBRD"
"Viet Nam","VN","VNM",2011,"","2026-01-28",88468314,73.713,"East Asia & Pacific","Hanoi","105.825","21.0069","Lower middle income","IBRD"
"Viet Nam","VN","VNM",2012,"","2026-01-28",89510356,73.762,"East Asia & Pacific","Hanoi","105.825","21.0069","Lower middle income","IBRD"
"Viet Nam","VN","VNM",2013,"","2026-01-28",90573104,73.821,"East Asia & Pacific","Hanoi","105.825","21.0069","Lower middle income","IBRD"
"Viet Nam","VN","VNM",2014,"","2026-01-28",91679578,73.886,"East Asia & Pacific","Hanoi","105.825","21.0069","Lower middle income","IBRD"
"Viet Nam","VN","VNM",2015,"","2026-01-28",92823254,73.955,"East Asia & Pacific","Hanoi","105.825","21.0069","Lower middle income","IBRD"
"Viet Nam","VN","VNM",2016,"","2026-01-28",94000117,73.984,"East Asia & Pacific","Hanoi","105.825","21.0069","Lower middle income","IBRD"
"Viet Nam","VN","VNM",2017,"","2026-01-28",95176977,74.026,"East Asia & Pacific","Hanoi","105.825","21.0069","Lower middle income","IBRD"
"Viet Nam","VN","VNM",2018,"","2026-01-28",96237319,74.1,"East Asia & Pacific","Hanoi","105.825","21.0069","Lower middle income","IBRD"
"Viet Nam","VN","VNM",2019,"","2026-01-28",97173776,74.211,"East Asia & Pacific","Hanoi","105.825","21.0069","Lower middle income","IBRD"
"Viet Nam","VN","VNM",2020,"","2026-01-28",98079191,75.383,"East Asia & Pacific","Hanoi","105.825","21.0069","Lower middle income","IBRD"
"Viet Nam","VN","VNM",2021,"","2026-01-28",98935098,74.145,"East Asia & Pacific","Hanoi","105.825","21.0069","Lower middle income","IBRD"
"Viet Nam","VN","VNM",2022,"","2026-01-28",99680655,74.502,"East Asia & Pacific","Hanoi","105.825","21.0069","Lower middle income","IBRD"
"Viet Nam","VN","VNM",2023,"","2026-01-28",100352192,74.588,"East Asia & Pacific","Hanoi","105.825","21.0069","Lower middle income","IBRD"
"Viet Nam","VN","VNM",2024,"","2026-01-28",100987686,NA,"East Asia & Pacific","Hanoi","105.825","21.0069","Lower middle income","IBRD"
"Virgin Islands (U.S.)","VI","VIR",2000,"","2026-01-28",108642,76.619512195122,"Latin America & Caribbean","Charlotte Amalie","-64.8963","18.3358","High income","Not classified"
"Virgin Islands (U.S.)","VI","VIR",2001,"","2026-01-28",108549,77.6219512195122,"Latin America & Caribbean","Charlotte Amalie","-64.8963","18.3358","High income","Not classified"
"Virgin Islands (U.S.)","VI","VIR",2002,"","2026-01-28",108509,77.5219512195122,"Latin America & Caribbean","Charlotte Amalie","-64.8963","18.3358","High income","Not classified"
"Virgin Islands (U.S.)","VI","VIR",2003,"","2026-01-28",108505,77.5219512195122,"Latin America & Caribbean","Charlotte Amalie","-64.8963","18.3358","High income","Not classified"
"Virgin Islands (U.S.)","VI","VIR",2004,"","2026-01-28",108466,77.7731707317073,"Latin America & Caribbean","Charlotte Amalie","-64.8963","18.3358","High income","Not classified"
"Virgin Islands (U.S.)","VI","VIR",2005,"","2026-01-28",108453,77.4219512195122,"Latin America & Caribbean","Charlotte Amalie","-64.8963","18.3358","High income","Not classified"
"Virgin Islands (U.S.)","VI","VIR",2006,"","2026-01-28",108369,78.3243902439024,"Latin America & Caribbean","Charlotte Amalie","-64.8963","18.3358","High income","Not classified"
"Virgin Islands (U.S.)","VI","VIR",2007,"","2026-01-28",108337,76.8634146341463,"Latin America & Caribbean","Charlotte Amalie","-64.8963","18.3358","High income","Not classified"
"Virgin Islands (U.S.)","VI","VIR",2008,"","2026-01-28",108397,77.1634146341463,"Latin America & Caribbean","Charlotte Amalie","-64.8963","18.3358","High income","Not classified"
"Virgin Islands (U.S.)","VI","VIR",2009,"","2026-01-28",108404,77.5146341463415,"Latin America & Caribbean","Charlotte Amalie","-64.8963","18.3358","High income","Not classified"
"Virgin Islands (U.S.)","VI","VIR",2010,"","2026-01-28",108357,77.8658536585366,"Latin America & Caribbean","Charlotte Amalie","-64.8963","18.3358","High income","Not classified"
"Virgin Islands (U.S.)","VI","VIR",2011,"","2026-01-28",108290,78.3170731707317,"Latin America & Caribbean","Charlotte Amalie","-64.8963","18.3358","High income","Not classified"
"Virgin Islands (U.S.)","VI","VIR",2012,"","2026-01-28",108188,78.5170731707317,"Latin America & Caribbean","Charlotte Amalie","-64.8963","18.3358","High income","Not classified"
"Virgin Islands (U.S.)","VI","VIR",2013,"","2026-01-28",108041,78.7170731707317,"Latin America & Caribbean","Charlotte Amalie","-64.8963","18.3358","High income","Not classified"
"Virgin Islands (U.S.)","VI","VIR",2014,"","2026-01-28",107882,78.8682926829268,"Latin America & Caribbean","Charlotte Amalie","-64.8963","18.3358","High income","Not classified"
"Virgin Islands (U.S.)","VI","VIR",2015,"","2026-01-28",107712,79.0170731707317,"Latin America & Caribbean","Charlotte Amalie","-64.8963","18.3358","High income","Not classified"
"Virgin Islands (U.S.)","VI","VIR",2016,"","2026-01-28",107516,79.1682926829268,"Latin America & Caribbean","Charlotte Amalie","-64.8963","18.3358","High income","Not classified"
"Virgin Islands (U.S.)","VI","VIR",2017,"","2026-01-28",107281,79.3682926829268,"Latin America & Caribbean","Charlotte Amalie","-64.8963","18.3358","High income","Not classified"
"Virgin Islands (U.S.)","VI","VIR",2018,"","2026-01-28",107001,79.5195121951219,"Latin America & Caribbean","Charlotte Amalie","-64.8963","18.3358","High income","Not classified"
"Virgin Islands (U.S.)","VI","VIR",2019,"","2026-01-28",106669,79.6682926829268,"Latin America & Caribbean","Charlotte Amalie","-64.8963","18.3358","High income","Not classified"
"Virgin Islands (U.S.)","VI","VIR",2020,"","2026-01-28",106290,79.819512195122,"Latin America & Caribbean","Charlotte Amalie","-64.8963","18.3358","High income","Not classified"
"Virgin Islands (U.S.)","VI","VIR",2021,"","2026-01-28",105870,80.0682926829268,"Latin America & Caribbean","Charlotte Amalie","-64.8963","18.3358","High income","Not classified"
"Virgin Islands (U.S.)","VI","VIR",2022,"","2026-01-28",105413,80.319512195122,"Latin America & Caribbean","Charlotte Amalie","-64.8963","18.3358","High income","Not classified"
"Virgin Islands (U.S.)","VI","VIR",2023,"","2026-01-28",104917,80.519512195122,"Latin America & Caribbean","Charlotte Amalie","-64.8963","18.3358","High income","Not classified"
"Virgin Islands (U.S.)","VI","VIR",2024,"","2026-01-28",104377,NA,"Latin America & Caribbean","Charlotte Amalie","-64.8963","18.3358","High income","Not classified"
"West Bank and Gaza","PS","PSE",2000,"","2026-01-28",2922153,70.298,"Middle East & North Africa","","","","Lower middle income","Not classified"
"West Bank and Gaza","PS","PSE",2001,"","2026-01-28",2997784,69.75,"Middle East & North Africa","","","","Lower middle income","Not classified"
"West Bank and Gaza","PS","PSE",2002,"","2026-01-28",3075373,70.88,"Middle East & North Africa","","","","Lower middle income","Not classified"
"West Bank and Gaza","PS","PSE",2003,"","2026-01-28",3154969,70.967,"Middle East & North Africa","","","","Lower middle income","Not classified"
"West Bank and Gaza","PS","PSE",2004,"","2026-01-28",3236626,71.094,"Middle East & North Africa","","","","Lower middle income","Not classified"
"West Bank and Gaza","PS","PSE",2005,"","2026-01-28",3320396,72.004,"Middle East & North Africa","","","","Lower middle income","Not classified"
"West Bank and Gaza","PS","PSE",2006,"","2026-01-28",3406334,71.831,"Middle East & North Africa","","","","Lower middle income","Not classified"
"West Bank and Gaza","PS","PSE",2007,"","2026-01-28",3494496,72.064,"Middle East & North Africa","","","","Lower middle income","Not classified"
"West Bank and Gaza","PS","PSE",2008,"","2026-01-28",3591977,72.204,"Middle East & North Africa","","","","Lower middle income","Not classified"
"West Bank and Gaza","PS","PSE",2009,"","2026-01-28",3689099,72.306,"Middle East & North Africa","","","","Lower middle income","Not classified"
"West Bank and Gaza","PS","PSE",2010,"","2026-01-28",3786161,73.302,"Middle East & North Africa","","","","Lower middle income","Not classified"
"West Bank and Gaza","PS","PSE",2011,"","2026-01-28",3882986,73.557,"Middle East & North Africa","","","","Lower middle income","Not classified"
"West Bank and Gaza","PS","PSE",2012,"","2026-01-28",3979998,73.722,"Middle East & North Africa","","","","Lower middle income","Not classified"
"West Bank and Gaza","PS","PSE",2013,"","2026-01-28",4076708,74.14,"Middle East & North Africa","","","","Lower middle income","Not classified"
"West Bank and Gaza","PS","PSE",2014,"","2026-01-28",4173398,72.781,"Middle East & North Africa","","","","Lower middle income","Not classified"
"West Bank and Gaza","PS","PSE",2015,"","2026-01-28",4270092,74.577,"Middle East & North Africa","","","","Lower middle income","Not classified"
"West Bank and Gaza","PS","PSE",2016,"","2026-01-28",4367088,74.917,"Middle East & North Africa","","","","Lower middle income","Not classified"
"West Bank and Gaza","PS","PSE",2017,"","2026-01-28",4454805,75.216,"Middle East & North Africa","","","","Lower middle income","Not classified"
"West Bank and Gaza","PS","PSE",2018,"","2026-01-28",4569087,75.38,"Middle East & North Africa","","","","Lower middle income","Not classified"
"West Bank and Gaza","PS","PSE",2019,"","2026-01-28",4685306,75.811,"Middle East & North Africa","","","","Lower middle income","Not classified"
"West Bank and Gaza","PS","PSE",2020,"","2026-01-28",4803269,74.998,"Middle East & North Africa","","","","Lower middle income","Not classified"
"West Bank and Gaza","PS","PSE",2021,"","2026-01-28",4922749,73.89,"Middle East & North Africa","","","","Lower middle income","Not classified"
"West Bank and Gaza","PS","PSE",2022,"","2026-01-28",5043612,76.662,"Middle East & North Africa","","","","Lower middle income","Not classified"
"West Bank and Gaza","PS","PSE",2023,"","2026-01-28",5165775,65.17,"Middle East & North Africa","","","","Lower middle income","Not classified"
"West Bank and Gaza","PS","PSE",2024,"","2026-01-28",5289152,NA,"Middle East & North Africa","","","","Lower middle income","Not classified"
"World","1W","WLD",2000,"","2026-01-28",6161884811,67.6497257264509,"Aggregates","","","","Aggregates","Aggregates"
"World","1W","WLD",2001,"","2026-01-28",6245112906,67.9443984335696,"Aggregates","","","","Aggregates","Aggregates"
"World","1W","WLD",2002,"","2026-01-28",6327557399,68.2305637045849,"Aggregates","","","","Aggregates","Aggregates"
"World","1W","WLD",2003,"","2026-01-28",6409750441,68.5149610664907,"Aggregates","","","","Aggregates","Aggregates"
"World","1W","WLD",2004,"","2026-01-28",6492769815,68.7702524523832,"Aggregates","","","","Aggregates","Aggregates"
"World","1W","WLD",2005,"","2026-01-28",6575841506,69.1105758161451,"Aggregates","","","","Aggregates","Aggregates"
"World","1W","WLD",2006,"","2026-01-28",6659977025,69.4681165505109,"Aggregates","","","","Aggregates","Aggregates"
"World","1W","WLD",2007,"","2026-01-28",6744489399,69.8040978740415,"Aggregates","","","","Aggregates","Aggregates"
"World","1W","WLD",2008,"","2026-01-28",6830513541,70.0034739280642,"Aggregates","","","","Aggregates","Aggregates"
"World","1W","WLD",2009,"","2026-01-28",6916589116,70.3795251115457,"Aggregates","","","","Aggregates","Aggregates"
"World","1W","WLD",2010,"","2026-01-28",7001266876,70.6818433466142,"Aggregates","","","","Aggregates","Aggregates"
"World","1W","WLD",2011,"","2026-01-28",7087120034,70.9680134853525,"Aggregates","","","","Aggregates","Aggregates"
"World","1W","WLD",2012,"","2026-01-28",7176929184,71.2637168591001,"Aggregates","","","","Aggregates","Aggregates"
"World","1W","WLD",2013,"","2026-01-28",7265892332,71.5326006637734,"Aggregates","","","","Aggregates","Aggregates"
"World","1W","WLD",2014,"","2026-01-28",7354068030,71.7754456060807,"Aggregates","","","","Aggregates","Aggregates"
"World","1W","WLD",2015,"","2026-01-28",7441677465,71.9646261474589,"Aggregates","","","","Aggregates","Aggregates"
"World","1W","WLD",2016,"","2026-01-28",7528879985,72.1847345079995,"Aggregates","","","","Aggregates","Aggregates"
"World","1W","WLD",2017,"","2026-01-28",7614523410,72.3651515431591,"Aggregates","","","","Aggregates","Aggregates"
"World","1W","WLD",2018,"","2026-01-28",7697233736,72.6433904952398,"Aggregates","","","","Aggregates","Aggregates"
"World","1W","WLD",2019,"","2026-01-28",7778008621,72.8686568501624,"Aggregates","","","","Aggregates","Aggregates"
"World","1W","WLD",2020,"","2026-01-28",7854748424,72.1819792006819,"Aggregates","","","","Aggregates","Aggregates"
"World","1W","WLD",2021,"","2026-01-28",7920514854,71.2152192461602,"Aggregates","","","","Aggregates","Aggregates"
"World","1W","WLD",2022,"","2026-01-28",7989545217,72.9682902550636,"Aggregates","","","","Aggregates","Aggregates"
"World","1W","WLD",2023,"","2026-01-28",8064057930,73.3289501544845,"Aggregates","","","","Aggregates","Aggregates"
"World","1W","WLD",2024,"","2026-01-28",8141808945,NA,"Aggregates","","","","Aggregates","Aggregates"
"Yemen, Rep.","YE","YEM",2000,"","2026-01-28",19624141,62.761,"Middle East & North Africa","Sana'a","44.2075","15.352","Low income","IDA"
"Yemen, Rep.","YE","YEM",2001,"","2026-01-28",20226147,63.286,"Middle East & North Africa","Sana'a","44.2075","15.352","Low income","IDA"
"Yemen, Rep.","YE","YEM",2002,"","2026-01-28",20835086,63.807,"Middle East & North Africa","Sana'a","44.2075","15.352","Low income","IDA"
"Yemen, Rep.","YE","YEM",2003,"","2026-01-28",21456379,64.407,"Middle East & North Africa","Sana'a","44.2075","15.352","Low income","IDA"
"Yemen, Rep.","YE","YEM",2004,"","2026-01-28",22095167,64.881,"Middle East & North Africa","Sana'a","44.2075","15.352","Low income","IDA"
"Yemen, Rep.","YE","YEM",2005,"","2026-01-28",22790085,65.356,"Middle East & North Africa","Sana'a","44.2075","15.352","Low income","IDA"
"Yemen, Rep.","YE","YEM",2006,"","2026-01-28",23543083,65.8,"Middle East & North Africa","Sana'a","44.2075","15.352","Low income","IDA"
"Yemen, Rep.","YE","YEM",2007,"","2026-01-28",24318082,66.23,"Middle East & North Africa","Sana'a","44.2075","15.352","Low income","IDA"
"Yemen, Rep.","YE","YEM",2008,"","2026-01-28",25111941,66.609,"Middle East & North Africa","Sana'a","44.2075","15.352","Low income","IDA"
"Yemen, Rep.","YE","YEM",2009,"","2026-01-28",25927724,66.905,"Middle East & North Africa","Sana'a","44.2075","15.352","Low income","IDA"
"Yemen, Rep.","YE","YEM",2010,"","2026-01-28",26754387,67.223,"Middle East & North Africa","Sana'a","44.2075","15.352","Low income","IDA"
"Yemen, Rep.","YE","YEM",2011,"","2026-01-28",27582897,67.412,"Middle East & North Africa","Sana'a","44.2075","15.352","Low income","IDA"
"Yemen, Rep.","YE","YEM",2012,"","2026-01-28",28433647,67.569,"Middle East & North Africa","Sana'a","44.2075","15.352","Low income","IDA"
"Yemen, Rep.","YE","YEM",2013,"","2026-01-28",29312952,67.961,"Middle East & North Africa","Sana'a","44.2075","15.352","Low income","IDA"
"Yemen, Rep.","YE","YEM",2014,"","2026-01-28",30226309,68.003,"Middle East & North Africa","Sana'a","44.2075","15.352","Low income","IDA"
"Yemen, Rep.","YE","YEM",2015,"","2026-01-28",31159379,66.761,"Middle East & North Africa","Sana'a","44.2075","15.352","Low income","IDA"
"Yemen, Rep.","YE","YEM",2016,"","2026-01-28",32109010,67.105,"Middle East & North Africa","Sana'a","44.2075","15.352","Low income","IDA"
"Yemen, Rep.","YE","YEM",2017,"","2026-01-28",33090921,67.12,"Middle East & North Africa","Sana'a","44.2075","15.352","Low income","IDA"
"Yemen, Rep.","YE","YEM",2018,"","2026-01-28",34085182,65.915,"Middle East & North Africa","Sana'a","44.2075","15.352","Low income","IDA"
"Yemen, Rep.","YE","YEM",2019,"","2026-01-28",35111408,66.567,"Middle East & North Africa","Sana'a","44.2075","15.352","Low income","IDA"
"Yemen, Rep.","YE","YEM",2020,"","2026-01-28",36134863,66.435,"Middle East & North Africa","Sana'a","44.2075","15.352","Low income","IDA"
"Yemen, Rep.","YE","YEM",2021,"","2026-01-28",37140230,66.019,"Middle East & North Africa","Sana'a","44.2075","15.352","Low income","IDA"
"Yemen, Rep.","YE","YEM",2022,"","2026-01-28",38222876,67.952,"Middle East & North Africa","Sana'a","44.2075","15.352","Low income","IDA"
"Yemen, Rep.","YE","YEM",2023,"","2026-01-28",39390799,69.295,"Middle East & North Africa","Sana'a","44.2075","15.352","Low income","IDA"
"Yemen, Rep.","YE","YEM",2024,"","2026-01-28",40583164,NA,"Middle East & North Africa","Sana'a","44.2075","15.352","Low income","IDA"
"Zambia","ZM","ZMB",2000,"","2026-01-28",10017631,46.577,"Sub-Saharan Africa","Lusaka","28.2937","-15.3982","Lower middle income","IDA"
"Zambia","ZM","ZMB",2001,"","2026-01-28",10325185,47.408,"Sub-Saharan Africa","Lusaka","28.2937","-15.3982","Lower middle income","IDA"
"Zambia","ZM","ZMB",2002,"","2026-01-28",10647949,48.461,"Sub-Saharan Africa","Lusaka","28.2937","-15.3982","Lower middle income","IDA"
"Zambia","ZM","ZMB",2003,"","2026-01-28",10983595,49.616,"Sub-Saharan Africa","Lusaka","28.2937","-15.3982","Lower middle income","IDA"
"Zambia","ZM","ZMB",2004,"","2026-01-28",11338198,50.54,"Sub-Saharan Africa","Lusaka","28.2937","-15.3982","Lower middle income","IDA"
"Zambia","ZM","ZMB",2005,"","2026-01-28",11718819,51.615,"Sub-Saharan Africa","Lusaka","28.2937","-15.3982","Lower middle income","IDA"
"Zambia","ZM","ZMB",2006,"","2026-01-28",12129553,52.693,"Sub-Saharan Africa","Lusaka","28.2937","-15.3982","Lower middle income","IDA"
"Zambia","ZM","ZMB",2007,"","2026-01-28",12565085,53.73,"Sub-Saharan Africa","Lusaka","28.2937","-15.3982","Lower middle income","IDA"
"Zambia","ZM","ZMB",2008,"","2026-01-28",13021324,54.835,"Sub-Saharan Africa","Lusaka","28.2937","-15.3982","Lower middle income","IDA"
"Zambia","ZM","ZMB",2009,"","2026-01-28",13490389,55.886,"Sub-Saharan Africa","Lusaka","28.2937","-15.3982","Lower middle income","IDA"
"Zambia","ZM","ZMB",2010,"","2026-01-28",13965594,56.896,"Sub-Saharan Africa","Lusaka","28.2937","-15.3982","Lower middle income","IDA"
"Zambia","ZM","ZMB",2011,"","2026-01-28",14437796,57.843,"Sub-Saharan Africa","Lusaka","28.2937","-15.3982","Lower middle income","IDA"
"Zambia","ZM","ZMB",2012,"","2026-01-28",14913629,58.704,"Sub-Saharan Africa","Lusaka","28.2937","-15.3982","Lower middle income","IDA"
"Zambia","ZM","ZMB",2013,"","2026-01-28",15398997,59.445,"Sub-Saharan Africa","Lusaka","28.2937","-15.3982","Lower middle income","IDA"
"Zambia","ZM","ZMB",2014,"","2026-01-28",15895315,60.109,"Sub-Saharan Africa","Lusaka","28.2937","-15.3982","Lower middle income","IDA"
"Zambia","ZM","ZMB",2015,"","2026-01-28",16399089,60.728,"Sub-Saharan Africa","Lusaka","28.2937","-15.3982","Lower middle income","IDA"
"Zambia","ZM","ZMB",2016,"","2026-01-28",16914423,61.129,"Sub-Saharan Africa","Lusaka","28.2937","-15.3982","Lower middle income","IDA"
"Zambia","ZM","ZMB",2017,"","2026-01-28",17441320,61.564,"Sub-Saharan Africa","Lusaka","28.2937","-15.3982","Lower middle income","IDA"
"Zambia","ZM","ZMB",2018,"","2026-01-28",17973569,62.138,"Sub-Saharan Africa","Lusaka","28.2937","-15.3982","Lower middle income","IDA"
"Zambia","ZM","ZMB",2019,"","2026-01-28",18513839,62.914,"Sub-Saharan Africa","Lusaka","28.2937","-15.3982","Lower middle income","IDA"
"Zambia","ZM","ZMB",2020,"","2026-01-28",19059395,63.361,"Sub-Saharan Africa","Lusaka","28.2937","-15.3982","Lower middle income","IDA"
"Zambia","ZM","ZMB",2021,"","2026-01-28",19603607,62.363,"Sub-Saharan Africa","Lusaka","28.2937","-15.3982","Lower middle income","IDA"
"Zambia","ZM","ZMB",2022,"","2026-01-28",20152938,65.279,"Sub-Saharan Africa","Lusaka","28.2937","-15.3982","Lower middle income","IDA"
"Zambia","ZM","ZMB",2023,"","2026-01-28",20723965,66.349,"Sub-Saharan Africa","Lusaka","28.2937","-15.3982","Lower middle income","IDA"
"Zambia","ZM","ZMB",2024,"","2026-01-28",21314956,NA,"Sub-Saharan Africa","Lusaka","28.2937","-15.3982","Lower middle income","IDA"
"Zimbabwe","ZW","ZWE",2000,"","2026-01-28",11892055,46.034,"Sub-Saharan Africa","Harare","31.0672","-17.8312","Lower middle income","Blend"
"Zimbabwe","ZW","ZWE",2001,"","2026-01-28",11971901,44.525,"Sub-Saharan Africa","Harare","31.0672","-17.8312","Lower middle income","Blend"
"Zimbabwe","ZW","ZWE",2002,"","2026-01-28",12087653,45.938,"Sub-Saharan Africa","Harare","31.0672","-17.8312","Lower middle income","Blend"
"Zimbabwe","ZW","ZWE",2003,"","2026-01-28",12232323,45.373,"Sub-Saharan Africa","Harare","31.0672","-17.8312","Lower middle income","Blend"
"Zimbabwe","ZW","ZWE",2004,"","2026-01-28",12365896,46.043,"Sub-Saharan Africa","Harare","31.0672","-17.8312","Lower middle income","Blend"
"Zimbabwe","ZW","ZWE",2005,"","2026-01-28",12483432,46.57,"Sub-Saharan Africa","Harare","31.0672","-17.8312","Lower middle income","Blend"
"Zimbabwe","ZW","ZWE",2006,"","2026-01-28",12636445,47.056,"Sub-Saharan Africa","Harare","31.0672","-17.8312","Lower middle income","Blend"
"Zimbabwe","ZW","ZWE",2007,"","2026-01-28",12804058,47.576,"Sub-Saharan Africa","Harare","31.0672","-17.8312","Lower middle income","Blend"
"Zimbabwe","ZW","ZWE",2008,"","2026-01-28",12959149,48.456,"Sub-Saharan Africa","Harare","31.0672","-17.8312","Lower middle income","Blend"
"Zimbabwe","ZW","ZWE",2009,"","2026-01-28",13142790,49.75,"Sub-Saharan Africa","Harare","31.0672","-17.8312","Lower middle income","Blend"
"Zimbabwe","ZW","ZWE",2010,"","2026-01-28",13356548,51.925,"Sub-Saharan Africa","Harare","31.0672","-17.8312","Lower middle income","Blend"
"Zimbabwe","ZW","ZWE",2011,"","2026-01-28",13595424,53.911,"Sub-Saharan Africa","Harare","31.0672","-17.8312","Lower middle income","Blend"
"Zimbabwe","ZW","ZWE",2012,"","2026-01-28",13817887,55.386,"Sub-Saharan Africa","Harare","31.0672","-17.8312","Lower middle income","Blend"
"Zimbabwe","ZW","ZWE",2013,"","2026-01-28",14013808,56.842,"Sub-Saharan Africa","Harare","31.0672","-17.8312","Lower middle income","Blend"
"Zimbabwe","ZW","ZWE",2014,"","2026-01-28",14207359,58.106,"Sub-Saharan Africa","Harare","31.0672","-17.8312","Lower middle income","Blend"
"Zimbabwe","ZW","ZWE",2015,"","2026-01-28",14399013,58.989,"Sub-Saharan Africa","Harare","31.0672","-17.8312","Lower middle income","Blend"
"Zimbabwe","ZW","ZWE",2016,"","2026-01-28",14600294,59.76,"Sub-Saharan Africa","Harare","31.0672","-17.8312","Lower middle income","Blend"
"Zimbabwe","ZW","ZWE",2017,"","2026-01-28",14812482,60.263,"Sub-Saharan Africa","Harare","31.0672","-17.8312","Lower middle income","Blend"
"Zimbabwe","ZW","ZWE",2018,"","2026-01-28",15034452,60.906,"Sub-Saharan Africa","Harare","31.0672","-17.8312","Lower middle income","Blend"
"Zimbabwe","ZW","ZWE",2019,"","2026-01-28",15271368,61.06,"Sub-Saharan Africa","Harare","31.0672","-17.8312","Lower middle income","Blend"
"Zimbabwe","ZW","ZWE",2020,"","2026-01-28",15526888,61.53,"Sub-Saharan Africa","Harare","31.0672","-17.8312","Lower middle income","Blend"
"Zimbabwe","ZW","ZWE",2021,"","2026-01-28",15797210,60.135,"Sub-Saharan Africa","Harare","31.0672","-17.8312","Lower middle income","Blend"
"Zimbabwe","ZW","ZWE",2022,"","2026-01-28",16069056,62.36,"Sub-Saharan Africa","Harare","31.0672","-17.8312","Lower middle income","Blend"
"Zimbabwe","ZW","ZWE",2023,"","2026-01-28",16340822,62.775,"Sub-Saharan Africa","Harare","31.0672","-17.8312","Lower middle income","Blend"
"Zimbabwe","ZW","ZWE",2024,"","2026-01-28",16634373,NA,"Sub-Saharan Africa","Harare","31.0672","-17.8312","Lower middle income","Blend"
